[2026-05-02 00:02:55.279] [DEBUG] [] []: ==》/webapi/user/paging -> into PreRequestContextFilter.
[2026-05-02 00:02:55.279] [DEBUG] [] []: ==》/webapi/user/paging -> into PreRequestContextFilter.
[2026-05-02 00:02:55.279] [DEBUG] [] []: ==》/webapi/auth/current -> into PreRequestContextFilter.
[2026-05-02 00:02:55.279] [DEBUG] [] [d605c94bcd4d4dfb8862bd6f4e5d4385]: 地址 /webapi/user/paging 进入过滤器
[2026-05-02 00:02:55.279] [DEBUG] [] [efa69aa3eac64a8f957fbe271c6244c4]: 地址 /webapi/auth/current 进入过滤器
[2026-05-02 00:02:55.289] [DEBUG] [] [7439d07a47bf461597d3569e354560c0]: 地址 /webapi/user/paging 进入过滤器
[2026-05-02 00:02:55.290] [DEBUG] [] [d605c94bcd4d4dfb8862bd6f4e5d4385]: ==>  Preparing: SELECT id,email,password_hash,nickname,birth_year,country_code,bio,avatar_url,stamps_balance,is_vip,vip_expire_at,status,staff_role,register_ip,last_login_at,created_at,created_by,updated_at,updated_by,del_flag FROM bu_user WHERE (del_flag = ?) ORDER BY created_at DESC
[2026-05-02 00:02:55.290] [DEBUG] [] [d605c94bcd4d4dfb8862bd6f4e5d4385]: ==> Parameters: false(Boolean)
[2026-05-02 00:02:55.292] [DEBUG] [] [d605c94bcd4d4dfb8862bd6f4e5d4385]: <==      Total: 1
[2026-05-02 00:02:55.292] [DEBUG] [] [efa69aa3eac64a8f957fbe271c6244c4]: ==>  Preparing: SELECT id,email,password_hash,nickname,birth_year,country_code,bio,avatar_url,stamps_balance,is_vip,vip_expire_at,status,staff_role,register_ip,last_login_at,created_at,created_by,updated_at,updated_by,del_flag FROM bu_user WHERE id=?
[2026-05-02 00:02:55.292] [DEBUG] [] [efa69aa3eac64a8f957fbe271c6244c4]: ==> Parameters: 1(Long)
[2026-05-02 00:02:55.292] [DEBUG] [] [d605c94bcd4d4dfb8862bd6f4e5d4385]: ===> Supports JSON Message Converter : true
[2026-05-02 00:02:55.292] [DEBUG] [] [d605c94bcd4d4dfb8862bd6f4e5d4385]: Using 'application/json', given [application/json, text/plain, */*] and supported [application/json, application/*+json]
[2026-05-02 00:02:55.292] [DEBUG] [] [d605c94bcd4d4dfb8862bd6f4e5d4385]: ===> Supports JSON Message Converter : true
[2026-05-02 00:02:55.293] [DEBUG] [] [d605c94bcd4d4dfb8862bd6f4e5d4385]: Writing [PageData(total=0, page=1, size=50, pages=0, records=[UserDTO(super=AbstractAuditableDTO(createdAt=20 (truncated)...]
[2026-05-02 00:02:55.293] [DEBUG] [] [d605c94bcd4d4dfb8862bd6f4e5d4385]: =========================================
[2026-05-02 00:02:55.293] [DEBUG] [] [d605c94bcd4d4dfb8862bd6f4e5d4385]: ===>> Output object : 

{
	"alg":"SALT_MD5",
	"code":200,
	"data":{
		"empty":false,
		"page":1,
		"pages":0,
		"recordCount":1,
		"records":[
			{
				"birthYear":1990,
				"createdAt":"2026-05-01 21:18:50",
				"createdBy":0,
				"delFlag":false,
				"email":"admin@staff.local",
				"id":1,
				"isVip":false,
				"lastLoginAt":"2026-05-01 21:45:13.229045",
				"nickname":"超级管理员",
				"passwordHash":"$2a$10$YTUeGZqQ/xrX1d9V26669ubXuH90MthjRxhXxJV5EldtWdFm0WQbS",
				"staffRole":1,
				"stampsBalance":0,
				"status":1,
				"updatedAt":"2026-05-01 21:45:13",
				"updatedBy":0
			}
		],
		"size":50,
		"total":0
	},
	"message":"OK",
	"success":true
} 
cn.nine.commons.data.page.PageData<cn.nine.pros.post.client.model.db.UserDTO>

[2026-05-02 00:02:55.293] [DEBUG] [] [d605c94bcd4d4dfb8862bd6f4e5d4385]: =========================================
[2026-05-02 00:02:55.293] [DEBUG] [] [efa69aa3eac64a8f957fbe271c6244c4]: <==      Total: 1
[2026-05-02 00:02:55.293] [DEBUG] [] [efa69aa3eac64a8f957fbe271c6244c4]: ===> Supports JSON Message Converter : true
[2026-05-02 00:02:55.293] [DEBUG] [] [7439d07a47bf461597d3569e354560c0]: ==>  Preparing: SELECT id,email,password_hash,nickname,birth_year,country_code,bio,avatar_url,stamps_balance,is_vip,vip_expire_at,status,staff_role,register_ip,last_login_at,created_at,created_by,updated_at,updated_by,del_flag FROM bu_user WHERE (del_flag = ?) ORDER BY created_at DESC
[2026-05-02 00:02:55.293] [DEBUG] [] [efa69aa3eac64a8f957fbe271c6244c4]: Using 'application/json', given [application/json, text/plain, */*] and supported [application/json, application/*+json]
[2026-05-02 00:02:55.293] [DEBUG] [] [efa69aa3eac64a8f957fbe271c6244c4]: ===> Supports JSON Message Converter : true
[2026-05-02 00:02:55.293] [DEBUG] [] [efa69aa3eac64a8f957fbe271c6244c4]: Writing [UserDTO(super=AbstractAuditableDTO(createdAt=2026-05-01T21:18:50.206341, createdBy=0, updatedAt=2026 (truncated)...]
[2026-05-02 00:02:55.293] [DEBUG] [] [7439d07a47bf461597d3569e354560c0]: ==> Parameters: false(Boolean)
[2026-05-02 00:02:55.293] [DEBUG] [] [efa69aa3eac64a8f957fbe271c6244c4]: =========================================
[2026-05-02 00:02:55.293] [DEBUG] [] [d605c94bcd4d4dfb8862bd6f4e5d4385]: ==> leave RequestContextHolder.
[2026-05-02 00:02:55.293] [DEBUG] [] [efa69aa3eac64a8f957fbe271c6244c4]: ===>> Output object : 

{
	"alg":"SALT_MD5",
	"code":200,
	"data":{
		"birthYear":1990,
		"createdAt":"2026-05-01 21:18:50",
		"createdBy":0,
		"delFlag":false,
		"email":"admin@staff.local",
		"id":1,
		"isVip":false,
		"lastLoginAt":"2026-05-01 21:45:13.229045",
		"nickname":"超级管理员",
		"staffRole":1,
		"stampsBalance":0,
		"status":1,
		"updatedAt":"2026-05-01 21:45:13",
		"updatedBy":0
	},
	"message":"OK",
	"success":true
} 
class cn.nine.pros.post.client.model.db.UserDTO

[2026-05-02 00:02:55.293] [DEBUG] [] [d605c94bcd4d4dfb8862bd6f4e5d4385]: ==> leave RequestContextHolder.
[2026-05-02 00:02:55.293] [DEBUG] [] [efa69aa3eac64a8f957fbe271c6244c4]: =========================================
[2026-05-02 00:02:55.294] [DEBUG] [] [efa69aa3eac64a8f957fbe271c6244c4]: ==> leave RequestContextHolder.
[2026-05-02 00:02:55.294] [DEBUG] [] [efa69aa3eac64a8f957fbe271c6244c4]: ==> leave RequestContextHolder.
[2026-05-02 00:02:55.294] [DEBUG] [] [7439d07a47bf461597d3569e354560c0]: <==      Total: 1
[2026-05-02 00:02:55.294] [DEBUG] [] [7439d07a47bf461597d3569e354560c0]: ===> Supports JSON Message Converter : true
[2026-05-02 00:02:55.294] [DEBUG] [] [7439d07a47bf461597d3569e354560c0]: Using 'application/json', given [application/json, text/plain, */*] and supported [application/json, application/*+json]
[2026-05-02 00:02:55.294] [DEBUG] [] [7439d07a47bf461597d3569e354560c0]: ===> Supports JSON Message Converter : true
[2026-05-02 00:02:55.294] [DEBUG] [] [7439d07a47bf461597d3569e354560c0]: Writing [PageData(total=0, page=1, size=50, pages=0, records=[UserDTO(super=AbstractAuditableDTO(createdAt=20 (truncated)...]
[2026-05-02 00:02:55.294] [DEBUG] [] [7439d07a47bf461597d3569e354560c0]: =========================================
[2026-05-02 00:02:55.294] [DEBUG] [] [7439d07a47bf461597d3569e354560c0]: ===>> Output object : 

{
	"alg":"SALT_MD5",
	"code":200,
	"data":{
		"empty":false,
		"page":1,
		"pages":0,
		"recordCount":1,
		"records":[
			{
				"birthYear":1990,
				"createdAt":"2026-05-01 21:18:50",
				"createdBy":0,
				"delFlag":false,
				"email":"admin@staff.local",
				"id":1,
				"isVip":false,
				"lastLoginAt":"2026-05-01 21:45:13.229045",
				"nickname":"超级管理员",
				"passwordHash":"$2a$10$YTUeGZqQ/xrX1d9V26669ubXuH90MthjRxhXxJV5EldtWdFm0WQbS",
				"staffRole":1,
				"stampsBalance":0,
				"status":1,
				"updatedAt":"2026-05-01 21:45:13",
				"updatedBy":0
			}
		],
		"size":50,
		"total":0
	},
	"message":"OK",
	"success":true
} 
cn.nine.commons.data.page.PageData<cn.nine.pros.post.client.model.db.UserDTO>

[2026-05-02 00:02:55.294] [DEBUG] [] [7439d07a47bf461597d3569e354560c0]: =========================================
[2026-05-02 00:02:55.296] [DEBUG] [] [7439d07a47bf461597d3569e354560c0]: ==> leave RequestContextHolder.
[2026-05-02 00:02:55.296] [DEBUG] [] [7439d07a47bf461597d3569e354560c0]: ==> leave RequestContextHolder.
[2026-05-02 00:02:55.297] [DEBUG] [] []: ==》/webapi/auth/current -> into PreRequestContextFilter.
[2026-05-02 00:02:55.298] [DEBUG] [] [be1a0844139541b8a8f41dbdd573feb8]: 地址 /webapi/auth/current 进入过滤器
[2026-05-02 00:02:55.300] [DEBUG] [] [be1a0844139541b8a8f41dbdd573feb8]: ==>  Preparing: SELECT id,email,password_hash,nickname,birth_year,country_code,bio,avatar_url,stamps_balance,is_vip,vip_expire_at,status,staff_role,register_ip,last_login_at,created_at,created_by,updated_at,updated_by,del_flag FROM bu_user WHERE id=?
[2026-05-02 00:02:55.300] [DEBUG] [] [be1a0844139541b8a8f41dbdd573feb8]: ==> Parameters: 1(Long)
[2026-05-02 00:02:55.301] [DEBUG] [] [be1a0844139541b8a8f41dbdd573feb8]: <==      Total: 1
[2026-05-02 00:02:55.302] [DEBUG] [] [be1a0844139541b8a8f41dbdd573feb8]: ===> Supports JSON Message Converter : true
[2026-05-02 00:02:55.302] [DEBUG] [] [be1a0844139541b8a8f41dbdd573feb8]: Using 'application/json', given [application/json, text/plain, */*] and supported [application/json, application/*+json]
[2026-05-02 00:02:55.302] [DEBUG] [] [be1a0844139541b8a8f41dbdd573feb8]: ===> Supports JSON Message Converter : true
[2026-05-02 00:02:55.302] [DEBUG] [] [be1a0844139541b8a8f41dbdd573feb8]: Writing [UserDTO(super=AbstractAuditableDTO(createdAt=2026-05-01T21:18:50.206341, createdBy=0, updatedAt=2026 (truncated)...]
[2026-05-02 00:02:55.302] [DEBUG] [] [be1a0844139541b8a8f41dbdd573feb8]: =========================================
[2026-05-02 00:02:55.302] [DEBUG] [] [be1a0844139541b8a8f41dbdd573feb8]: ===>> Output object : 

{
	"alg":"SALT_MD5",
	"code":200,
	"data":{
		"birthYear":1990,
		"createdAt":"2026-05-01 21:18:50",
		"createdBy":0,
		"delFlag":false,
		"email":"admin@staff.local",
		"id":1,
		"isVip":false,
		"lastLoginAt":"2026-05-01 21:45:13.229045",
		"nickname":"超级管理员",
		"staffRole":1,
		"stampsBalance":0,
		"status":1,
		"updatedAt":"2026-05-01 21:45:13",
		"updatedBy":0
	},
	"message":"OK",
	"success":true
} 
class cn.nine.pros.post.client.model.db.UserDTO

[2026-05-02 00:02:55.302] [DEBUG] [] [be1a0844139541b8a8f41dbdd573feb8]: =========================================
[2026-05-02 00:02:55.302] [DEBUG] [] [be1a0844139541b8a8f41dbdd573feb8]: ==> leave RequestContextHolder.
[2026-05-02 00:02:55.302] [DEBUG] [] [be1a0844139541b8a8f41dbdd573feb8]: ==> leave RequestContextHolder.
[2026-05-02 00:10:21.320] [DEBUG] [] []: ==》/webapi/user/paging -> into PreRequestContextFilter.
[2026-05-02 00:10:21.321] [DEBUG] [] [1cf023a3ea454779b25580b8cbda4014]: 地址 /webapi/user/paging 进入过滤器
[2026-05-02 00:10:21.321] [DEBUG] [] []: ==》/webapi/user/paging -> into PreRequestContextFilter.
[2026-05-02 00:10:21.321] [DEBUG] [] []: ==》/webapi/auth/current -> into PreRequestContextFilter.
[2026-05-02 00:10:21.321] [DEBUG] [] [1fcf146d62934beaae0036137745cdf2]: 地址 /webapi/user/paging 进入过滤器
[2026-05-02 00:10:21.321] [DEBUG] [] [c4477ca59406417ead683fbd8f2a7bc4]: 地址 /webapi/auth/current 进入过滤器
[2026-05-02 00:10:21.327] [DEBUG] [] [c4477ca59406417ead683fbd8f2a7bc4]: ==>  Preparing: SELECT id,email,password_hash,nickname,birth_year,country_code,bio,avatar_url,stamps_balance,is_vip,vip_expire_at,status,staff_role,register_ip,last_login_at,created_at,created_by,updated_at,updated_by,del_flag FROM bu_user WHERE id=?
[2026-05-02 00:10:21.329] [DEBUG] [] [c4477ca59406417ead683fbd8f2a7bc4]: ==> Parameters: 1(Long)
[2026-05-02 00:10:21.331] [DEBUG] [] [c4477ca59406417ead683fbd8f2a7bc4]: <==      Total: 1
[2026-05-02 00:10:21.331] [DEBUG] [] [c4477ca59406417ead683fbd8f2a7bc4]: ===> Supports JSON Message Converter : true
[2026-05-02 00:10:21.331] [DEBUG] [] [c4477ca59406417ead683fbd8f2a7bc4]: Using 'application/json', given [application/json, text/plain, */*] and supported [application/json, application/*+json]
[2026-05-02 00:10:21.331] [DEBUG] [] [c4477ca59406417ead683fbd8f2a7bc4]: ===> Supports JSON Message Converter : true
[2026-05-02 00:10:21.331] [DEBUG] [] [c4477ca59406417ead683fbd8f2a7bc4]: Writing [UserDTO(super=AbstractAuditableDTO(createdAt=2026-05-01T21:18:50.206341, createdBy=0, updatedAt=2026 (truncated)...]
[2026-05-02 00:10:21.331] [DEBUG] [] [c4477ca59406417ead683fbd8f2a7bc4]: =========================================
[2026-05-02 00:10:21.331] [DEBUG] [] [c4477ca59406417ead683fbd8f2a7bc4]: ===>> Output object : 

{
	"alg":"SALT_MD5",
	"code":200,
	"data":{
		"birthYear":1990,
		"createdAt":"2026-05-01 21:18:50",
		"createdBy":0,
		"delFlag":false,
		"email":"admin@staff.local",
		"id":1,
		"isVip":false,
		"lastLoginAt":"2026-05-01 21:45:13.229045",
		"nickname":"超级管理员",
		"staffRole":1,
		"stampsBalance":0,
		"status":1,
		"updatedAt":"2026-05-01 21:45:13",
		"updatedBy":0
	},
	"message":"OK",
	"success":true
} 
class cn.nine.pros.post.client.model.db.UserDTO

[2026-05-02 00:10:21.331] [DEBUG] [] [c4477ca59406417ead683fbd8f2a7bc4]: =========================================
[2026-05-02 00:10:21.332] [DEBUG] [] [c4477ca59406417ead683fbd8f2a7bc4]: ==> leave RequestContextHolder.
[2026-05-02 00:10:21.332] [DEBUG] [] [c4477ca59406417ead683fbd8f2a7bc4]: ==> leave RequestContextHolder.
[2026-05-02 00:10:21.332] [DEBUG] [] [1cf023a3ea454779b25580b8cbda4014]: ==>  Preparing: SELECT id,email,password_hash,nickname,birth_year,country_code,bio,avatar_url,stamps_balance,is_vip,vip_expire_at,status,staff_role,register_ip,last_login_at,created_at,created_by,updated_at,updated_by,del_flag FROM bu_user WHERE (del_flag = ?) ORDER BY created_at DESC
[2026-05-02 00:10:21.333] [DEBUG] [] [1cf023a3ea454779b25580b8cbda4014]: ==> Parameters: false(Boolean)
[2026-05-02 00:10:21.333] [DEBUG] [] [1cf023a3ea454779b25580b8cbda4014]: <==      Total: 1
[2026-05-02 00:10:21.333] [DEBUG] [] [1fcf146d62934beaae0036137745cdf2]: ==>  Preparing: SELECT id,email,password_hash,nickname,birth_year,country_code,bio,avatar_url,stamps_balance,is_vip,vip_expire_at,status,staff_role,register_ip,last_login_at,created_at,created_by,updated_at,updated_by,del_flag FROM bu_user WHERE (del_flag = ?) ORDER BY created_at DESC
[2026-05-02 00:10:21.333] [DEBUG] [] [1fcf146d62934beaae0036137745cdf2]: ==> Parameters: false(Boolean)
[2026-05-02 00:10:21.334] [DEBUG] [] [1cf023a3ea454779b25580b8cbda4014]: ===> Supports JSON Message Converter : true
[2026-05-02 00:10:21.334] [DEBUG] [] [1cf023a3ea454779b25580b8cbda4014]: Using 'application/json', given [application/json, text/plain, */*] and supported [application/json, application/*+json]
[2026-05-02 00:10:21.334] [DEBUG] [] [1cf023a3ea454779b25580b8cbda4014]: ===> Supports JSON Message Converter : true
[2026-05-02 00:10:21.334] [DEBUG] [] [1cf023a3ea454779b25580b8cbda4014]: Writing [PageData(total=0, page=1, size=50, pages=0, records=[UserDTO(super=AbstractAuditableDTO(createdAt=20 (truncated)...]
[2026-05-02 00:10:21.334] [DEBUG] [] [1cf023a3ea454779b25580b8cbda4014]: =========================================
[2026-05-02 00:10:21.334] [DEBUG] [] [1cf023a3ea454779b25580b8cbda4014]: ===>> Output object : 

{
	"alg":"SALT_MD5",
	"code":200,
	"data":{
		"empty":false,
		"page":1,
		"pages":0,
		"recordCount":1,
		"records":[
			{
				"birthYear":1990,
				"createdAt":"2026-05-01 21:18:50",
				"createdBy":0,
				"delFlag":false,
				"email":"admin@staff.local",
				"id":1,
				"isVip":false,
				"lastLoginAt":"2026-05-01 21:45:13.229045",
				"nickname":"超级管理员",
				"passwordHash":"$2a$10$YTUeGZqQ/xrX1d9V26669ubXuH90MthjRxhXxJV5EldtWdFm0WQbS",
				"staffRole":1,
				"stampsBalance":0,
				"status":1,
				"updatedAt":"2026-05-01 21:45:13",
				"updatedBy":0
			}
		],
		"size":50,
		"total":0
	},
	"message":"OK",
	"success":true
} 
cn.nine.commons.data.page.PageData<cn.nine.pros.post.client.model.db.UserDTO>

[2026-05-02 00:10:21.334] [DEBUG] [] [1cf023a3ea454779b25580b8cbda4014]: =========================================
[2026-05-02 00:10:21.334] [DEBUG] [] [1fcf146d62934beaae0036137745cdf2]: <==      Total: 1
[2026-05-02 00:10:21.335] [DEBUG] [] [1fcf146d62934beaae0036137745cdf2]: ===> Supports JSON Message Converter : true
[2026-05-02 00:10:21.335] [DEBUG] [] [1cf023a3ea454779b25580b8cbda4014]: ==> leave RequestContextHolder.
[2026-05-02 00:10:21.335] [DEBUG] [] [1cf023a3ea454779b25580b8cbda4014]: ==> leave RequestContextHolder.
[2026-05-02 00:10:21.335] [DEBUG] [] [1fcf146d62934beaae0036137745cdf2]: Using 'application/json', given [application/json, text/plain, */*] and supported [application/json, application/*+json]
[2026-05-02 00:10:21.335] [DEBUG] [] [1fcf146d62934beaae0036137745cdf2]: ===> Supports JSON Message Converter : true
[2026-05-02 00:10:21.335] [DEBUG] [] [1fcf146d62934beaae0036137745cdf2]: Writing [PageData(total=0, page=1, size=50, pages=0, records=[UserDTO(super=AbstractAuditableDTO(createdAt=20 (truncated)...]
[2026-05-02 00:10:21.335] [DEBUG] [] [1fcf146d62934beaae0036137745cdf2]: =========================================
[2026-05-02 00:10:21.335] [DEBUG] [] [1fcf146d62934beaae0036137745cdf2]: ===>> Output object : 

{
	"alg":"SALT_MD5",
	"code":200,
	"data":{
		"empty":false,
		"page":1,
		"pages":0,
		"recordCount":1,
		"records":[
			{
				"birthYear":1990,
				"createdAt":"2026-05-01 21:18:50",
				"createdBy":0,
				"delFlag":false,
				"email":"admin@staff.local",
				"id":1,
				"isVip":false,
				"lastLoginAt":"2026-05-01 21:45:13.229045",
				"nickname":"超级管理员",
				"passwordHash":"$2a$10$YTUeGZqQ/xrX1d9V26669ubXuH90MthjRxhXxJV5EldtWdFm0WQbS",
				"staffRole":1,
				"stampsBalance":0,
				"status":1,
				"updatedAt":"2026-05-01 21:45:13",
				"updatedBy":0
			}
		],
		"size":50,
		"total":0
	},
	"message":"OK",
	"success":true
} 
cn.nine.commons.data.page.PageData<cn.nine.pros.post.client.model.db.UserDTO>

[2026-05-02 00:10:21.335] [DEBUG] [] [1fcf146d62934beaae0036137745cdf2]: =========================================
[2026-05-02 00:10:21.335] [DEBUG] [] [1fcf146d62934beaae0036137745cdf2]: ==> leave RequestContextHolder.
[2026-05-02 00:10:21.336] [DEBUG] [] [1fcf146d62934beaae0036137745cdf2]: ==> leave RequestContextHolder.
[2026-05-02 00:10:21.351] [DEBUG] [] []: ==》/webapi/auth/current -> into PreRequestContextFilter.
[2026-05-02 00:10:21.353] [DEBUG] [] [1cb0a286fc4e4efdae02841fa2c5d2ea]: 地址 /webapi/auth/current 进入过滤器
[2026-05-02 00:10:21.354] [DEBUG] [] [1cb0a286fc4e4efdae02841fa2c5d2ea]: ==>  Preparing: SELECT id,email,password_hash,nickname,birth_year,country_code,bio,avatar_url,stamps_balance,is_vip,vip_expire_at,status,staff_role,register_ip,last_login_at,created_at,created_by,updated_at,updated_by,del_flag FROM bu_user WHERE id=?
[2026-05-02 00:10:21.354] [DEBUG] [] [1cb0a286fc4e4efdae02841fa2c5d2ea]: ==> Parameters: 1(Long)
[2026-05-02 00:10:21.354] [DEBUG] [] [1cb0a286fc4e4efdae02841fa2c5d2ea]: <==      Total: 1
[2026-05-02 00:10:21.354] [DEBUG] [] [1cb0a286fc4e4efdae02841fa2c5d2ea]: ===> Supports JSON Message Converter : true
[2026-05-02 00:10:21.354] [DEBUG] [] [1cb0a286fc4e4efdae02841fa2c5d2ea]: Using 'application/json', given [application/json, text/plain, */*] and supported [application/json, application/*+json]
[2026-05-02 00:10:21.354] [DEBUG] [] [1cb0a286fc4e4efdae02841fa2c5d2ea]: ===> Supports JSON Message Converter : true
[2026-05-02 00:10:21.356] [DEBUG] [] [1cb0a286fc4e4efdae02841fa2c5d2ea]: Writing [UserDTO(super=AbstractAuditableDTO(createdAt=2026-05-01T21:18:50.206341, createdBy=0, updatedAt=2026 (truncated)...]
[2026-05-02 00:10:21.356] [DEBUG] [] [1cb0a286fc4e4efdae02841fa2c5d2ea]: =========================================
[2026-05-02 00:10:21.356] [DEBUG] [] [1cb0a286fc4e4efdae02841fa2c5d2ea]: ===>> Output object : 

{
	"alg":"SALT_MD5",
	"code":200,
	"data":{
		"birthYear":1990,
		"createdAt":"2026-05-01 21:18:50",
		"createdBy":0,
		"delFlag":false,
		"email":"admin@staff.local",
		"id":1,
		"isVip":false,
		"lastLoginAt":"2026-05-01 21:45:13.229045",
		"nickname":"超级管理员",
		"staffRole":1,
		"stampsBalance":0,
		"status":1,
		"updatedAt":"2026-05-01 21:45:13",
		"updatedBy":0
	},
	"message":"OK",
	"success":true
} 
class cn.nine.pros.post.client.model.db.UserDTO

[2026-05-02 00:10:21.356] [DEBUG] [] [1cb0a286fc4e4efdae02841fa2c5d2ea]: =========================================
[2026-05-02 00:10:21.356] [DEBUG] [] [1cb0a286fc4e4efdae02841fa2c5d2ea]: ==> leave RequestContextHolder.
[2026-05-02 00:10:21.356] [DEBUG] [] [1cb0a286fc4e4efdae02841fa2c5d2ea]: ==> leave RequestContextHolder.
[2026-05-02 00:14:55.276] [DEBUG] [] []: ==》/webapi/user/paging -> into PreRequestContextFilter.
[2026-05-02 00:14:55.276] [DEBUG] [] []: ==》/webapi/user/paging -> into PreRequestContextFilter.
[2026-05-02 00:14:55.277] [DEBUG] [] [f5d2708b412a429393d19a911b32a50d]: 地址 /webapi/user/paging 进入过滤器
[2026-05-02 00:14:55.277] [DEBUG] [] [59c7f19637cd42abb02a1c9c74cb6e48]: 地址 /webapi/user/paging 进入过滤器
[2026-05-02 00:14:55.285] [DEBUG] [] [f5d2708b412a429393d19a911b32a50d]: ==>  Preparing: SELECT id,email,password_hash,nickname,birth_year,country_code,bio,avatar_url,stamps_balance,is_vip,vip_expire_at,status,staff_role,register_ip,last_login_at,created_at,created_by,updated_at,updated_by,del_flag FROM bu_user WHERE (del_flag = ?) ORDER BY created_at DESC
[2026-05-02 00:14:55.285] [DEBUG] [] [59c7f19637cd42abb02a1c9c74cb6e48]: ==>  Preparing: SELECT id,email,password_hash,nickname,birth_year,country_code,bio,avatar_url,stamps_balance,is_vip,vip_expire_at,status,staff_role,register_ip,last_login_at,created_at,created_by,updated_at,updated_by,del_flag FROM bu_user WHERE (del_flag = ?) ORDER BY created_at DESC
[2026-05-02 00:14:55.285] [DEBUG] [] [59c7f19637cd42abb02a1c9c74cb6e48]: ==> Parameters: false(Boolean)
[2026-05-02 00:14:55.285] [DEBUG] [] [f5d2708b412a429393d19a911b32a50d]: ==> Parameters: false(Boolean)
[2026-05-02 00:14:55.289] [DEBUG] [] [f5d2708b412a429393d19a911b32a50d]: <==      Total: 1
[2026-05-02 00:14:55.289] [DEBUG] [] [59c7f19637cd42abb02a1c9c74cb6e48]: <==      Total: 1
[2026-05-02 00:14:55.289] [DEBUG] [] [f5d2708b412a429393d19a911b32a50d]: ===> Supports JSON Message Converter : true
[2026-05-02 00:14:55.289] [DEBUG] [] [59c7f19637cd42abb02a1c9c74cb6e48]: ===> Supports JSON Message Converter : true
[2026-05-02 00:14:55.289] [DEBUG] [] [59c7f19637cd42abb02a1c9c74cb6e48]: Using 'application/json', given [application/json, text/plain, */*] and supported [application/json, application/*+json]
[2026-05-02 00:14:55.289] [DEBUG] [] [59c7f19637cd42abb02a1c9c74cb6e48]: ===> Supports JSON Message Converter : true
[2026-05-02 00:14:55.289] [DEBUG] [] [f5d2708b412a429393d19a911b32a50d]: Using 'application/json', given [application/json, text/plain, */*] and supported [application/json, application/*+json]
[2026-05-02 00:14:55.289] [DEBUG] [] [f5d2708b412a429393d19a911b32a50d]: ===> Supports JSON Message Converter : true
[2026-05-02 00:14:55.289] [DEBUG] [] [59c7f19637cd42abb02a1c9c74cb6e48]: Writing [PageData(total=0, page=1, size=50, pages=0, records=[UserDTO(super=AbstractAuditableDTO(createdAt=20 (truncated)...]
[2026-05-02 00:14:55.289] [DEBUG] [] [f5d2708b412a429393d19a911b32a50d]: Writing [PageData(total=0, page=1, size=50, pages=0, records=[UserDTO(super=AbstractAuditableDTO(createdAt=20 (truncated)...]
[2026-05-02 00:14:55.289] [DEBUG] [] [f5d2708b412a429393d19a911b32a50d]: =========================================
[2026-05-02 00:14:55.289] [DEBUG] [] [f5d2708b412a429393d19a911b32a50d]: ===>> Output object : 

{
	"alg":"SALT_MD5",
	"code":200,
	"data":{
		"empty":false,
		"page":1,
		"pages":0,
		"recordCount":1,
		"records":[
			{
				"birthYear":1990,
				"createdAt":"2026-05-01 21:18:50",
				"createdBy":0,
				"delFlag":false,
				"email":"admin@staff.local",
				"id":1,
				"isVip":false,
				"lastLoginAt":"2026-05-01 21:45:13.229045",
				"nickname":"超级管理员",
				"passwordHash":"$2a$10$YTUeGZqQ/xrX1d9V26669ubXuH90MthjRxhXxJV5EldtWdFm0WQbS",
				"staffRole":1,
				"stampsBalance":0,
				"status":1,
				"updatedAt":"2026-05-01 21:45:13",
				"updatedBy":0
			}
		],
		"size":50,
		"total":0
	},
	"message":"OK",
	"success":true
} 
cn.nine.commons.data.page.PageData<cn.nine.pros.post.client.model.db.UserDTO>

[2026-05-02 00:14:55.289] [DEBUG] [] [f5d2708b412a429393d19a911b32a50d]: =========================================
[2026-05-02 00:14:55.289] [DEBUG] [] [59c7f19637cd42abb02a1c9c74cb6e48]: =========================================
[2026-05-02 00:14:55.289] [DEBUG] [] [59c7f19637cd42abb02a1c9c74cb6e48]: ===>> Output object : 

{
	"alg":"SALT_MD5",
	"code":200,
	"data":{
		"empty":false,
		"page":1,
		"pages":0,
		"recordCount":1,
		"records":[
			{
				"birthYear":1990,
				"createdAt":"2026-05-01 21:18:50",
				"createdBy":0,
				"delFlag":false,
				"email":"admin@staff.local",
				"id":1,
				"isVip":false,
				"lastLoginAt":"2026-05-01 21:45:13.229045",
				"nickname":"超级管理员",
				"passwordHash":"$2a$10$YTUeGZqQ/xrX1d9V26669ubXuH90MthjRxhXxJV5EldtWdFm0WQbS",
				"staffRole":1,
				"stampsBalance":0,
				"status":1,
				"updatedAt":"2026-05-01 21:45:13",
				"updatedBy":0
			}
		],
		"size":50,
		"total":0
	},
	"message":"OK",
	"success":true
} 
cn.nine.commons.data.page.PageData<cn.nine.pros.post.client.model.db.UserDTO>

[2026-05-02 00:14:55.289] [DEBUG] [] [59c7f19637cd42abb02a1c9c74cb6e48]: =========================================
[2026-05-02 00:14:55.290] [DEBUG] [] [f5d2708b412a429393d19a911b32a50d]: ==> leave RequestContextHolder.
[2026-05-02 00:14:55.290] [DEBUG] [] [f5d2708b412a429393d19a911b32a50d]: ==> leave RequestContextHolder.
[2026-05-02 00:14:55.290] [DEBUG] [] [59c7f19637cd42abb02a1c9c74cb6e48]: ==> leave RequestContextHolder.
[2026-05-02 00:14:55.290] [DEBUG] [] [59c7f19637cd42abb02a1c9c74cb6e48]: ==> leave RequestContextHolder.
[2026-05-02 00:14:55.300] [DEBUG] [] []: ==》/webapi/auth/current -> into PreRequestContextFilter.
[2026-05-02 00:14:55.300] [DEBUG] [] [f59a0fa9dc1f4c538b94894fd6bba75a]: 地址 /webapi/auth/current 进入过滤器
[2026-05-02 00:14:55.302] [DEBUG] [] [f59a0fa9dc1f4c538b94894fd6bba75a]: ==>  Preparing: SELECT id,email,password_hash,nickname,birth_year,country_code,bio,avatar_url,stamps_balance,is_vip,vip_expire_at,status,staff_role,register_ip,last_login_at,created_at,created_by,updated_at,updated_by,del_flag FROM bu_user WHERE id=?
[2026-05-02 00:14:55.302] [DEBUG] [] [f59a0fa9dc1f4c538b94894fd6bba75a]: ==> Parameters: 1(Long)
[2026-05-02 00:14:55.302] [DEBUG] [] [f59a0fa9dc1f4c538b94894fd6bba75a]: <==      Total: 1
[2026-05-02 00:14:55.304] [DEBUG] [] [f59a0fa9dc1f4c538b94894fd6bba75a]: ===> Supports JSON Message Converter : true
[2026-05-02 00:14:55.304] [DEBUG] [] [f59a0fa9dc1f4c538b94894fd6bba75a]: Using 'application/json', given [application/json, text/plain, */*] and supported [application/json, application/*+json]
[2026-05-02 00:14:55.304] [DEBUG] [] [f59a0fa9dc1f4c538b94894fd6bba75a]: ===> Supports JSON Message Converter : true
[2026-05-02 00:14:55.304] [DEBUG] [] [f59a0fa9dc1f4c538b94894fd6bba75a]: Writing [UserDTO(super=AbstractAuditableDTO(createdAt=2026-05-01T21:18:50.206341, createdBy=0, updatedAt=2026 (truncated)...]
[2026-05-02 00:14:55.304] [DEBUG] [] [f59a0fa9dc1f4c538b94894fd6bba75a]: =========================================
[2026-05-02 00:14:55.304] [DEBUG] [] [f59a0fa9dc1f4c538b94894fd6bba75a]: ===>> Output object : 

{
	"alg":"SALT_MD5",
	"code":200,
	"data":{
		"birthYear":1990,
		"createdAt":"2026-05-01 21:18:50",
		"createdBy":0,
		"delFlag":false,
		"email":"admin@staff.local",
		"id":1,
		"isVip":false,
		"lastLoginAt":"2026-05-01 21:45:13.229045",
		"nickname":"超级管理员",
		"staffRole":1,
		"stampsBalance":0,
		"status":1,
		"updatedAt":"2026-05-01 21:45:13",
		"updatedBy":0
	},
	"message":"OK",
	"success":true
} 
class cn.nine.pros.post.client.model.db.UserDTO

[2026-05-02 00:14:55.304] [DEBUG] [] [f59a0fa9dc1f4c538b94894fd6bba75a]: =========================================
[2026-05-02 00:14:55.304] [DEBUG] [] [f59a0fa9dc1f4c538b94894fd6bba75a]: ==> leave RequestContextHolder.
[2026-05-02 00:14:55.304] [DEBUG] [] [f59a0fa9dc1f4c538b94894fd6bba75a]: ==> leave RequestContextHolder.
[2026-05-02 00:14:55.305] [DEBUG] [] []: ==》/webapi/auth/current -> into PreRequestContextFilter.
[2026-05-02 00:14:55.305] [DEBUG] [] [e5a536641dd444bcbad16d0181f23423]: 地址 /webapi/auth/current 进入过滤器
[2026-05-02 00:14:55.307] [DEBUG] [] [e5a536641dd444bcbad16d0181f23423]: ==>  Preparing: SELECT id,email,password_hash,nickname,birth_year,country_code,bio,avatar_url,stamps_balance,is_vip,vip_expire_at,status,staff_role,register_ip,last_login_at,created_at,created_by,updated_at,updated_by,del_flag FROM bu_user WHERE id=?
[2026-05-02 00:14:55.307] [DEBUG] [] [e5a536641dd444bcbad16d0181f23423]: ==> Parameters: 1(Long)
[2026-05-02 00:14:55.307] [DEBUG] [] [e5a536641dd444bcbad16d0181f23423]: <==      Total: 1
[2026-05-02 00:14:55.309] [DEBUG] [] [e5a536641dd444bcbad16d0181f23423]: ===> Supports JSON Message Converter : true
[2026-05-02 00:14:55.309] [DEBUG] [] [e5a536641dd444bcbad16d0181f23423]: Using 'application/json', given [application/json, text/plain, */*] and supported [application/json, application/*+json]
[2026-05-02 00:14:55.309] [DEBUG] [] [e5a536641dd444bcbad16d0181f23423]: ===> Supports JSON Message Converter : true
[2026-05-02 00:14:55.309] [DEBUG] [] [e5a536641dd444bcbad16d0181f23423]: Writing [UserDTO(super=AbstractAuditableDTO(createdAt=2026-05-01T21:18:50.206341, createdBy=0, updatedAt=2026 (truncated)...]
[2026-05-02 00:14:55.309] [DEBUG] [] [e5a536641dd444bcbad16d0181f23423]: =========================================
[2026-05-02 00:14:55.309] [DEBUG] [] [e5a536641dd444bcbad16d0181f23423]: ===>> Output object : 

{
	"alg":"SALT_MD5",
	"code":200,
	"data":{
		"birthYear":1990,
		"createdAt":"2026-05-01 21:18:50",
		"createdBy":0,
		"delFlag":false,
		"email":"admin@staff.local",
		"id":1,
		"isVip":false,
		"lastLoginAt":"2026-05-01 21:45:13.229045",
		"nickname":"超级管理员",
		"staffRole":1,
		"stampsBalance":0,
		"status":1,
		"updatedAt":"2026-05-01 21:45:13",
		"updatedBy":0
	},
	"message":"OK",
	"success":true
} 
class cn.nine.pros.post.client.model.db.UserDTO

[2026-05-02 00:14:55.309] [DEBUG] [] [e5a536641dd444bcbad16d0181f23423]: =========================================
[2026-05-02 00:14:55.309] [DEBUG] [] [e5a536641dd444bcbad16d0181f23423]: ==> leave RequestContextHolder.
[2026-05-02 00:14:55.309] [DEBUG] [] [e5a536641dd444bcbad16d0181f23423]: ==> leave RequestContextHolder.
[2026-05-02 00:20:21.268] [DEBUG] [] []: ==》/webapi/user/paging -> into PreRequestContextFilter.
[2026-05-02 00:20:21.268] [DEBUG] [] []: ==》/webapi/user/paging -> into PreRequestContextFilter.
[2026-05-02 00:20:21.268] [DEBUG] [] []: ==》/webapi/auth/current -> into PreRequestContextFilter.
[2026-05-02 00:20:21.268] [DEBUG] [] [0e8ee83409dd4ab5bc2796327df9012c]: 地址 /webapi/user/paging 进入过滤器
[2026-05-02 00:20:21.269] [DEBUG] [] [1f1d868303094e5183d3a842c62dcd83]: 地址 /webapi/auth/current 进入过滤器
[2026-05-02 00:20:21.279] [DEBUG] [] [968295c50f964cc191cb6b17cf3c6620]: 地址 /webapi/user/paging 进入过滤器
[2026-05-02 00:20:21.280] [DEBUG] [] [0e8ee83409dd4ab5bc2796327df9012c]: ==>  Preparing: SELECT id,email,password_hash,nickname,birth_year,country_code,bio,avatar_url,stamps_balance,is_vip,vip_expire_at,status,staff_role,register_ip,last_login_at,created_at,created_by,updated_at,updated_by,del_flag FROM bu_user WHERE (del_flag = ?) ORDER BY created_at DESC
[2026-05-02 00:20:21.280] [DEBUG] [] [1f1d868303094e5183d3a842c62dcd83]: ==>  Preparing: SELECT id,email,password_hash,nickname,birth_year,country_code,bio,avatar_url,stamps_balance,is_vip,vip_expire_at,status,staff_role,register_ip,last_login_at,created_at,created_by,updated_at,updated_by,del_flag FROM bu_user WHERE id=?
[2026-05-02 00:20:21.280] [DEBUG] [] [0e8ee83409dd4ab5bc2796327df9012c]: ==> Parameters: false(Boolean)
[2026-05-02 00:20:21.280] [DEBUG] [] [1f1d868303094e5183d3a842c62dcd83]: ==> Parameters: 1(Long)
[2026-05-02 00:20:21.280] [DEBUG] [] [0e8ee83409dd4ab5bc2796327df9012c]: <==      Total: 1
[2026-05-02 00:20:21.282] [DEBUG] [] [1f1d868303094e5183d3a842c62dcd83]: <==      Total: 1
[2026-05-02 00:20:21.282] [DEBUG] [] [1f1d868303094e5183d3a842c62dcd83]: ===> Supports JSON Message Converter : true
[2026-05-02 00:20:21.282] [DEBUG] [] [0e8ee83409dd4ab5bc2796327df9012c]: ===> Supports JSON Message Converter : true
[2026-05-02 00:20:21.282] [DEBUG] [] [1f1d868303094e5183d3a842c62dcd83]: Using 'application/json', given [application/json, text/plain, */*] and supported [application/json, application/*+json]
[2026-05-02 00:20:21.282] [DEBUG] [] [0e8ee83409dd4ab5bc2796327df9012c]: Using 'application/json', given [application/json, text/plain, */*] and supported [application/json, application/*+json]
[2026-05-02 00:20:21.282] [DEBUG] [] [0e8ee83409dd4ab5bc2796327df9012c]: ===> Supports JSON Message Converter : true
[2026-05-02 00:20:21.282] [DEBUG] [] [1f1d868303094e5183d3a842c62dcd83]: ===> Supports JSON Message Converter : true
[2026-05-02 00:20:21.282] [DEBUG] [] [968295c50f964cc191cb6b17cf3c6620]: ==>  Preparing: SELECT id,email,password_hash,nickname,birth_year,country_code,bio,avatar_url,stamps_balance,is_vip,vip_expire_at,status,staff_role,register_ip,last_login_at,created_at,created_by,updated_at,updated_by,del_flag FROM bu_user WHERE (del_flag = ?) ORDER BY created_at DESC
[2026-05-02 00:20:21.282] [DEBUG] [] [1f1d868303094e5183d3a842c62dcd83]: Writing [UserDTO(super=AbstractAuditableDTO(createdAt=2026-05-01T21:18:50.206341, createdBy=0, updatedAt=2026 (truncated)...]
[2026-05-02 00:20:21.282] [DEBUG] [] [0e8ee83409dd4ab5bc2796327df9012c]: Writing [PageData(total=0, page=1, size=50, pages=0, records=[UserDTO(super=AbstractAuditableDTO(createdAt=20 (truncated)...]
[2026-05-02 00:20:21.282] [DEBUG] [] [968295c50f964cc191cb6b17cf3c6620]: ==> Parameters: false(Boolean)
[2026-05-02 00:20:21.282] [DEBUG] [] [0e8ee83409dd4ab5bc2796327df9012c]: =========================================
[2026-05-02 00:20:21.282] [DEBUG] [] [0e8ee83409dd4ab5bc2796327df9012c]: ===>> Output object : 

{
	"alg":"SALT_MD5",
	"code":200,
	"data":{
		"empty":false,
		"page":1,
		"pages":0,
		"recordCount":1,
		"records":[
			{
				"birthYear":1990,
				"createdAt":"2026-05-01 21:18:50",
				"createdBy":0,
				"delFlag":false,
				"email":"admin@staff.local",
				"id":1,
				"isVip":false,
				"lastLoginAt":"2026-05-01 21:45:13.229045",
				"nickname":"超级管理员",
				"passwordHash":"$2a$10$YTUeGZqQ/xrX1d9V26669ubXuH90MthjRxhXxJV5EldtWdFm0WQbS",
				"staffRole":1,
				"stampsBalance":0,
				"status":1,
				"updatedAt":"2026-05-01 21:45:13",
				"updatedBy":0
			}
		],
		"size":50,
		"total":0
	},
	"message":"OK",
	"success":true
} 
cn.nine.commons.data.page.PageData<cn.nine.pros.post.client.model.db.UserDTO>

[2026-05-02 00:20:21.282] [DEBUG] [] [0e8ee83409dd4ab5bc2796327df9012c]: =========================================
[2026-05-02 00:20:21.282] [DEBUG] [] [1f1d868303094e5183d3a842c62dcd83]: =========================================
[2026-05-02 00:20:21.282] [DEBUG] [] [1f1d868303094e5183d3a842c62dcd83]: ===>> Output object : 

{
	"alg":"SALT_MD5",
	"code":200,
	"data":{
		"birthYear":1990,
		"createdAt":"2026-05-01 21:18:50",
		"createdBy":0,
		"delFlag":false,
		"email":"admin@staff.local",
		"id":1,
		"isVip":false,
		"lastLoginAt":"2026-05-01 21:45:13.229045",
		"nickname":"超级管理员",
		"staffRole":1,
		"stampsBalance":0,
		"status":1,
		"updatedAt":"2026-05-01 21:45:13",
		"updatedBy":0
	},
	"message":"OK",
	"success":true
} 
class cn.nine.pros.post.client.model.db.UserDTO

[2026-05-02 00:20:21.282] [DEBUG] [] [1f1d868303094e5183d3a842c62dcd83]: =========================================
[2026-05-02 00:20:21.282] [DEBUG] [] [0e8ee83409dd4ab5bc2796327df9012c]: ==> leave RequestContextHolder.
[2026-05-02 00:20:21.282] [DEBUG] [] [1f1d868303094e5183d3a842c62dcd83]: ==> leave RequestContextHolder.
[2026-05-02 00:20:21.282] [DEBUG] [] [0e8ee83409dd4ab5bc2796327df9012c]: ==> leave RequestContextHolder.
[2026-05-02 00:20:21.282] [DEBUG] [] [1f1d868303094e5183d3a842c62dcd83]: ==> leave RequestContextHolder.
[2026-05-02 00:20:21.283] [DEBUG] [] [968295c50f964cc191cb6b17cf3c6620]: <==      Total: 1
[2026-05-02 00:20:21.283] [DEBUG] [] [968295c50f964cc191cb6b17cf3c6620]: ===> Supports JSON Message Converter : true
[2026-05-02 00:20:21.283] [DEBUG] [] [968295c50f964cc191cb6b17cf3c6620]: Using 'application/json', given [application/json, text/plain, */*] and supported [application/json, application/*+json]
[2026-05-02 00:20:21.283] [DEBUG] [] [968295c50f964cc191cb6b17cf3c6620]: ===> Supports JSON Message Converter : true
[2026-05-02 00:20:21.283] [DEBUG] [] [968295c50f964cc191cb6b17cf3c6620]: Writing [PageData(total=0, page=1, size=50, pages=0, records=[UserDTO(super=AbstractAuditableDTO(createdAt=20 (truncated)...]
[2026-05-02 00:20:21.283] [DEBUG] [] [968295c50f964cc191cb6b17cf3c6620]: =========================================
[2026-05-02 00:20:21.283] [DEBUG] [] [968295c50f964cc191cb6b17cf3c6620]: ===>> Output object : 

{
	"alg":"SALT_MD5",
	"code":200,
	"data":{
		"empty":false,
		"page":1,
		"pages":0,
		"recordCount":1,
		"records":[
			{
				"birthYear":1990,
				"createdAt":"2026-05-01 21:18:50",
				"createdBy":0,
				"delFlag":false,
				"email":"admin@staff.local",
				"id":1,
				"isVip":false,
				"lastLoginAt":"2026-05-01 21:45:13.229045",
				"nickname":"超级管理员",
				"passwordHash":"$2a$10$YTUeGZqQ/xrX1d9V26669ubXuH90MthjRxhXxJV5EldtWdFm0WQbS",
				"staffRole":1,
				"stampsBalance":0,
				"status":1,
				"updatedAt":"2026-05-01 21:45:13",
				"updatedBy":0
			}
		],
		"size":50,
		"total":0
	},
	"message":"OK",
	"success":true
} 
cn.nine.commons.data.page.PageData<cn.nine.pros.post.client.model.db.UserDTO>

[2026-05-02 00:20:21.283] [DEBUG] [] [968295c50f964cc191cb6b17cf3c6620]: =========================================
[2026-05-02 00:20:21.283] [DEBUG] [] [968295c50f964cc191cb6b17cf3c6620]: ==> leave RequestContextHolder.
[2026-05-02 00:20:21.283] [DEBUG] [] [968295c50f964cc191cb6b17cf3c6620]: ==> leave RequestContextHolder.
[2026-05-02 00:20:21.285] [DEBUG] [] []: ==》/webapi/auth/current -> into PreRequestContextFilter.
[2026-05-02 00:20:21.285] [DEBUG] [] [6c05728776e342d59f8adb4cee1def95]: 地址 /webapi/auth/current 进入过滤器
[2026-05-02 00:20:21.286] [DEBUG] [] [6c05728776e342d59f8adb4cee1def95]: ==>  Preparing: SELECT id,email,password_hash,nickname,birth_year,country_code,bio,avatar_url,stamps_balance,is_vip,vip_expire_at,status,staff_role,register_ip,last_login_at,created_at,created_by,updated_at,updated_by,del_flag FROM bu_user WHERE id=?
[2026-05-02 00:20:21.286] [DEBUG] [] [6c05728776e342d59f8adb4cee1def95]: ==> Parameters: 1(Long)
[2026-05-02 00:20:21.286] [DEBUG] [] [6c05728776e342d59f8adb4cee1def95]: <==      Total: 1
[2026-05-02 00:20:21.287] [DEBUG] [] [6c05728776e342d59f8adb4cee1def95]: ===> Supports JSON Message Converter : true
[2026-05-02 00:20:21.287] [DEBUG] [] [6c05728776e342d59f8adb4cee1def95]: Using 'application/json', given [application/json, text/plain, */*] and supported [application/json, application/*+json]
[2026-05-02 00:20:21.287] [DEBUG] [] [6c05728776e342d59f8adb4cee1def95]: ===> Supports JSON Message Converter : true
[2026-05-02 00:20:21.287] [DEBUG] [] [6c05728776e342d59f8adb4cee1def95]: Writing [UserDTO(super=AbstractAuditableDTO(createdAt=2026-05-01T21:18:50.206341, createdBy=0, updatedAt=2026 (truncated)...]
[2026-05-02 00:20:21.287] [DEBUG] [] [6c05728776e342d59f8adb4cee1def95]: =========================================
[2026-05-02 00:20:21.287] [DEBUG] [] [6c05728776e342d59f8adb4cee1def95]: ===>> Output object : 

{
	"alg":"SALT_MD5",
	"code":200,
	"data":{
		"birthYear":1990,
		"createdAt":"2026-05-01 21:18:50",
		"createdBy":0,
		"delFlag":false,
		"email":"admin@staff.local",
		"id":1,
		"isVip":false,
		"lastLoginAt":"2026-05-01 21:45:13.229045",
		"nickname":"超级管理员",
		"staffRole":1,
		"stampsBalance":0,
		"status":1,
		"updatedAt":"2026-05-01 21:45:13",
		"updatedBy":0
	},
	"message":"OK",
	"success":true
} 
class cn.nine.pros.post.client.model.db.UserDTO

[2026-05-02 00:20:21.287] [DEBUG] [] [6c05728776e342d59f8adb4cee1def95]: =========================================
[2026-05-02 00:20:21.288] [DEBUG] [] [6c05728776e342d59f8adb4cee1def95]: ==> leave RequestContextHolder.
[2026-05-02 00:20:21.288] [DEBUG] [] [6c05728776e342d59f8adb4cee1def95]: ==> leave RequestContextHolder.
[2026-05-02 00:24:55.268] [DEBUG] [] []: ==》/webapi/user/paging -> into PreRequestContextFilter.
[2026-05-02 00:24:55.268] [DEBUG] [] []: ==》/webapi/auth/current -> into PreRequestContextFilter.
[2026-05-02 00:24:55.270] [DEBUG] [] [8c36dd0cffa346a197436adaf2f078a7]: 地址 /webapi/auth/current 进入过滤器
[2026-05-02 00:24:55.270] [DEBUG] [] [4e64180f8ef049bc93b018552947463f]: 地址 /webapi/user/paging 进入过滤器
[2026-05-02 00:24:55.270] [DEBUG] [] []: ==》/webapi/user/paging -> into PreRequestContextFilter.
[2026-05-02 00:24:55.270] [DEBUG] [] [edd507f49eca4dc8a43a9911f230045d]: 地址 /webapi/user/paging 进入过滤器
[2026-05-02 00:24:55.276] [DEBUG] [] [8c36dd0cffa346a197436adaf2f078a7]: ==>  Preparing: SELECT id,email,password_hash,nickname,birth_year,country_code,bio,avatar_url,stamps_balance,is_vip,vip_expire_at,status,staff_role,register_ip,last_login_at,created_at,created_by,updated_at,updated_by,del_flag FROM bu_user WHERE id=?
[2026-05-02 00:24:55.276] [DEBUG] [] [edd507f49eca4dc8a43a9911f230045d]: ==>  Preparing: SELECT id,email,password_hash,nickname,birth_year,country_code,bio,avatar_url,stamps_balance,is_vip,vip_expire_at,status,staff_role,register_ip,last_login_at,created_at,created_by,updated_at,updated_by,del_flag FROM bu_user WHERE (del_flag = ?) ORDER BY created_at DESC
[2026-05-02 00:24:55.276] [DEBUG] [] [8c36dd0cffa346a197436adaf2f078a7]: ==> Parameters: 1(Long)
[2026-05-02 00:24:55.276] [DEBUG] [] [4e64180f8ef049bc93b018552947463f]: ==>  Preparing: SELECT id,email,password_hash,nickname,birth_year,country_code,bio,avatar_url,stamps_balance,is_vip,vip_expire_at,status,staff_role,register_ip,last_login_at,created_at,created_by,updated_at,updated_by,del_flag FROM bu_user WHERE (del_flag = ?) ORDER BY created_at DESC
[2026-05-02 00:24:55.276] [DEBUG] [] [edd507f49eca4dc8a43a9911f230045d]: ==> Parameters: false(Boolean)
[2026-05-02 00:24:55.277] [DEBUG] [] [4e64180f8ef049bc93b018552947463f]: ==> Parameters: false(Boolean)
[2026-05-02 00:24:55.277] [DEBUG] [] [8c36dd0cffa346a197436adaf2f078a7]: <==      Total: 1
[2026-05-02 00:24:55.277] [DEBUG] [] [8c36dd0cffa346a197436adaf2f078a7]: ===> Supports JSON Message Converter : true
[2026-05-02 00:24:55.278] [DEBUG] [] [8c36dd0cffa346a197436adaf2f078a7]: Using 'application/json', given [application/json, text/plain, */*] and supported [application/json, application/*+json]
[2026-05-02 00:24:55.278] [DEBUG] [] [8c36dd0cffa346a197436adaf2f078a7]: ===> Supports JSON Message Converter : true
[2026-05-02 00:24:55.278] [DEBUG] [] [8c36dd0cffa346a197436adaf2f078a7]: Writing [UserDTO(super=AbstractAuditableDTO(createdAt=2026-05-01T21:18:50.206341, createdBy=0, updatedAt=2026 (truncated)...]
[2026-05-02 00:24:55.278] [DEBUG] [] [edd507f49eca4dc8a43a9911f230045d]: <==      Total: 1
[2026-05-02 00:24:55.278] [DEBUG] [] [8c36dd0cffa346a197436adaf2f078a7]: =========================================
[2026-05-02 00:24:55.278] [DEBUG] [] [8c36dd0cffa346a197436adaf2f078a7]: ===>> Output object : 

{
	"alg":"SALT_MD5",
	"code":200,
	"data":{
		"birthYear":1990,
		"createdAt":"2026-05-01 21:18:50",
		"createdBy":0,
		"delFlag":false,
		"email":"admin@staff.local",
		"id":1,
		"isVip":false,
		"lastLoginAt":"2026-05-01 21:45:13.229045",
		"nickname":"超级管理员",
		"staffRole":1,
		"stampsBalance":0,
		"status":1,
		"updatedAt":"2026-05-01 21:45:13",
		"updatedBy":0
	},
	"message":"OK",
	"success":true
} 
class cn.nine.pros.post.client.model.db.UserDTO

[2026-05-02 00:24:55.278] [DEBUG] [] [8c36dd0cffa346a197436adaf2f078a7]: =========================================
[2026-05-02 00:24:55.278] [DEBUG] [] [edd507f49eca4dc8a43a9911f230045d]: ===> Supports JSON Message Converter : true
[2026-05-02 00:24:55.278] [DEBUG] [] [edd507f49eca4dc8a43a9911f230045d]: Using 'application/json', given [application/json, text/plain, */*] and supported [application/json, application/*+json]
[2026-05-02 00:24:55.279] [DEBUG] [] [edd507f49eca4dc8a43a9911f230045d]: ===> Supports JSON Message Converter : true
[2026-05-02 00:24:55.279] [DEBUG] [] [edd507f49eca4dc8a43a9911f230045d]: Writing [PageData(total=0, page=1, size=50, pages=0, records=[UserDTO(super=AbstractAuditableDTO(createdAt=20 (truncated)...]
[2026-05-02 00:24:55.279] [DEBUG] [] [edd507f49eca4dc8a43a9911f230045d]: =========================================
[2026-05-02 00:24:55.279] [DEBUG] [] [8c36dd0cffa346a197436adaf2f078a7]: ==> leave RequestContextHolder.
[2026-05-02 00:24:55.279] [DEBUG] [] [8c36dd0cffa346a197436adaf2f078a7]: ==> leave RequestContextHolder.
[2026-05-02 00:24:55.279] [DEBUG] [] [edd507f49eca4dc8a43a9911f230045d]: ===>> Output object : 

{
	"alg":"SALT_MD5",
	"code":200,
	"data":{
		"empty":false,
		"page":1,
		"pages":0,
		"recordCount":1,
		"records":[
			{
				"birthYear":1990,
				"createdAt":"2026-05-01 21:18:50",
				"createdBy":0,
				"delFlag":false,
				"email":"admin@staff.local",
				"id":1,
				"isVip":false,
				"lastLoginAt":"2026-05-01 21:45:13.229045",
				"nickname":"超级管理员",
				"passwordHash":"$2a$10$YTUeGZqQ/xrX1d9V26669ubXuH90MthjRxhXxJV5EldtWdFm0WQbS",
				"staffRole":1,
				"stampsBalance":0,
				"status":1,
				"updatedAt":"2026-05-01 21:45:13",
				"updatedBy":0
			}
		],
		"size":50,
		"total":0
	},
	"message":"OK",
	"success":true
} 
cn.nine.commons.data.page.PageData<cn.nine.pros.post.client.model.db.UserDTO>

[2026-05-02 00:24:55.279] [DEBUG] [] [edd507f49eca4dc8a43a9911f230045d]: =========================================
[2026-05-02 00:24:55.279] [DEBUG] [] [edd507f49eca4dc8a43a9911f230045d]: ==> leave RequestContextHolder.
[2026-05-02 00:24:55.279] [DEBUG] [] [edd507f49eca4dc8a43a9911f230045d]: ==> leave RequestContextHolder.
[2026-05-02 00:24:55.283] [DEBUG] [] [4e64180f8ef049bc93b018552947463f]: <==      Total: 1
[2026-05-02 00:24:55.284] [DEBUG] [] []: ==》/webapi/auth/current -> into PreRequestContextFilter.
[2026-05-02 00:24:55.284] [DEBUG] [] [4e64180f8ef049bc93b018552947463f]: ===> Supports JSON Message Converter : true
[2026-05-02 00:24:55.284] [DEBUG] [] [4e64180f8ef049bc93b018552947463f]: Using 'application/json', given [application/json, text/plain, */*] and supported [application/json, application/*+json]
[2026-05-02 00:24:55.284] [DEBUG] [] [4e64180f8ef049bc93b018552947463f]: ===> Supports JSON Message Converter : true
[2026-05-02 00:24:55.284] [DEBUG] [] [9e8ea486d41143ef93e21b5cfc4f6840]: 地址 /webapi/auth/current 进入过滤器
[2026-05-02 00:24:55.284] [DEBUG] [] [4e64180f8ef049bc93b018552947463f]: Writing [PageData(total=0, page=1, size=50, pages=0, records=[UserDTO(super=AbstractAuditableDTO(createdAt=20 (truncated)...]
[2026-05-02 00:24:55.284] [DEBUG] [] [4e64180f8ef049bc93b018552947463f]: =========================================
[2026-05-02 00:24:55.284] [DEBUG] [] [4e64180f8ef049bc93b018552947463f]: ===>> Output object : 

{
	"alg":"SALT_MD5",
	"code":200,
	"data":{
		"empty":false,
		"page":1,
		"pages":0,
		"recordCount":1,
		"records":[
			{
				"birthYear":1990,
				"createdAt":"2026-05-01 21:18:50",
				"createdBy":0,
				"delFlag":false,
				"email":"admin@staff.local",
				"id":1,
				"isVip":false,
				"lastLoginAt":"2026-05-01 21:45:13.229045",
				"nickname":"超级管理员",
				"passwordHash":"$2a$10$YTUeGZqQ/xrX1d9V26669ubXuH90MthjRxhXxJV5EldtWdFm0WQbS",
				"staffRole":1,
				"stampsBalance":0,
				"status":1,
				"updatedAt":"2026-05-01 21:45:13",
				"updatedBy":0
			}
		],
		"size":50,
		"total":0
	},
	"message":"OK",
	"success":true
} 
cn.nine.commons.data.page.PageData<cn.nine.pros.post.client.model.db.UserDTO>

[2026-05-02 00:24:55.284] [DEBUG] [] [4e64180f8ef049bc93b018552947463f]: =========================================
[2026-05-02 00:24:55.286] [DEBUG] [] [4e64180f8ef049bc93b018552947463f]: ==> leave RequestContextHolder.
[2026-05-02 00:24:55.286] [DEBUG] [] [4e64180f8ef049bc93b018552947463f]: ==> leave RequestContextHolder.
[2026-05-02 00:24:55.287] [DEBUG] [] [9e8ea486d41143ef93e21b5cfc4f6840]: ==>  Preparing: SELECT id,email,password_hash,nickname,birth_year,country_code,bio,avatar_url,stamps_balance,is_vip,vip_expire_at,status,staff_role,register_ip,last_login_at,created_at,created_by,updated_at,updated_by,del_flag FROM bu_user WHERE id=?
[2026-05-02 00:24:55.287] [DEBUG] [] [9e8ea486d41143ef93e21b5cfc4f6840]: ==> Parameters: 1(Long)
[2026-05-02 00:24:55.288] [DEBUG] [] [9e8ea486d41143ef93e21b5cfc4f6840]: <==      Total: 1
[2026-05-02 00:24:55.288] [DEBUG] [] [9e8ea486d41143ef93e21b5cfc4f6840]: ===> Supports JSON Message Converter : true
[2026-05-02 00:24:55.290] [DEBUG] [] [9e8ea486d41143ef93e21b5cfc4f6840]: Using 'application/json', given [application/json, text/plain, */*] and supported [application/json, application/*+json]
[2026-05-02 00:24:55.290] [DEBUG] [] [9e8ea486d41143ef93e21b5cfc4f6840]: ===> Supports JSON Message Converter : true
[2026-05-02 00:24:55.290] [DEBUG] [] [9e8ea486d41143ef93e21b5cfc4f6840]: Writing [UserDTO(super=AbstractAuditableDTO(createdAt=2026-05-01T21:18:50.206341, createdBy=0, updatedAt=2026 (truncated)...]
[2026-05-02 00:24:55.290] [DEBUG] [] [9e8ea486d41143ef93e21b5cfc4f6840]: =========================================
[2026-05-02 00:24:55.291] [DEBUG] [] [9e8ea486d41143ef93e21b5cfc4f6840]: ===>> Output object : 

{
	"alg":"SALT_MD5",
	"code":200,
	"data":{
		"birthYear":1990,
		"createdAt":"2026-05-01 21:18:50",
		"createdBy":0,
		"delFlag":false,
		"email":"admin@staff.local",
		"id":1,
		"isVip":false,
		"lastLoginAt":"2026-05-01 21:45:13.229045",
		"nickname":"超级管理员",
		"staffRole":1,
		"stampsBalance":0,
		"status":1,
		"updatedAt":"2026-05-01 21:45:13",
		"updatedBy":0
	},
	"message":"OK",
	"success":true
} 
class cn.nine.pros.post.client.model.db.UserDTO

[2026-05-02 00:24:55.291] [DEBUG] [] [9e8ea486d41143ef93e21b5cfc4f6840]: =========================================
[2026-05-02 00:24:55.291] [DEBUG] [] [9e8ea486d41143ef93e21b5cfc4f6840]: ==> leave RequestContextHolder.
[2026-05-02 00:24:55.291] [DEBUG] [] [9e8ea486d41143ef93e21b5cfc4f6840]: ==> leave RequestContextHolder.
[2026-05-02 00:32:21.334] [DEBUG] [] []: ==》/webapi/auth/current -> into PreRequestContextFilter.
[2026-05-02 00:32:21.334] [DEBUG] [] []: ==》/webapi/user/paging -> into PreRequestContextFilter.
[2026-05-02 00:32:21.334] [DEBUG] [] []: ==》/webapi/user/paging -> into PreRequestContextFilter.
[2026-05-02 00:32:21.334] [DEBUG] [] [324d6149db7b4e819bcd6c6eea58b862]: 地址 /webapi/user/paging 进入过滤器
[2026-05-02 00:32:21.334] [DEBUG] [] [f319f63a21d1460c855b1c23a4effd6c]: 地址 /webapi/user/paging 进入过滤器
[2026-05-02 00:32:21.335] [DEBUG] [] [54eadff0594544d3b0bc74e46ac2dea3]: 地址 /webapi/auth/current 进入过滤器
[2026-05-02 00:32:21.341] [DEBUG] [] [54eadff0594544d3b0bc74e46ac2dea3]: ==>  Preparing: SELECT id,email,password_hash,nickname,birth_year,country_code,bio,avatar_url,stamps_balance,is_vip,vip_expire_at,status,staff_role,register_ip,last_login_at,created_at,created_by,updated_at,updated_by,del_flag FROM bu_user WHERE id=?
[2026-05-02 00:32:21.341] [DEBUG] [] [54eadff0594544d3b0bc74e46ac2dea3]: ==> Parameters: 1(Long)
[2026-05-02 00:32:21.342] [DEBUG] [] [54eadff0594544d3b0bc74e46ac2dea3]: <==      Total: 1
[2026-05-02 00:32:21.342] [DEBUG] [] [54eadff0594544d3b0bc74e46ac2dea3]: ===> Supports JSON Message Converter : true
[2026-05-02 00:32:21.342] [DEBUG] [] [54eadff0594544d3b0bc74e46ac2dea3]: Using 'application/json', given [application/json, text/plain, */*] and supported [application/json, application/*+json]
[2026-05-02 00:32:21.342] [DEBUG] [] [54eadff0594544d3b0bc74e46ac2dea3]: ===> Supports JSON Message Converter : true
[2026-05-02 00:32:21.342] [DEBUG] [] [54eadff0594544d3b0bc74e46ac2dea3]: Writing [UserDTO(super=AbstractAuditableDTO(createdAt=2026-05-01T21:18:50.206341, createdBy=0, updatedAt=2026 (truncated)...]
[2026-05-02 00:32:21.342] [DEBUG] [] [54eadff0594544d3b0bc74e46ac2dea3]: =========================================
[2026-05-02 00:32:21.342] [DEBUG] [] [54eadff0594544d3b0bc74e46ac2dea3]: ===>> Output object : 

{
	"alg":"SALT_MD5",
	"code":200,
	"data":{
		"birthYear":1990,
		"createdAt":"2026-05-01 21:18:50",
		"createdBy":0,
		"delFlag":false,
		"email":"admin@staff.local",
		"id":1,
		"isVip":false,
		"lastLoginAt":"2026-05-01 21:45:13.229045",
		"nickname":"超级管理员",
		"staffRole":1,
		"stampsBalance":0,
		"status":1,
		"updatedAt":"2026-05-01 21:45:13",
		"updatedBy":0
	},
	"message":"OK",
	"success":true
} 
class cn.nine.pros.post.client.model.db.UserDTO

[2026-05-02 00:32:21.352] [DEBUG] [] [54eadff0594544d3b0bc74e46ac2dea3]: =========================================
[2026-05-02 00:32:21.352] [DEBUG] [] [324d6149db7b4e819bcd6c6eea58b862]: ==>  Preparing: SELECT id,email,password_hash,nickname,birth_year,country_code,bio,avatar_url,stamps_balance,is_vip,vip_expire_at,status,staff_role,register_ip,last_login_at,created_at,created_by,updated_at,updated_by,del_flag FROM bu_user WHERE (del_flag = ?) ORDER BY created_at DESC
[2026-05-02 00:32:21.352] [DEBUG] [] [324d6149db7b4e819bcd6c6eea58b862]: ==> Parameters: false(Boolean)
[2026-05-02 00:32:21.353] [DEBUG] [] [54eadff0594544d3b0bc74e46ac2dea3]: ==> leave RequestContextHolder.
[2026-05-02 00:32:21.353] [DEBUG] [] [54eadff0594544d3b0bc74e46ac2dea3]: ==> leave RequestContextHolder.
[2026-05-02 00:32:21.353] [DEBUG] [] [f319f63a21d1460c855b1c23a4effd6c]: ==>  Preparing: SELECT id,email,password_hash,nickname,birth_year,country_code,bio,avatar_url,stamps_balance,is_vip,vip_expire_at,status,staff_role,register_ip,last_login_at,created_at,created_by,updated_at,updated_by,del_flag FROM bu_user WHERE (del_flag = ?) ORDER BY created_at DESC
[2026-05-02 00:32:21.353] [DEBUG] [] [f319f63a21d1460c855b1c23a4effd6c]: ==> Parameters: false(Boolean)
[2026-05-02 00:32:21.354] [DEBUG] [] [324d6149db7b4e819bcd6c6eea58b862]: <==      Total: 1
[2026-05-02 00:32:21.354] [DEBUG] [] [f319f63a21d1460c855b1c23a4effd6c]: <==      Total: 1
[2026-05-02 00:32:21.354] [DEBUG] [] [324d6149db7b4e819bcd6c6eea58b862]: ===> Supports JSON Message Converter : true
[2026-05-02 00:32:21.354] [DEBUG] [] [f319f63a21d1460c855b1c23a4effd6c]: ===> Supports JSON Message Converter : true
[2026-05-02 00:32:21.354] [DEBUG] [] [f319f63a21d1460c855b1c23a4effd6c]: Using 'application/json', given [application/json, text/plain, */*] and supported [application/json, application/*+json]
[2026-05-02 00:32:21.354] [DEBUG] [] [324d6149db7b4e819bcd6c6eea58b862]: Using 'application/json', given [application/json, text/plain, */*] and supported [application/json, application/*+json]
[2026-05-02 00:32:21.354] [DEBUG] [] [f319f63a21d1460c855b1c23a4effd6c]: ===> Supports JSON Message Converter : true
[2026-05-02 00:32:21.354] [DEBUG] [] [324d6149db7b4e819bcd6c6eea58b862]: ===> Supports JSON Message Converter : true
[2026-05-02 00:32:21.354] [DEBUG] [] [f319f63a21d1460c855b1c23a4effd6c]: Writing [PageData(total=0, page=1, size=50, pages=0, records=[UserDTO(super=AbstractAuditableDTO(createdAt=20 (truncated)...]
[2026-05-02 00:32:21.354] [DEBUG] [] [324d6149db7b4e819bcd6c6eea58b862]: Writing [PageData(total=0, page=1, size=50, pages=0, records=[UserDTO(super=AbstractAuditableDTO(createdAt=20 (truncated)...]
[2026-05-02 00:32:21.354] [DEBUG] [] [f319f63a21d1460c855b1c23a4effd6c]: =========================================
[2026-05-02 00:32:21.354] [DEBUG] [] [f319f63a21d1460c855b1c23a4effd6c]: ===>> Output object : 

{
	"alg":"SALT_MD5",
	"code":200,
	"data":{
		"empty":false,
		"page":1,
		"pages":0,
		"recordCount":1,
		"records":[
			{
				"birthYear":1990,
				"createdAt":"2026-05-01 21:18:50",
				"createdBy":0,
				"delFlag":false,
				"email":"admin@staff.local",
				"id":1,
				"isVip":false,
				"lastLoginAt":"2026-05-01 21:45:13.229045",
				"nickname":"超级管理员",
				"passwordHash":"$2a$10$YTUeGZqQ/xrX1d9V26669ubXuH90MthjRxhXxJV5EldtWdFm0WQbS",
				"staffRole":1,
				"stampsBalance":0,
				"status":1,
				"updatedAt":"2026-05-01 21:45:13",
				"updatedBy":0
			}
		],
		"size":50,
		"total":0
	},
	"message":"OK",
	"success":true
} 
cn.nine.commons.data.page.PageData<cn.nine.pros.post.client.model.db.UserDTO>

[2026-05-02 00:32:21.355] [DEBUG] [] [f319f63a21d1460c855b1c23a4effd6c]: =========================================
[2026-05-02 00:32:21.355] [DEBUG] [] [324d6149db7b4e819bcd6c6eea58b862]: =========================================
[2026-05-02 00:32:21.355] [DEBUG] [] [324d6149db7b4e819bcd6c6eea58b862]: ===>> Output object : 

{
	"alg":"SALT_MD5",
	"code":200,
	"data":{
		"empty":false,
		"page":1,
		"pages":0,
		"recordCount":1,
		"records":[
			{
				"birthYear":1990,
				"createdAt":"2026-05-01 21:18:50",
				"createdBy":0,
				"delFlag":false,
				"email":"admin@staff.local",
				"id":1,
				"isVip":false,
				"lastLoginAt":"2026-05-01 21:45:13.229045",
				"nickname":"超级管理员",
				"passwordHash":"$2a$10$YTUeGZqQ/xrX1d9V26669ubXuH90MthjRxhXxJV5EldtWdFm0WQbS",
				"staffRole":1,
				"stampsBalance":0,
				"status":1,
				"updatedAt":"2026-05-01 21:45:13",
				"updatedBy":0
			}
		],
		"size":50,
		"total":0
	},
	"message":"OK",
	"success":true
} 
cn.nine.commons.data.page.PageData<cn.nine.pros.post.client.model.db.UserDTO>

[2026-05-02 00:32:21.355] [DEBUG] [] [f319f63a21d1460c855b1c23a4effd6c]: ==> leave RequestContextHolder.
[2026-05-02 00:32:21.355] [DEBUG] [] [324d6149db7b4e819bcd6c6eea58b862]: =========================================
[2026-05-02 00:32:21.355] [DEBUG] [] [f319f63a21d1460c855b1c23a4effd6c]: ==> leave RequestContextHolder.
[2026-05-02 00:32:21.356] [DEBUG] [] [324d6149db7b4e819bcd6c6eea58b862]: ==> leave RequestContextHolder.
[2026-05-02 00:32:21.356] [DEBUG] [] [324d6149db7b4e819bcd6c6eea58b862]: ==> leave RequestContextHolder.
[2026-05-02 00:32:21.356] [DEBUG] [] []: ==》/webapi/auth/current -> into PreRequestContextFilter.
[2026-05-02 00:32:21.356] [DEBUG] [] [bc9c9469794a4a25915593b2cc6e8f79]: 地址 /webapi/auth/current 进入过滤器
[2026-05-02 00:32:21.358] [DEBUG] [] [bc9c9469794a4a25915593b2cc6e8f79]: ==>  Preparing: SELECT id,email,password_hash,nickname,birth_year,country_code,bio,avatar_url,stamps_balance,is_vip,vip_expire_at,status,staff_role,register_ip,last_login_at,created_at,created_by,updated_at,updated_by,del_flag FROM bu_user WHERE id=?
[2026-05-02 00:32:21.358] [DEBUG] [] [bc9c9469794a4a25915593b2cc6e8f79]: ==> Parameters: 1(Long)
[2026-05-02 00:32:21.359] [DEBUG] [] [bc9c9469794a4a25915593b2cc6e8f79]: <==      Total: 1
[2026-05-02 00:32:21.359] [DEBUG] [] [bc9c9469794a4a25915593b2cc6e8f79]: ===> Supports JSON Message Converter : true
[2026-05-02 00:32:21.359] [DEBUG] [] [bc9c9469794a4a25915593b2cc6e8f79]: Using 'application/json', given [application/json, text/plain, */*] and supported [application/json, application/*+json]
[2026-05-02 00:32:21.359] [DEBUG] [] [bc9c9469794a4a25915593b2cc6e8f79]: ===> Supports JSON Message Converter : true
[2026-05-02 00:32:21.359] [DEBUG] [] [bc9c9469794a4a25915593b2cc6e8f79]: Writing [UserDTO(super=AbstractAuditableDTO(createdAt=2026-05-01T21:18:50.206341, createdBy=0, updatedAt=2026 (truncated)...]
[2026-05-02 00:32:21.359] [DEBUG] [] [bc9c9469794a4a25915593b2cc6e8f79]: =========================================
[2026-05-02 00:32:21.359] [DEBUG] [] [bc9c9469794a4a25915593b2cc6e8f79]: ===>> Output object : 

{
	"alg":"SALT_MD5",
	"code":200,
	"data":{
		"birthYear":1990,
		"createdAt":"2026-05-01 21:18:50",
		"createdBy":0,
		"delFlag":false,
		"email":"admin@staff.local",
		"id":1,
		"isVip":false,
		"lastLoginAt":"2026-05-01 21:45:13.229045",
		"nickname":"超级管理员",
		"staffRole":1,
		"stampsBalance":0,
		"status":1,
		"updatedAt":"2026-05-01 21:45:13",
		"updatedBy":0
	},
	"message":"OK",
	"success":true
} 
class cn.nine.pros.post.client.model.db.UserDTO

[2026-05-02 00:32:21.359] [DEBUG] [] [bc9c9469794a4a25915593b2cc6e8f79]: =========================================
[2026-05-02 00:32:21.360] [DEBUG] [] [bc9c9469794a4a25915593b2cc6e8f79]: ==> leave RequestContextHolder.
[2026-05-02 00:32:21.360] [DEBUG] [] [bc9c9469794a4a25915593b2cc6e8f79]: ==> leave RequestContextHolder.
[2026-05-02 00:36:55.266] [DEBUG] [] []: ==》/webapi/user/paging -> into PreRequestContextFilter.
[2026-05-02 00:36:55.266] [DEBUG] [] [095ee6118cfe4fa586200d892bfd727f]: 地址 /webapi/user/paging 进入过滤器
[2026-05-02 00:36:55.266] [DEBUG] [] []: ==》/webapi/auth/current -> into PreRequestContextFilter.
[2026-05-02 00:36:55.268] [DEBUG] [] []: ==》/webapi/user/paging -> into PreRequestContextFilter.
[2026-05-02 00:36:55.268] [DEBUG] [] [205fba5384a44a7d8d53ecc9b3dcc408]: 地址 /webapi/user/paging 进入过滤器
[2026-05-02 00:36:55.268] [DEBUG] [] [e7e19ffd462144d1a9cebb61e6d00497]: 地址 /webapi/auth/current 进入过滤器
[2026-05-02 00:36:55.278] [DEBUG] [] [e7e19ffd462144d1a9cebb61e6d00497]: ==>  Preparing: SELECT id,email,password_hash,nickname,birth_year,country_code,bio,avatar_url,stamps_balance,is_vip,vip_expire_at,status,staff_role,register_ip,last_login_at,created_at,created_by,updated_at,updated_by,del_flag FROM bu_user WHERE id=?
[2026-05-02 00:36:55.278] [DEBUG] [] [e7e19ffd462144d1a9cebb61e6d00497]: ==> Parameters: 1(Long)
[2026-05-02 00:36:55.279] [DEBUG] [] [095ee6118cfe4fa586200d892bfd727f]: ==>  Preparing: SELECT id,email,password_hash,nickname,birth_year,country_code,bio,avatar_url,stamps_balance,is_vip,vip_expire_at,status,staff_role,register_ip,last_login_at,created_at,created_by,updated_at,updated_by,del_flag FROM bu_user WHERE (del_flag = ?) ORDER BY created_at DESC
[2026-05-02 00:36:55.279] [DEBUG] [] [205fba5384a44a7d8d53ecc9b3dcc408]: ==>  Preparing: SELECT id,email,password_hash,nickname,birth_year,country_code,bio,avatar_url,stamps_balance,is_vip,vip_expire_at,status,staff_role,register_ip,last_login_at,created_at,created_by,updated_at,updated_by,del_flag FROM bu_user WHERE (del_flag = ?) ORDER BY created_at DESC
[2026-05-02 00:36:55.279] [DEBUG] [] [e7e19ffd462144d1a9cebb61e6d00497]: <==      Total: 1
[2026-05-02 00:36:55.279] [DEBUG] [] [205fba5384a44a7d8d53ecc9b3dcc408]: ==> Parameters: false(Boolean)
[2026-05-02 00:36:55.279] [DEBUG] [] [095ee6118cfe4fa586200d892bfd727f]: ==> Parameters: false(Boolean)
[2026-05-02 00:36:55.279] [DEBUG] [] [e7e19ffd462144d1a9cebb61e6d00497]: ===> Supports JSON Message Converter : true
[2026-05-02 00:36:55.279] [DEBUG] [] [e7e19ffd462144d1a9cebb61e6d00497]: Using 'application/json', given [application/json, text/plain, */*] and supported [application/json, application/*+json]
[2026-05-02 00:36:55.279] [DEBUG] [] [e7e19ffd462144d1a9cebb61e6d00497]: ===> Supports JSON Message Converter : true
[2026-05-02 00:36:55.279] [DEBUG] [] [e7e19ffd462144d1a9cebb61e6d00497]: Writing [UserDTO(super=AbstractAuditableDTO(createdAt=2026-05-01T21:18:50.206341, createdBy=0, updatedAt=2026 (truncated)...]
[2026-05-02 00:36:55.279] [DEBUG] [] [e7e19ffd462144d1a9cebb61e6d00497]: =========================================
[2026-05-02 00:36:55.279] [DEBUG] [] [e7e19ffd462144d1a9cebb61e6d00497]: ===>> Output object : 

{
	"alg":"SALT_MD5",
	"code":200,
	"data":{
		"birthYear":1990,
		"createdAt":"2026-05-01 21:18:50",
		"createdBy":0,
		"delFlag":false,
		"email":"admin@staff.local",
		"id":1,
		"isVip":false,
		"lastLoginAt":"2026-05-01 21:45:13.229045",
		"nickname":"超级管理员",
		"staffRole":1,
		"stampsBalance":0,
		"status":1,
		"updatedAt":"2026-05-01 21:45:13",
		"updatedBy":0
	},
	"message":"OK",
	"success":true
} 
class cn.nine.pros.post.client.model.db.UserDTO

[2026-05-02 00:36:55.279] [DEBUG] [] [e7e19ffd462144d1a9cebb61e6d00497]: =========================================
[2026-05-02 00:36:55.279] [DEBUG] [] [205fba5384a44a7d8d53ecc9b3dcc408]: <==      Total: 1
[2026-05-02 00:36:55.279] [DEBUG] [] [095ee6118cfe4fa586200d892bfd727f]: <==      Total: 1
[2026-05-02 00:36:55.280] [DEBUG] [] [095ee6118cfe4fa586200d892bfd727f]: ===> Supports JSON Message Converter : true
[2026-05-02 00:36:55.280] [DEBUG] [] [205fba5384a44a7d8d53ecc9b3dcc408]: ===> Supports JSON Message Converter : true
[2026-05-02 00:36:55.280] [DEBUG] [] [095ee6118cfe4fa586200d892bfd727f]: Using 'application/json', given [application/json, text/plain, */*] and supported [application/json, application/*+json]
[2026-05-02 00:36:55.280] [DEBUG] [] [205fba5384a44a7d8d53ecc9b3dcc408]: Using 'application/json', given [application/json, text/plain, */*] and supported [application/json, application/*+json]
[2026-05-02 00:36:55.280] [DEBUG] [] [e7e19ffd462144d1a9cebb61e6d00497]: ==> leave RequestContextHolder.
[2026-05-02 00:36:55.280] [DEBUG] [] [205fba5384a44a7d8d53ecc9b3dcc408]: ===> Supports JSON Message Converter : true
[2026-05-02 00:36:55.280] [DEBUG] [] [095ee6118cfe4fa586200d892bfd727f]: ===> Supports JSON Message Converter : true
[2026-05-02 00:36:55.280] [DEBUG] [] [e7e19ffd462144d1a9cebb61e6d00497]: ==> leave RequestContextHolder.
[2026-05-02 00:36:55.280] [DEBUG] [] [205fba5384a44a7d8d53ecc9b3dcc408]: Writing [PageData(total=0, page=1, size=50, pages=0, records=[UserDTO(super=AbstractAuditableDTO(createdAt=20 (truncated)...]
[2026-05-02 00:36:55.280] [DEBUG] [] [095ee6118cfe4fa586200d892bfd727f]: Writing [PageData(total=0, page=1, size=50, pages=0, records=[UserDTO(super=AbstractAuditableDTO(createdAt=20 (truncated)...]
[2026-05-02 00:36:55.280] [DEBUG] [] [205fba5384a44a7d8d53ecc9b3dcc408]: =========================================
[2026-05-02 00:36:55.280] [DEBUG] [] [205fba5384a44a7d8d53ecc9b3dcc408]: ===>> Output object : 

{
	"alg":"SALT_MD5",
	"code":200,
	"data":{
		"empty":false,
		"page":1,
		"pages":0,
		"recordCount":1,
		"records":[
			{
				"birthYear":1990,
				"createdAt":"2026-05-01 21:18:50",
				"createdBy":0,
				"delFlag":false,
				"email":"admin@staff.local",
				"id":1,
				"isVip":false,
				"lastLoginAt":"2026-05-01 21:45:13.229045",
				"nickname":"超级管理员",
				"passwordHash":"$2a$10$YTUeGZqQ/xrX1d9V26669ubXuH90MthjRxhXxJV5EldtWdFm0WQbS",
				"staffRole":1,
				"stampsBalance":0,
				"status":1,
				"updatedAt":"2026-05-01 21:45:13",
				"updatedBy":0
			}
		],
		"size":50,
		"total":0
	},
	"message":"OK",
	"success":true
} 
cn.nine.commons.data.page.PageData<cn.nine.pros.post.client.model.db.UserDTO>

[2026-05-02 00:36:55.280] [DEBUG] [] [205fba5384a44a7d8d53ecc9b3dcc408]: =========================================
[2026-05-02 00:36:55.280] [DEBUG] [] [095ee6118cfe4fa586200d892bfd727f]: =========================================
[2026-05-02 00:36:55.280] [DEBUG] [] [095ee6118cfe4fa586200d892bfd727f]: ===>> Output object : 

{
	"alg":"SALT_MD5",
	"code":200,
	"data":{
		"empty":false,
		"page":1,
		"pages":0,
		"recordCount":1,
		"records":[
			{
				"birthYear":1990,
				"createdAt":"2026-05-01 21:18:50",
				"createdBy":0,
				"delFlag":false,
				"email":"admin@staff.local",
				"id":1,
				"isVip":false,
				"lastLoginAt":"2026-05-01 21:45:13.229045",
				"nickname":"超级管理员",
				"passwordHash":"$2a$10$YTUeGZqQ/xrX1d9V26669ubXuH90MthjRxhXxJV5EldtWdFm0WQbS",
				"staffRole":1,
				"stampsBalance":0,
				"status":1,
				"updatedAt":"2026-05-01 21:45:13",
				"updatedBy":0
			}
		],
		"size":50,
		"total":0
	},
	"message":"OK",
	"success":true
} 
cn.nine.commons.data.page.PageData<cn.nine.pros.post.client.model.db.UserDTO>

[2026-05-02 00:36:55.280] [DEBUG] [] [095ee6118cfe4fa586200d892bfd727f]: =========================================
[2026-05-02 00:36:55.280] [DEBUG] [] [205fba5384a44a7d8d53ecc9b3dcc408]: ==> leave RequestContextHolder.
[2026-05-02 00:36:55.280] [DEBUG] [] [205fba5384a44a7d8d53ecc9b3dcc408]: ==> leave RequestContextHolder.
[2026-05-02 00:36:55.280] [DEBUG] [] [095ee6118cfe4fa586200d892bfd727f]: ==> leave RequestContextHolder.
[2026-05-02 00:36:55.280] [DEBUG] [] [095ee6118cfe4fa586200d892bfd727f]: ==> leave RequestContextHolder.
[2026-05-02 00:36:55.282] [DEBUG] [] []: ==》/webapi/auth/current -> into PreRequestContextFilter.
[2026-05-02 00:36:55.282] [DEBUG] [] [1e3262d69cf049759f9e47075acdd43e]: 地址 /webapi/auth/current 进入过滤器
[2026-05-02 00:36:55.283] [DEBUG] [] [1e3262d69cf049759f9e47075acdd43e]: ==>  Preparing: SELECT id,email,password_hash,nickname,birth_year,country_code,bio,avatar_url,stamps_balance,is_vip,vip_expire_at,status,staff_role,register_ip,last_login_at,created_at,created_by,updated_at,updated_by,del_flag FROM bu_user WHERE id=?
[2026-05-02 00:36:55.285] [DEBUG] [] [1e3262d69cf049759f9e47075acdd43e]: ==> Parameters: 1(Long)
[2026-05-02 00:36:55.285] [DEBUG] [] [1e3262d69cf049759f9e47075acdd43e]: <==      Total: 1
[2026-05-02 00:36:55.285] [DEBUG] [] [1e3262d69cf049759f9e47075acdd43e]: ===> Supports JSON Message Converter : true
[2026-05-02 00:36:55.286] [DEBUG] [] [1e3262d69cf049759f9e47075acdd43e]: Using 'application/json', given [application/json, text/plain, */*] and supported [application/json, application/*+json]
[2026-05-02 00:36:55.286] [DEBUG] [] [1e3262d69cf049759f9e47075acdd43e]: ===> Supports JSON Message Converter : true
[2026-05-02 00:36:55.286] [DEBUG] [] [1e3262d69cf049759f9e47075acdd43e]: Writing [UserDTO(super=AbstractAuditableDTO(createdAt=2026-05-01T21:18:50.206341, createdBy=0, updatedAt=2026 (truncated)...]
[2026-05-02 00:36:55.286] [DEBUG] [] [1e3262d69cf049759f9e47075acdd43e]: =========================================
[2026-05-02 00:36:55.286] [DEBUG] [] [1e3262d69cf049759f9e47075acdd43e]: ===>> Output object : 

{
	"alg":"SALT_MD5",
	"code":200,
	"data":{
		"birthYear":1990,
		"createdAt":"2026-05-01 21:18:50",
		"createdBy":0,
		"delFlag":false,
		"email":"admin@staff.local",
		"id":1,
		"isVip":false,
		"lastLoginAt":"2026-05-01 21:45:13.229045",
		"nickname":"超级管理员",
		"staffRole":1,
		"stampsBalance":0,
		"status":1,
		"updatedAt":"2026-05-01 21:45:13",
		"updatedBy":0
	},
	"message":"OK",
	"success":true
} 
class cn.nine.pros.post.client.model.db.UserDTO

[2026-05-02 00:36:55.286] [DEBUG] [] [1e3262d69cf049759f9e47075acdd43e]: =========================================
[2026-05-02 00:36:55.286] [DEBUG] [] [1e3262d69cf049759f9e47075acdd43e]: ==> leave RequestContextHolder.
[2026-05-02 00:36:55.286] [DEBUG] [] [1e3262d69cf049759f9e47075acdd43e]: ==> leave RequestContextHolder.
[2026-05-02 00:43:21.268] [DEBUG] [] []: ==》/webapi/user/paging -> into PreRequestContextFilter.
[2026-05-02 00:43:21.268] [DEBUG] [] []: ==》/webapi/user/paging -> into PreRequestContextFilter.
[2026-05-02 00:43:21.268] [DEBUG] [] []: ==》/webapi/auth/current -> into PreRequestContextFilter.
[2026-05-02 00:43:21.268] [DEBUG] [] [03aae709b1734ad4a7f78a2b09f15f85]: 地址 /webapi/user/paging 进入过滤器
[2026-05-02 00:43:21.268] [DEBUG] [] [231fd3cc2a4548b7964486f591816fa4]: 地址 /webapi/user/paging 进入过滤器
[2026-05-02 00:43:21.268] [DEBUG] [] [cb88bfa5543248c498ca343964cfeb3d]: 地址 /webapi/auth/current 进入过滤器
[2026-05-02 00:43:21.274] [DEBUG] [] [cb88bfa5543248c498ca343964cfeb3d]: ==>  Preparing: SELECT id,email,password_hash,nickname,birth_year,country_code,bio,avatar_url,stamps_balance,is_vip,vip_expire_at,status,staff_role,register_ip,last_login_at,created_at,created_by,updated_at,updated_by,del_flag FROM bu_user WHERE id=?
[2026-05-02 00:43:21.274] [DEBUG] [] [cb88bfa5543248c498ca343964cfeb3d]: ==> Parameters: 1(Long)
[2026-05-02 00:43:21.275] [DEBUG] [] [03aae709b1734ad4a7f78a2b09f15f85]: ==>  Preparing: SELECT id,email,password_hash,nickname,birth_year,country_code,bio,avatar_url,stamps_balance,is_vip,vip_expire_at,status,staff_role,register_ip,last_login_at,created_at,created_by,updated_at,updated_by,del_flag FROM bu_user WHERE (del_flag = ?) ORDER BY created_at DESC
[2026-05-02 00:43:21.275] [DEBUG] [] [231fd3cc2a4548b7964486f591816fa4]: ==>  Preparing: SELECT id,email,password_hash,nickname,birth_year,country_code,bio,avatar_url,stamps_balance,is_vip,vip_expire_at,status,staff_role,register_ip,last_login_at,created_at,created_by,updated_at,updated_by,del_flag FROM bu_user WHERE (del_flag = ?) ORDER BY created_at DESC
[2026-05-02 00:43:21.275] [DEBUG] [] [03aae709b1734ad4a7f78a2b09f15f85]: ==> Parameters: false(Boolean)
[2026-05-02 00:43:21.275] [DEBUG] [] [231fd3cc2a4548b7964486f591816fa4]: ==> Parameters: false(Boolean)
[2026-05-02 00:43:21.278] [DEBUG] [] [cb88bfa5543248c498ca343964cfeb3d]: <==      Total: 1
[2026-05-02 00:43:21.278] [DEBUG] [] [cb88bfa5543248c498ca343964cfeb3d]: ===> Supports JSON Message Converter : true
[2026-05-02 00:43:21.278] [DEBUG] [] [03aae709b1734ad4a7f78a2b09f15f85]: <==      Total: 1
[2026-05-02 00:43:21.278] [DEBUG] [] [cb88bfa5543248c498ca343964cfeb3d]: Using 'application/json', given [application/json, text/plain, */*] and supported [application/json, application/*+json]
[2026-05-02 00:43:21.278] [DEBUG] [] [cb88bfa5543248c498ca343964cfeb3d]: ===> Supports JSON Message Converter : true
[2026-05-02 00:43:21.278] [DEBUG] [] [231fd3cc2a4548b7964486f591816fa4]: <==      Total: 1
[2026-05-02 00:43:21.278] [DEBUG] [] [cb88bfa5543248c498ca343964cfeb3d]: Writing [UserDTO(super=AbstractAuditableDTO(createdAt=2026-05-01T21:18:50.206341, createdBy=0, updatedAt=2026 (truncated)...]
[2026-05-02 00:43:21.278] [DEBUG] [] [03aae709b1734ad4a7f78a2b09f15f85]: ===> Supports JSON Message Converter : true
[2026-05-02 00:43:21.278] [DEBUG] [] [cb88bfa5543248c498ca343964cfeb3d]: =========================================
[2026-05-02 00:43:21.278] [DEBUG] [] [03aae709b1734ad4a7f78a2b09f15f85]: Using 'application/json', given [application/json, text/plain, */*] and supported [application/json, application/*+json]
[2026-05-02 00:43:21.278] [DEBUG] [] [03aae709b1734ad4a7f78a2b09f15f85]: ===> Supports JSON Message Converter : true
[2026-05-02 00:43:21.278] [DEBUG] [] [231fd3cc2a4548b7964486f591816fa4]: ===> Supports JSON Message Converter : true
[2026-05-02 00:43:21.278] [DEBUG] [] [cb88bfa5543248c498ca343964cfeb3d]: ===>> Output object : 

{
	"alg":"SALT_MD5",
	"code":200,
	"data":{
		"birthYear":1990,
		"createdAt":"2026-05-01 21:18:50",
		"createdBy":0,
		"delFlag":false,
		"email":"admin@staff.local",
		"id":1,
		"isVip":false,
		"lastLoginAt":"2026-05-01 21:45:13.229045",
		"nickname":"超级管理员",
		"staffRole":1,
		"stampsBalance":0,
		"status":1,
		"updatedAt":"2026-05-01 21:45:13",
		"updatedBy":0
	},
	"message":"OK",
	"success":true
} 
class cn.nine.pros.post.client.model.db.UserDTO

[2026-05-02 00:43:21.278] [DEBUG] [] [231fd3cc2a4548b7964486f591816fa4]: Using 'application/json', given [application/json, text/plain, */*] and supported [application/json, application/*+json]
[2026-05-02 00:43:21.278] [DEBUG] [] [cb88bfa5543248c498ca343964cfeb3d]: =========================================
[2026-05-02 00:43:21.278] [DEBUG] [] [231fd3cc2a4548b7964486f591816fa4]: ===> Supports JSON Message Converter : true
[2026-05-02 00:43:21.278] [DEBUG] [] [03aae709b1734ad4a7f78a2b09f15f85]: Writing [PageData(total=0, page=1, size=50, pages=0, records=[UserDTO(super=AbstractAuditableDTO(createdAt=20 (truncated)...]
[2026-05-02 00:43:21.279] [DEBUG] [] [03aae709b1734ad4a7f78a2b09f15f85]: =========================================
[2026-05-02 00:43:21.279] [DEBUG] [] [231fd3cc2a4548b7964486f591816fa4]: Writing [PageData(total=0, page=1, size=50, pages=0, records=[UserDTO(super=AbstractAuditableDTO(createdAt=20 (truncated)...]
[2026-05-02 00:43:21.279] [DEBUG] [] [03aae709b1734ad4a7f78a2b09f15f85]: ===>> Output object : 

{
	"alg":"SALT_MD5",
	"code":200,
	"data":{
		"empty":false,
		"page":1,
		"pages":0,
		"recordCount":1,
		"records":[
			{
				"birthYear":1990,
				"createdAt":"2026-05-01 21:18:50",
				"createdBy":0,
				"delFlag":false,
				"email":"admin@staff.local",
				"id":1,
				"isVip":false,
				"lastLoginAt":"2026-05-01 21:45:13.229045",
				"nickname":"超级管理员",
				"passwordHash":"$2a$10$YTUeGZqQ/xrX1d9V26669ubXuH90MthjRxhXxJV5EldtWdFm0WQbS",
				"staffRole":1,
				"stampsBalance":0,
				"status":1,
				"updatedAt":"2026-05-01 21:45:13",
				"updatedBy":0
			}
		],
		"size":50,
		"total":0
	},
	"message":"OK",
	"success":true
} 
cn.nine.commons.data.page.PageData<cn.nine.pros.post.client.model.db.UserDTO>

[2026-05-02 00:43:21.279] [DEBUG] [] [03aae709b1734ad4a7f78a2b09f15f85]: =========================================
[2026-05-02 00:43:21.279] [DEBUG] [] [231fd3cc2a4548b7964486f591816fa4]: =========================================
[2026-05-02 00:43:21.279] [DEBUG] [] [cb88bfa5543248c498ca343964cfeb3d]: ==> leave RequestContextHolder.
[2026-05-02 00:43:21.279] [DEBUG] [] [cb88bfa5543248c498ca343964cfeb3d]: ==> leave RequestContextHolder.
[2026-05-02 00:43:21.279] [DEBUG] [] [231fd3cc2a4548b7964486f591816fa4]: ===>> Output object : 

{
	"alg":"SALT_MD5",
	"code":200,
	"data":{
		"empty":false,
		"page":1,
		"pages":0,
		"recordCount":1,
		"records":[
			{
				"birthYear":1990,
				"createdAt":"2026-05-01 21:18:50",
				"createdBy":0,
				"delFlag":false,
				"email":"admin@staff.local",
				"id":1,
				"isVip":false,
				"lastLoginAt":"2026-05-01 21:45:13.229045",
				"nickname":"超级管理员",
				"passwordHash":"$2a$10$YTUeGZqQ/xrX1d9V26669ubXuH90MthjRxhXxJV5EldtWdFm0WQbS",
				"staffRole":1,
				"stampsBalance":0,
				"status":1,
				"updatedAt":"2026-05-01 21:45:13",
				"updatedBy":0
			}
		],
		"size":50,
		"total":0
	},
	"message":"OK",
	"success":true
} 
cn.nine.commons.data.page.PageData<cn.nine.pros.post.client.model.db.UserDTO>

[2026-05-02 00:43:21.279] [DEBUG] [] [231fd3cc2a4548b7964486f591816fa4]: =========================================
[2026-05-02 00:43:21.280] [DEBUG] [] [03aae709b1734ad4a7f78a2b09f15f85]: ==> leave RequestContextHolder.
[2026-05-02 00:43:21.280] [DEBUG] [] [03aae709b1734ad4a7f78a2b09f15f85]: ==> leave RequestContextHolder.
[2026-05-02 00:43:21.280] [DEBUG] [] [231fd3cc2a4548b7964486f591816fa4]: ==> leave RequestContextHolder.
[2026-05-02 00:43:21.280] [DEBUG] [] [231fd3cc2a4548b7964486f591816fa4]: ==> leave RequestContextHolder.
[2026-05-02 00:43:21.281] [DEBUG] [] []: ==》/webapi/auth/current -> into PreRequestContextFilter.
[2026-05-02 00:43:21.281] [DEBUG] [] [ad6cdb6869da40fabec62754ee68eecc]: 地址 /webapi/auth/current 进入过滤器
[2026-05-02 00:43:21.283] [DEBUG] [] [ad6cdb6869da40fabec62754ee68eecc]: ==>  Preparing: SELECT id,email,password_hash,nickname,birth_year,country_code,bio,avatar_url,stamps_balance,is_vip,vip_expire_at,status,staff_role,register_ip,last_login_at,created_at,created_by,updated_at,updated_by,del_flag FROM bu_user WHERE id=?
[2026-05-02 00:43:21.283] [DEBUG] [] [ad6cdb6869da40fabec62754ee68eecc]: ==> Parameters: 1(Long)
[2026-05-02 00:43:21.284] [DEBUG] [] [ad6cdb6869da40fabec62754ee68eecc]: <==      Total: 1
[2026-05-02 00:43:21.284] [DEBUG] [] [ad6cdb6869da40fabec62754ee68eecc]: ===> Supports JSON Message Converter : true
[2026-05-02 00:43:21.284] [DEBUG] [] [ad6cdb6869da40fabec62754ee68eecc]: Using 'application/json', given [application/json, text/plain, */*] and supported [application/json, application/*+json]
[2026-05-02 00:43:21.284] [DEBUG] [] [ad6cdb6869da40fabec62754ee68eecc]: ===> Supports JSON Message Converter : true
[2026-05-02 00:43:21.284] [DEBUG] [] [ad6cdb6869da40fabec62754ee68eecc]: Writing [UserDTO(super=AbstractAuditableDTO(createdAt=2026-05-01T21:18:50.206341, createdBy=0, updatedAt=2026 (truncated)...]
[2026-05-02 00:43:21.284] [DEBUG] [] [ad6cdb6869da40fabec62754ee68eecc]: =========================================
[2026-05-02 00:43:21.284] [DEBUG] [] [ad6cdb6869da40fabec62754ee68eecc]: ===>> Output object : 

{
	"alg":"SALT_MD5",
	"code":200,
	"data":{
		"birthYear":1990,
		"createdAt":"2026-05-01 21:18:50",
		"createdBy":0,
		"delFlag":false,
		"email":"admin@staff.local",
		"id":1,
		"isVip":false,
		"lastLoginAt":"2026-05-01 21:45:13.229045",
		"nickname":"超级管理员",
		"staffRole":1,
		"stampsBalance":0,
		"status":1,
		"updatedAt":"2026-05-01 21:45:13",
		"updatedBy":0
	},
	"message":"OK",
	"success":true
} 
class cn.nine.pros.post.client.model.db.UserDTO

[2026-05-02 00:43:21.284] [DEBUG] [] [ad6cdb6869da40fabec62754ee68eecc]: =========================================
[2026-05-02 00:43:21.284] [DEBUG] [] [ad6cdb6869da40fabec62754ee68eecc]: ==> leave RequestContextHolder.
[2026-05-02 00:43:21.284] [DEBUG] [] [ad6cdb6869da40fabec62754ee68eecc]: ==> leave RequestContextHolder.
[2026-05-02 00:47:55.261] [DEBUG] [] []: ==》/webapi/user/paging -> into PreRequestContextFilter.
[2026-05-02 00:47:55.261] [DEBUG] [] []: ==》/webapi/auth/current -> into PreRequestContextFilter.
[2026-05-02 00:47:55.261] [DEBUG] [] []: ==》/webapi/user/paging -> into PreRequestContextFilter.
[2026-05-02 00:47:55.261] [DEBUG] [] [7292dd55b4e54983a717b154e555a514]: 地址 /webapi/auth/current 进入过滤器
[2026-05-02 00:47:55.261] [DEBUG] [] [aea259a324da46d7af3a90201cd5a951]: 地址 /webapi/user/paging 进入过滤器
[2026-05-02 00:47:55.261] [DEBUG] [] [875e4e4350e840658b33c553b6f50b41]: 地址 /webapi/user/paging 进入过滤器
[2026-05-02 00:47:55.263] [DEBUG] [] [7292dd55b4e54983a717b154e555a514]: ==>  Preparing: SELECT id,email,password_hash,nickname,birth_year,country_code,bio,avatar_url,stamps_balance,is_vip,vip_expire_at,status,staff_role,register_ip,last_login_at,created_at,created_by,updated_at,updated_by,del_flag FROM bu_user WHERE id=?
[2026-05-02 00:47:55.264] [DEBUG] [] [7292dd55b4e54983a717b154e555a514]: ==> Parameters: 1(Long)
[2026-05-02 00:47:55.264] [DEBUG] [] [aea259a324da46d7af3a90201cd5a951]: ==>  Preparing: SELECT id,email,password_hash,nickname,birth_year,country_code,bio,avatar_url,stamps_balance,is_vip,vip_expire_at,status,staff_role,register_ip,last_login_at,created_at,created_by,updated_at,updated_by,del_flag FROM bu_user WHERE (del_flag = ?) ORDER BY created_at DESC
[2026-05-02 00:47:55.264] [DEBUG] [] [875e4e4350e840658b33c553b6f50b41]: ==>  Preparing: SELECT id,email,password_hash,nickname,birth_year,country_code,bio,avatar_url,stamps_balance,is_vip,vip_expire_at,status,staff_role,register_ip,last_login_at,created_at,created_by,updated_at,updated_by,del_flag FROM bu_user WHERE (del_flag = ?) ORDER BY created_at DESC
[2026-05-02 00:47:55.264] [DEBUG] [] [aea259a324da46d7af3a90201cd5a951]: ==> Parameters: false(Boolean)
[2026-05-02 00:47:55.264] [DEBUG] [] [875e4e4350e840658b33c553b6f50b41]: ==> Parameters: false(Boolean)
[2026-05-02 00:47:55.265] [DEBUG] [] [7292dd55b4e54983a717b154e555a514]: <==      Total: 1
[2026-05-02 00:47:55.265] [DEBUG] [] [875e4e4350e840658b33c553b6f50b41]: <==      Total: 1
[2026-05-02 00:47:55.265] [DEBUG] [] [7292dd55b4e54983a717b154e555a514]: ===> Supports JSON Message Converter : true
[2026-05-02 00:47:55.265] [DEBUG] [] [875e4e4350e840658b33c553b6f50b41]: ===> Supports JSON Message Converter : true
[2026-05-02 00:47:55.265] [DEBUG] [] [7292dd55b4e54983a717b154e555a514]: Using 'application/json', given [application/json, text/plain, */*] and supported [application/json, application/*+json]
[2026-05-02 00:47:55.265] [DEBUG] [] [7292dd55b4e54983a717b154e555a514]: ===> Supports JSON Message Converter : true
[2026-05-02 00:47:55.265] [DEBUG] [] [875e4e4350e840658b33c553b6f50b41]: Using 'application/json', given [application/json, text/plain, */*] and supported [application/json, application/*+json]
[2026-05-02 00:47:55.265] [DEBUG] [] [875e4e4350e840658b33c553b6f50b41]: ===> Supports JSON Message Converter : true
[2026-05-02 00:47:55.265] [DEBUG] [] [7292dd55b4e54983a717b154e555a514]: Writing [UserDTO(super=AbstractAuditableDTO(createdAt=2026-05-01T21:18:50.206341, createdBy=0, updatedAt=2026 (truncated)...]
[2026-05-02 00:47:55.265] [DEBUG] [] [875e4e4350e840658b33c553b6f50b41]: Writing [PageData(total=0, page=1, size=50, pages=0, records=[UserDTO(super=AbstractAuditableDTO(createdAt=20 (truncated)...]
[2026-05-02 00:47:55.265] [DEBUG] [] [875e4e4350e840658b33c553b6f50b41]: =========================================
[2026-05-02 00:47:55.265] [DEBUG] [] [875e4e4350e840658b33c553b6f50b41]: ===>> Output object : 

{
	"alg":"SALT_MD5",
	"code":200,
	"data":{
		"empty":false,
		"page":1,
		"pages":0,
		"recordCount":1,
		"records":[
			{
				"birthYear":1990,
				"createdAt":"2026-05-01 21:18:50",
				"createdBy":0,
				"delFlag":false,
				"email":"admin@staff.local",
				"id":1,
				"isVip":false,
				"lastLoginAt":"2026-05-01 21:45:13.229045",
				"nickname":"超级管理员",
				"passwordHash":"$2a$10$YTUeGZqQ/xrX1d9V26669ubXuH90MthjRxhXxJV5EldtWdFm0WQbS",
				"staffRole":1,
				"stampsBalance":0,
				"status":1,
				"updatedAt":"2026-05-01 21:45:13",
				"updatedBy":0
			}
		],
		"size":50,
		"total":0
	},
	"message":"OK",
	"success":true
} 
cn.nine.commons.data.page.PageData<cn.nine.pros.post.client.model.db.UserDTO>

[2026-05-02 00:47:55.265] [DEBUG] [] [875e4e4350e840658b33c553b6f50b41]: =========================================
[2026-05-02 00:47:55.265] [DEBUG] [] [7292dd55b4e54983a717b154e555a514]: =========================================
[2026-05-02 00:47:55.266] [DEBUG] [] [7292dd55b4e54983a717b154e555a514]: ===>> Output object : 

{
	"alg":"SALT_MD5",
	"code":200,
	"data":{
		"birthYear":1990,
		"createdAt":"2026-05-01 21:18:50",
		"createdBy":0,
		"delFlag":false,
		"email":"admin@staff.local",
		"id":1,
		"isVip":false,
		"lastLoginAt":"2026-05-01 21:45:13.229045",
		"nickname":"超级管理员",
		"staffRole":1,
		"stampsBalance":0,
		"status":1,
		"updatedAt":"2026-05-01 21:45:13",
		"updatedBy":0
	},
	"message":"OK",
	"success":true
} 
class cn.nine.pros.post.client.model.db.UserDTO

[2026-05-02 00:47:55.266] [DEBUG] [] [7292dd55b4e54983a717b154e555a514]: =========================================
[2026-05-02 00:47:55.266] [DEBUG] [] [7292dd55b4e54983a717b154e555a514]: ==> leave RequestContextHolder.
[2026-05-02 00:47:55.266] [DEBUG] [] [875e4e4350e840658b33c553b6f50b41]: ==> leave RequestContextHolder.
[2026-05-02 00:47:55.266] [DEBUG] [] [7292dd55b4e54983a717b154e555a514]: ==> leave RequestContextHolder.
[2026-05-02 00:47:55.266] [DEBUG] [] [875e4e4350e840658b33c553b6f50b41]: ==> leave RequestContextHolder.
[2026-05-02 00:47:55.267] [DEBUG] [] [aea259a324da46d7af3a90201cd5a951]: <==      Total: 1
[2026-05-02 00:47:55.269] [DEBUG] [] [aea259a324da46d7af3a90201cd5a951]: ===> Supports JSON Message Converter : true
[2026-05-02 00:47:55.269] [DEBUG] [] [aea259a324da46d7af3a90201cd5a951]: Using 'application/json', given [application/json, text/plain, */*] and supported [application/json, application/*+json]
[2026-05-02 00:47:55.269] [DEBUG] [] [aea259a324da46d7af3a90201cd5a951]: ===> Supports JSON Message Converter : true
[2026-05-02 00:47:55.269] [DEBUG] [] [aea259a324da46d7af3a90201cd5a951]: Writing [PageData(total=0, page=1, size=50, pages=0, records=[UserDTO(super=AbstractAuditableDTO(createdAt=20 (truncated)...]
[2026-05-02 00:47:55.269] [DEBUG] [] [aea259a324da46d7af3a90201cd5a951]: =========================================
[2026-05-02 00:47:55.269] [DEBUG] [] [aea259a324da46d7af3a90201cd5a951]: ===>> Output object : 

{
	"alg":"SALT_MD5",
	"code":200,
	"data":{
		"empty":false,
		"page":1,
		"pages":0,
		"recordCount":1,
		"records":[
			{
				"birthYear":1990,
				"createdAt":"2026-05-01 21:18:50",
				"createdBy":0,
				"delFlag":false,
				"email":"admin@staff.local",
				"id":1,
				"isVip":false,
				"lastLoginAt":"2026-05-01 21:45:13.229045",
				"nickname":"超级管理员",
				"passwordHash":"$2a$10$YTUeGZqQ/xrX1d9V26669ubXuH90MthjRxhXxJV5EldtWdFm0WQbS",
				"staffRole":1,
				"stampsBalance":0,
				"status":1,
				"updatedAt":"2026-05-01 21:45:13",
				"updatedBy":0
			}
		],
		"size":50,
		"total":0
	},
	"message":"OK",
	"success":true
} 
cn.nine.commons.data.page.PageData<cn.nine.pros.post.client.model.db.UserDTO>

[2026-05-02 00:47:55.269] [DEBUG] [] [aea259a324da46d7af3a90201cd5a951]: =========================================
[2026-05-02 00:47:55.269] [DEBUG] [] [aea259a324da46d7af3a90201cd5a951]: ==> leave RequestContextHolder.
[2026-05-02 00:47:55.269] [DEBUG] [] [aea259a324da46d7af3a90201cd5a951]: ==> leave RequestContextHolder.
[2026-05-02 00:47:55.277] [DEBUG] [] []: ==》/webapi/auth/current -> into PreRequestContextFilter.
[2026-05-02 00:47:55.277] [DEBUG] [] [15f0960f06ca4b2ebc9dffc6aff1387e]: 地址 /webapi/auth/current 进入过滤器
[2026-05-02 00:47:55.279] [DEBUG] [] [15f0960f06ca4b2ebc9dffc6aff1387e]: ==>  Preparing: SELECT id,email,password_hash,nickname,birth_year,country_code,bio,avatar_url,stamps_balance,is_vip,vip_expire_at,status,staff_role,register_ip,last_login_at,created_at,created_by,updated_at,updated_by,del_flag FROM bu_user WHERE id=?
[2026-05-02 00:47:55.279] [DEBUG] [] [15f0960f06ca4b2ebc9dffc6aff1387e]: ==> Parameters: 1(Long)
[2026-05-02 00:47:55.279] [DEBUG] [] [15f0960f06ca4b2ebc9dffc6aff1387e]: <==      Total: 1
[2026-05-02 00:47:55.279] [DEBUG] [] [15f0960f06ca4b2ebc9dffc6aff1387e]: ===> Supports JSON Message Converter : true
[2026-05-02 00:47:55.280] [DEBUG] [] [15f0960f06ca4b2ebc9dffc6aff1387e]: Using 'application/json', given [application/json, text/plain, */*] and supported [application/json, application/*+json]
[2026-05-02 00:47:55.280] [DEBUG] [] [15f0960f06ca4b2ebc9dffc6aff1387e]: ===> Supports JSON Message Converter : true
[2026-05-02 00:47:55.280] [DEBUG] [] [15f0960f06ca4b2ebc9dffc6aff1387e]: Writing [UserDTO(super=AbstractAuditableDTO(createdAt=2026-05-01T21:18:50.206341, createdBy=0, updatedAt=2026 (truncated)...]
[2026-05-02 00:47:55.280] [DEBUG] [] [15f0960f06ca4b2ebc9dffc6aff1387e]: =========================================
[2026-05-02 00:47:55.280] [DEBUG] [] [15f0960f06ca4b2ebc9dffc6aff1387e]: ===>> Output object : 

{
	"alg":"SALT_MD5",
	"code":200,
	"data":{
		"birthYear":1990,
		"createdAt":"2026-05-01 21:18:50",
		"createdBy":0,
		"delFlag":false,
		"email":"admin@staff.local",
		"id":1,
		"isVip":false,
		"lastLoginAt":"2026-05-01 21:45:13.229045",
		"nickname":"超级管理员",
		"staffRole":1,
		"stampsBalance":0,
		"status":1,
		"updatedAt":"2026-05-01 21:45:13",
		"updatedBy":0
	},
	"message":"OK",
	"success":true
} 
class cn.nine.pros.post.client.model.db.UserDTO

[2026-05-02 00:47:55.280] [DEBUG] [] [15f0960f06ca4b2ebc9dffc6aff1387e]: =========================================
[2026-05-02 00:47:55.280] [DEBUG] [] [15f0960f06ca4b2ebc9dffc6aff1387e]: ==> leave RequestContextHolder.
[2026-05-02 00:47:55.280] [DEBUG] [] [15f0960f06ca4b2ebc9dffc6aff1387e]: ==> leave RequestContextHolder.
[2026-05-02 00:53:21.290] [DEBUG] [] []: ==》/webapi/user/paging -> into PreRequestContextFilter.
[2026-05-02 00:53:21.291] [DEBUG] [] [f35c6a7a60374811abb303c052c615a6]: 地址 /webapi/user/paging 进入过滤器
[2026-05-02 00:53:21.291] [DEBUG] [] []: ==》/webapi/user/paging -> into PreRequestContextFilter.
[2026-05-02 00:53:21.291] [DEBUG] [] []: ==》/webapi/auth/current -> into PreRequestContextFilter.
[2026-05-02 00:53:21.291] [DEBUG] [] [128123e69fe64c25ac740a9d40320a2c]: 地址 /webapi/user/paging 进入过滤器
[2026-05-02 00:53:21.291] [DEBUG] [] [330517ac0c6a4096bae798ed552415e1]: 地址 /webapi/auth/current 进入过滤器
[2026-05-02 00:53:21.298] [DEBUG] [] [330517ac0c6a4096bae798ed552415e1]: ==>  Preparing: SELECT id,email,password_hash,nickname,birth_year,country_code,bio,avatar_url,stamps_balance,is_vip,vip_expire_at,status,staff_role,register_ip,last_login_at,created_at,created_by,updated_at,updated_by,del_flag FROM bu_user WHERE id=?
[2026-05-02 00:53:21.299] [DEBUG] [] [330517ac0c6a4096bae798ed552415e1]: ==> Parameters: 1(Long)
[2026-05-02 00:53:21.299] [DEBUG] [] [128123e69fe64c25ac740a9d40320a2c]: ==>  Preparing: SELECT id,email,password_hash,nickname,birth_year,country_code,bio,avatar_url,stamps_balance,is_vip,vip_expire_at,status,staff_role,register_ip,last_login_at,created_at,created_by,updated_at,updated_by,del_flag FROM bu_user WHERE (del_flag = ?) ORDER BY created_at DESC
[2026-05-02 00:53:21.299] [DEBUG] [] [f35c6a7a60374811abb303c052c615a6]: ==>  Preparing: SELECT id,email,password_hash,nickname,birth_year,country_code,bio,avatar_url,stamps_balance,is_vip,vip_expire_at,status,staff_role,register_ip,last_login_at,created_at,created_by,updated_at,updated_by,del_flag FROM bu_user WHERE (del_flag = ?) ORDER BY created_at DESC
[2026-05-02 00:53:21.299] [DEBUG] [] [f35c6a7a60374811abb303c052c615a6]: ==> Parameters: false(Boolean)
[2026-05-02 00:53:21.299] [DEBUG] [] [128123e69fe64c25ac740a9d40320a2c]: ==> Parameters: false(Boolean)
[2026-05-02 00:53:21.299] [DEBUG] [] [330517ac0c6a4096bae798ed552415e1]: <==      Total: 1
[2026-05-02 00:53:21.299] [DEBUG] [] [f35c6a7a60374811abb303c052c615a6]: <==      Total: 1
[2026-05-02 00:53:21.299] [DEBUG] [] [128123e69fe64c25ac740a9d40320a2c]: <==      Total: 1
[2026-05-02 00:53:21.299] [DEBUG] [] [f35c6a7a60374811abb303c052c615a6]: ===> Supports JSON Message Converter : true
[2026-05-02 00:53:21.299] [DEBUG] [] [128123e69fe64c25ac740a9d40320a2c]: ===> Supports JSON Message Converter : true
[2026-05-02 00:53:21.299] [DEBUG] [] [330517ac0c6a4096bae798ed552415e1]: ===> Supports JSON Message Converter : true
[2026-05-02 00:53:21.299] [DEBUG] [] [128123e69fe64c25ac740a9d40320a2c]: Using 'application/json', given [application/json, text/plain, */*] and supported [application/json, application/*+json]
[2026-05-02 00:53:21.299] [DEBUG] [] [128123e69fe64c25ac740a9d40320a2c]: ===> Supports JSON Message Converter : true
[2026-05-02 00:53:21.299] [DEBUG] [] [330517ac0c6a4096bae798ed552415e1]: Using 'application/json', given [application/json, text/plain, */*] and supported [application/json, application/*+json]
[2026-05-02 00:53:21.299] [DEBUG] [] [f35c6a7a60374811abb303c052c615a6]: Using 'application/json', given [application/json, text/plain, */*] and supported [application/json, application/*+json]
[2026-05-02 00:53:21.299] [DEBUG] [] [330517ac0c6a4096bae798ed552415e1]: ===> Supports JSON Message Converter : true
[2026-05-02 00:53:21.299] [DEBUG] [] [f35c6a7a60374811abb303c052c615a6]: ===> Supports JSON Message Converter : true
[2026-05-02 00:53:21.300] [DEBUG] [] [330517ac0c6a4096bae798ed552415e1]: Writing [UserDTO(super=AbstractAuditableDTO(createdAt=2026-05-01T21:18:50.206341, createdBy=0, updatedAt=2026 (truncated)...]
[2026-05-02 00:53:21.300] [DEBUG] [] [f35c6a7a60374811abb303c052c615a6]: Writing [PageData(total=0, page=1, size=50, pages=0, records=[UserDTO(super=AbstractAuditableDTO(createdAt=20 (truncated)...]
[2026-05-02 00:53:21.300] [DEBUG] [] [128123e69fe64c25ac740a9d40320a2c]: Writing [PageData(total=0, page=1, size=50, pages=0, records=[UserDTO(super=AbstractAuditableDTO(createdAt=20 (truncated)...]
[2026-05-02 00:53:21.300] [DEBUG] [] [330517ac0c6a4096bae798ed552415e1]: =========================================
[2026-05-02 00:53:21.300] [DEBUG] [] [330517ac0c6a4096bae798ed552415e1]: ===>> Output object : 

{
	"alg":"SALT_MD5",
	"code":200,
	"data":{
		"birthYear":1990,
		"createdAt":"2026-05-01 21:18:50",
		"createdBy":0,
		"delFlag":false,
		"email":"admin@staff.local",
		"id":1,
		"isVip":false,
		"lastLoginAt":"2026-05-01 21:45:13.229045",
		"nickname":"超级管理员",
		"staffRole":1,
		"stampsBalance":0,
		"status":1,
		"updatedAt":"2026-05-01 21:45:13",
		"updatedBy":0
	},
	"message":"OK",
	"success":true
} 
class cn.nine.pros.post.client.model.db.UserDTO

[2026-05-02 00:53:21.300] [DEBUG] [] [330517ac0c6a4096bae798ed552415e1]: =========================================
[2026-05-02 00:53:21.300] [DEBUG] [] [128123e69fe64c25ac740a9d40320a2c]: =========================================
[2026-05-02 00:53:21.300] [DEBUG] [] [128123e69fe64c25ac740a9d40320a2c]: ===>> Output object : 

{
	"alg":"SALT_MD5",
	"code":200,
	"data":{
		"empty":false,
		"page":1,
		"pages":0,
		"recordCount":1,
		"records":[
			{
				"birthYear":1990,
				"createdAt":"2026-05-01 21:18:50",
				"createdBy":0,
				"delFlag":false,
				"email":"admin@staff.local",
				"id":1,
				"isVip":false,
				"lastLoginAt":"2026-05-01 21:45:13.229045",
				"nickname":"超级管理员",
				"passwordHash":"$2a$10$YTUeGZqQ/xrX1d9V26669ubXuH90MthjRxhXxJV5EldtWdFm0WQbS",
				"staffRole":1,
				"stampsBalance":0,
				"status":1,
				"updatedAt":"2026-05-01 21:45:13",
				"updatedBy":0
			}
		],
		"size":50,
		"total":0
	},
	"message":"OK",
	"success":true
} 
cn.nine.commons.data.page.PageData<cn.nine.pros.post.client.model.db.UserDTO>

[2026-05-02 00:53:21.300] [DEBUG] [] [128123e69fe64c25ac740a9d40320a2c]: =========================================
[2026-05-02 00:53:21.300] [DEBUG] [] [f35c6a7a60374811abb303c052c615a6]: =========================================
[2026-05-02 00:53:21.300] [DEBUG] [] [f35c6a7a60374811abb303c052c615a6]: ===>> Output object : 

{
	"alg":"SALT_MD5",
	"code":200,
	"data":{
		"empty":false,
		"page":1,
		"pages":0,
		"recordCount":1,
		"records":[
			{
				"birthYear":1990,
				"createdAt":"2026-05-01 21:18:50",
				"createdBy":0,
				"delFlag":false,
				"email":"admin@staff.local",
				"id":1,
				"isVip":false,
				"lastLoginAt":"2026-05-01 21:45:13.229045",
				"nickname":"超级管理员",
				"passwordHash":"$2a$10$YTUeGZqQ/xrX1d9V26669ubXuH90MthjRxhXxJV5EldtWdFm0WQbS",
				"staffRole":1,
				"stampsBalance":0,
				"status":1,
				"updatedAt":"2026-05-01 21:45:13",
				"updatedBy":0
			}
		],
		"size":50,
		"total":0
	},
	"message":"OK",
	"success":true
} 
cn.nine.commons.data.page.PageData<cn.nine.pros.post.client.model.db.UserDTO>

[2026-05-02 00:53:21.300] [DEBUG] [] [f35c6a7a60374811abb303c052c615a6]: =========================================
[2026-05-02 00:53:21.300] [DEBUG] [] [330517ac0c6a4096bae798ed552415e1]: ==> leave RequestContextHolder.
[2026-05-02 00:53:21.300] [DEBUG] [] [f35c6a7a60374811abb303c052c615a6]: ==> leave RequestContextHolder.
[2026-05-02 00:53:21.300] [DEBUG] [] [128123e69fe64c25ac740a9d40320a2c]: ==> leave RequestContextHolder.
[2026-05-02 00:53:21.300] [DEBUG] [] [330517ac0c6a4096bae798ed552415e1]: ==> leave RequestContextHolder.
[2026-05-02 00:53:21.300] [DEBUG] [] [f35c6a7a60374811abb303c052c615a6]: ==> leave RequestContextHolder.
[2026-05-02 00:53:21.300] [DEBUG] [] [128123e69fe64c25ac740a9d40320a2c]: ==> leave RequestContextHolder.
[2026-05-02 00:53:21.304] [DEBUG] [] []: ==》/webapi/auth/current -> into PreRequestContextFilter.
[2026-05-02 00:53:21.304] [DEBUG] [] [9bc31f6c2deb4ceda9cbb161dda97e63]: 地址 /webapi/auth/current 进入过滤器
[2026-05-02 00:53:21.306] [DEBUG] [] [9bc31f6c2deb4ceda9cbb161dda97e63]: ==>  Preparing: SELECT id,email,password_hash,nickname,birth_year,country_code,bio,avatar_url,stamps_balance,is_vip,vip_expire_at,status,staff_role,register_ip,last_login_at,created_at,created_by,updated_at,updated_by,del_flag FROM bu_user WHERE id=?
[2026-05-02 00:53:21.306] [DEBUG] [] [9bc31f6c2deb4ceda9cbb161dda97e63]: ==> Parameters: 1(Long)
[2026-05-02 00:53:21.307] [DEBUG] [] [9bc31f6c2deb4ceda9cbb161dda97e63]: <==      Total: 1
[2026-05-02 00:53:21.307] [DEBUG] [] [9bc31f6c2deb4ceda9cbb161dda97e63]: ===> Supports JSON Message Converter : true
[2026-05-02 00:53:21.308] [DEBUG] [] [9bc31f6c2deb4ceda9cbb161dda97e63]: Using 'application/json', given [application/json, text/plain, */*] and supported [application/json, application/*+json]
[2026-05-02 00:53:21.308] [DEBUG] [] [9bc31f6c2deb4ceda9cbb161dda97e63]: ===> Supports JSON Message Converter : true
[2026-05-02 00:53:21.308] [DEBUG] [] [9bc31f6c2deb4ceda9cbb161dda97e63]: Writing [UserDTO(super=AbstractAuditableDTO(createdAt=2026-05-01T21:18:50.206341, createdBy=0, updatedAt=2026 (truncated)...]
[2026-05-02 00:53:21.308] [DEBUG] [] [9bc31f6c2deb4ceda9cbb161dda97e63]: =========================================
[2026-05-02 00:53:21.308] [DEBUG] [] [9bc31f6c2deb4ceda9cbb161dda97e63]: ===>> Output object : 

{
	"alg":"SALT_MD5",
	"code":200,
	"data":{
		"birthYear":1990,
		"createdAt":"2026-05-01 21:18:50",
		"createdBy":0,
		"delFlag":false,
		"email":"admin@staff.local",
		"id":1,
		"isVip":false,
		"lastLoginAt":"2026-05-01 21:45:13.229045",
		"nickname":"超级管理员",
		"staffRole":1,
		"stampsBalance":0,
		"status":1,
		"updatedAt":"2026-05-01 21:45:13",
		"updatedBy":0
	},
	"message":"OK",
	"success":true
} 
class cn.nine.pros.post.client.model.db.UserDTO

[2026-05-02 00:53:21.308] [DEBUG] [] [9bc31f6c2deb4ceda9cbb161dda97e63]: =========================================
[2026-05-02 00:53:21.308] [DEBUG] [] [9bc31f6c2deb4ceda9cbb161dda97e63]: ==> leave RequestContextHolder.
[2026-05-02 00:53:21.308] [DEBUG] [] [9bc31f6c2deb4ceda9cbb161dda97e63]: ==> leave RequestContextHolder.
[2026-05-02 00:57:55.306] [DEBUG] [] []: ==》/webapi/user/paging -> into PreRequestContextFilter.
[2026-05-02 00:57:55.306] [DEBUG] [] []: ==》/webapi/auth/current -> into PreRequestContextFilter.
[2026-05-02 00:57:55.306] [DEBUG] [] []: ==》/webapi/user/paging -> into PreRequestContextFilter.
[2026-05-02 00:57:55.306] [DEBUG] [] [867cfe95f1ea4fdca1b95304f5a3e448]: 地址 /webapi/user/paging 进入过滤器
[2026-05-02 00:57:55.306] [DEBUG] [] [fd97eca8f420496986a20cad5abd97e1]: 地址 /webapi/user/paging 进入过滤器
[2026-05-02 00:57:55.306] [DEBUG] [] [39512f6bdec446f48216b09b174cdf93]: 地址 /webapi/auth/current 进入过滤器
[2026-05-02 00:57:55.308] [DEBUG] [] [39512f6bdec446f48216b09b174cdf93]: ==>  Preparing: SELECT id,email,password_hash,nickname,birth_year,country_code,bio,avatar_url,stamps_balance,is_vip,vip_expire_at,status,staff_role,register_ip,last_login_at,created_at,created_by,updated_at,updated_by,del_flag FROM bu_user WHERE id=?
[2026-05-02 00:57:55.308] [DEBUG] [] [39512f6bdec446f48216b09b174cdf93]: ==> Parameters: 1(Long)
[2026-05-02 00:57:55.308] [DEBUG] [] [39512f6bdec446f48216b09b174cdf93]: <==      Total: 1
[2026-05-02 00:57:55.308] [DEBUG] [] [39512f6bdec446f48216b09b174cdf93]: ===> Supports JSON Message Converter : true
[2026-05-02 00:57:55.308] [DEBUG] [] [867cfe95f1ea4fdca1b95304f5a3e448]: ==>  Preparing: SELECT id,email,password_hash,nickname,birth_year,country_code,bio,avatar_url,stamps_balance,is_vip,vip_expire_at,status,staff_role,register_ip,last_login_at,created_at,created_by,updated_at,updated_by,del_flag FROM bu_user WHERE (del_flag = ?) ORDER BY created_at DESC
[2026-05-02 00:57:55.309] [DEBUG] [] [39512f6bdec446f48216b09b174cdf93]: Using 'application/json', given [application/json, text/plain, */*] and supported [application/json, application/*+json]
[2026-05-02 00:57:55.309] [DEBUG] [] [867cfe95f1ea4fdca1b95304f5a3e448]: ==> Parameters: false(Boolean)
[2026-05-02 00:57:55.309] [DEBUG] [] [39512f6bdec446f48216b09b174cdf93]: ===> Supports JSON Message Converter : true
[2026-05-02 00:57:55.309] [DEBUG] [] [39512f6bdec446f48216b09b174cdf93]: Writing [UserDTO(super=AbstractAuditableDTO(createdAt=2026-05-01T21:18:50.206341, createdBy=0, updatedAt=2026 (truncated)...]
[2026-05-02 00:57:55.309] [DEBUG] [] [39512f6bdec446f48216b09b174cdf93]: =========================================
[2026-05-02 00:57:55.309] [DEBUG] [] [39512f6bdec446f48216b09b174cdf93]: ===>> Output object : 

{
	"alg":"SALT_MD5",
	"code":200,
	"data":{
		"birthYear":1990,
		"createdAt":"2026-05-01 21:18:50",
		"createdBy":0,
		"delFlag":false,
		"email":"admin@staff.local",
		"id":1,
		"isVip":false,
		"lastLoginAt":"2026-05-01 21:45:13.229045",
		"nickname":"超级管理员",
		"staffRole":1,
		"stampsBalance":0,
		"status":1,
		"updatedAt":"2026-05-01 21:45:13",
		"updatedBy":0
	},
	"message":"OK",
	"success":true
} 
class cn.nine.pros.post.client.model.db.UserDTO

[2026-05-02 00:57:55.309] [DEBUG] [] [39512f6bdec446f48216b09b174cdf93]: =========================================
[2026-05-02 00:57:55.310] [DEBUG] [] [867cfe95f1ea4fdca1b95304f5a3e448]: <==      Total: 1
[2026-05-02 00:57:55.310] [DEBUG] [] [39512f6bdec446f48216b09b174cdf93]: ==> leave RequestContextHolder.
[2026-05-02 00:57:55.310] [DEBUG] [] [39512f6bdec446f48216b09b174cdf93]: ==> leave RequestContextHolder.
[2026-05-02 00:57:55.310] [DEBUG] [] [867cfe95f1ea4fdca1b95304f5a3e448]: ===> Supports JSON Message Converter : true
[2026-05-02 00:57:55.310] [DEBUG] [] [867cfe95f1ea4fdca1b95304f5a3e448]: Using 'application/json', given [application/json, text/plain, */*] and supported [application/json, application/*+json]
[2026-05-02 00:57:55.310] [DEBUG] [] [867cfe95f1ea4fdca1b95304f5a3e448]: ===> Supports JSON Message Converter : true
[2026-05-02 00:57:55.310] [DEBUG] [] [867cfe95f1ea4fdca1b95304f5a3e448]: Writing [PageData(total=0, page=1, size=50, pages=0, records=[UserDTO(super=AbstractAuditableDTO(createdAt=20 (truncated)...]
[2026-05-02 00:57:55.310] [DEBUG] [] [867cfe95f1ea4fdca1b95304f5a3e448]: =========================================
[2026-05-02 00:57:55.310] [DEBUG] [] [867cfe95f1ea4fdca1b95304f5a3e448]: ===>> Output object : 

{
	"alg":"SALT_MD5",
	"code":200,
	"data":{
		"empty":false,
		"page":1,
		"pages":0,
		"recordCount":1,
		"records":[
			{
				"birthYear":1990,
				"createdAt":"2026-05-01 21:18:50",
				"createdBy":0,
				"delFlag":false,
				"email":"admin@staff.local",
				"id":1,
				"isVip":false,
				"lastLoginAt":"2026-05-01 21:45:13.229045",
				"nickname":"超级管理员",
				"passwordHash":"$2a$10$YTUeGZqQ/xrX1d9V26669ubXuH90MthjRxhXxJV5EldtWdFm0WQbS",
				"staffRole":1,
				"stampsBalance":0,
				"status":1,
				"updatedAt":"2026-05-01 21:45:13",
				"updatedBy":0
			}
		],
		"size":50,
		"total":0
	},
	"message":"OK",
	"success":true
} 
cn.nine.commons.data.page.PageData<cn.nine.pros.post.client.model.db.UserDTO>

[2026-05-02 00:57:55.310] [DEBUG] [] [867cfe95f1ea4fdca1b95304f5a3e448]: =========================================
[2026-05-02 00:57:55.310] [DEBUG] [] [867cfe95f1ea4fdca1b95304f5a3e448]: ==> leave RequestContextHolder.
[2026-05-02 00:57:55.310] [DEBUG] [] [867cfe95f1ea4fdca1b95304f5a3e448]: ==> leave RequestContextHolder.
[2026-05-02 00:57:55.312] [DEBUG] [] []: ==》/webapi/auth/current -> into PreRequestContextFilter.
[2026-05-02 00:57:55.312] [DEBUG] [] [1ce23149f21e41b283a959ffc5c837d4]: 地址 /webapi/auth/current 进入过滤器
[2026-05-02 00:57:55.314] [DEBUG] [] [1ce23149f21e41b283a959ffc5c837d4]: ==>  Preparing: SELECT id,email,password_hash,nickname,birth_year,country_code,bio,avatar_url,stamps_balance,is_vip,vip_expire_at,status,staff_role,register_ip,last_login_at,created_at,created_by,updated_at,updated_by,del_flag FROM bu_user WHERE id=?
[2026-05-02 00:57:55.314] [DEBUG] [] [1ce23149f21e41b283a959ffc5c837d4]: ==> Parameters: 1(Long)
[2026-05-02 00:57:55.314] [DEBUG] [] [1ce23149f21e41b283a959ffc5c837d4]: <==      Total: 1
[2026-05-02 00:57:55.314] [DEBUG] [] [1ce23149f21e41b283a959ffc5c837d4]: ===> Supports JSON Message Converter : true
[2026-05-02 00:57:55.314] [DEBUG] [] [1ce23149f21e41b283a959ffc5c837d4]: Using 'application/json', given [application/json, text/plain, */*] and supported [application/json, application/*+json]
[2026-05-02 00:57:55.314] [DEBUG] [] [1ce23149f21e41b283a959ffc5c837d4]: ===> Supports JSON Message Converter : true
[2026-05-02 00:57:55.314] [DEBUG] [] [1ce23149f21e41b283a959ffc5c837d4]: Writing [UserDTO(super=AbstractAuditableDTO(createdAt=2026-05-01T21:18:50.206341, createdBy=0, updatedAt=2026 (truncated)...]
[2026-05-02 00:57:55.315] [DEBUG] [] [1ce23149f21e41b283a959ffc5c837d4]: =========================================
[2026-05-02 00:57:55.315] [DEBUG] [] [1ce23149f21e41b283a959ffc5c837d4]: ===>> Output object : 

{
	"alg":"SALT_MD5",
	"code":200,
	"data":{
		"birthYear":1990,
		"createdAt":"2026-05-01 21:18:50",
		"createdBy":0,
		"delFlag":false,
		"email":"admin@staff.local",
		"id":1,
		"isVip":false,
		"lastLoginAt":"2026-05-01 21:45:13.229045",
		"nickname":"超级管理员",
		"staffRole":1,
		"stampsBalance":0,
		"status":1,
		"updatedAt":"2026-05-01 21:45:13",
		"updatedBy":0
	},
	"message":"OK",
	"success":true
} 
class cn.nine.pros.post.client.model.db.UserDTO

[2026-05-02 00:57:55.315] [DEBUG] [] [1ce23149f21e41b283a959ffc5c837d4]: =========================================
[2026-05-02 00:57:55.315] [DEBUG] [] [1ce23149f21e41b283a959ffc5c837d4]: ==> leave RequestContextHolder.
[2026-05-02 00:57:55.315] [DEBUG] [] [1ce23149f21e41b283a959ffc5c837d4]: ==> leave RequestContextHolder.
[2026-05-02 00:57:55.318] [DEBUG] [] [fd97eca8f420496986a20cad5abd97e1]: ==>  Preparing: SELECT id,email,password_hash,nickname,birth_year,country_code,bio,avatar_url,stamps_balance,is_vip,vip_expire_at,status,staff_role,register_ip,last_login_at,created_at,created_by,updated_at,updated_by,del_flag FROM bu_user WHERE (del_flag = ?) ORDER BY created_at DESC
[2026-05-02 00:57:55.318] [DEBUG] [] [fd97eca8f420496986a20cad5abd97e1]: ==> Parameters: false(Boolean)
[2026-05-02 00:57:55.319] [DEBUG] [] [fd97eca8f420496986a20cad5abd97e1]: <==      Total: 1
[2026-05-02 00:57:55.319] [DEBUG] [] [fd97eca8f420496986a20cad5abd97e1]: ===> Supports JSON Message Converter : true
[2026-05-02 00:57:55.319] [DEBUG] [] [fd97eca8f420496986a20cad5abd97e1]: Using 'application/json', given [application/json, text/plain, */*] and supported [application/json, application/*+json]
[2026-05-02 00:57:55.319] [DEBUG] [] [fd97eca8f420496986a20cad5abd97e1]: ===> Supports JSON Message Converter : true
[2026-05-02 00:57:55.319] [DEBUG] [] [fd97eca8f420496986a20cad5abd97e1]: Writing [PageData(total=0, page=1, size=50, pages=0, records=[UserDTO(super=AbstractAuditableDTO(createdAt=20 (truncated)...]
[2026-05-02 00:57:55.319] [DEBUG] [] [fd97eca8f420496986a20cad5abd97e1]: =========================================
[2026-05-02 00:57:55.319] [DEBUG] [] [fd97eca8f420496986a20cad5abd97e1]: ===>> Output object : 

{
	"alg":"SALT_MD5",
	"code":200,
	"data":{
		"empty":false,
		"page":1,
		"pages":0,
		"recordCount":1,
		"records":[
			{
				"birthYear":1990,
				"createdAt":"2026-05-01 21:18:50",
				"createdBy":0,
				"delFlag":false,
				"email":"admin@staff.local",
				"id":1,
				"isVip":false,
				"lastLoginAt":"2026-05-01 21:45:13.229045",
				"nickname":"超级管理员",
				"passwordHash":"$2a$10$YTUeGZqQ/xrX1d9V26669ubXuH90MthjRxhXxJV5EldtWdFm0WQbS",
				"staffRole":1,
				"stampsBalance":0,
				"status":1,
				"updatedAt":"2026-05-01 21:45:13",
				"updatedBy":0
			}
		],
		"size":50,
		"total":0
	},
	"message":"OK",
	"success":true
} 
cn.nine.commons.data.page.PageData<cn.nine.pros.post.client.model.db.UserDTO>

[2026-05-02 00:57:55.319] [DEBUG] [] [fd97eca8f420496986a20cad5abd97e1]: =========================================
[2026-05-02 00:57:55.320] [DEBUG] [] [fd97eca8f420496986a20cad5abd97e1]: ==> leave RequestContextHolder.
[2026-05-02 00:57:55.320] [DEBUG] [] [fd97eca8f420496986a20cad5abd97e1]: ==> leave RequestContextHolder.
[2026-05-02 01:03:21.307] [DEBUG] [] []: ==》/webapi/auth/current -> into PreRequestContextFilter.
[2026-05-02 01:03:21.307] [DEBUG] [] []: ==》/webapi/user/paging -> into PreRequestContextFilter.
[2026-05-02 01:03:21.307] [DEBUG] [] []: ==》/webapi/user/paging -> into PreRequestContextFilter.
[2026-05-02 01:03:21.307] [DEBUG] [] [e2fee8c1167a4b5e9d551e6e49683aa7]: 地址 /webapi/user/paging 进入过滤器
[2026-05-02 01:03:21.307] [DEBUG] [] [27d969a746ba4342969f517695c6fd31]: 地址 /webapi/auth/current 进入过滤器
[2026-05-02 01:03:21.307] [DEBUG] [] [2b8c473d82ea4556bd3be6ff397192e4]: 地址 /webapi/user/paging 进入过滤器
[2026-05-02 01:03:21.313] [DEBUG] [] [27d969a746ba4342969f517695c6fd31]: ==>  Preparing: SELECT id,email,password_hash,nickname,birth_year,country_code,bio,avatar_url,stamps_balance,is_vip,vip_expire_at,status,staff_role,register_ip,last_login_at,created_at,created_by,updated_at,updated_by,del_flag FROM bu_user WHERE id=?
[2026-05-02 01:03:21.313] [DEBUG] [] [27d969a746ba4342969f517695c6fd31]: ==> Parameters: 1(Long)
[2026-05-02 01:03:21.314] [DEBUG] [] [2b8c473d82ea4556bd3be6ff397192e4]: ==>  Preparing: SELECT id,email,password_hash,nickname,birth_year,country_code,bio,avatar_url,stamps_balance,is_vip,vip_expire_at,status,staff_role,register_ip,last_login_at,created_at,created_by,updated_at,updated_by,del_flag FROM bu_user WHERE (del_flag = ?) ORDER BY created_at DESC
[2026-05-02 01:03:21.314] [DEBUG] [] [e2fee8c1167a4b5e9d551e6e49683aa7]: ==>  Preparing: SELECT id,email,password_hash,nickname,birth_year,country_code,bio,avatar_url,stamps_balance,is_vip,vip_expire_at,status,staff_role,register_ip,last_login_at,created_at,created_by,updated_at,updated_by,del_flag FROM bu_user WHERE (del_flag = ?) ORDER BY created_at DESC
[2026-05-02 01:03:21.314] [DEBUG] [] [27d969a746ba4342969f517695c6fd31]: <==      Total: 1
[2026-05-02 01:03:21.314] [DEBUG] [] [e2fee8c1167a4b5e9d551e6e49683aa7]: ==> Parameters: false(Boolean)
[2026-05-02 01:03:21.314] [DEBUG] [] [2b8c473d82ea4556bd3be6ff397192e4]: ==> Parameters: false(Boolean)
[2026-05-02 01:03:21.315] [DEBUG] [] [27d969a746ba4342969f517695c6fd31]: ===> Supports JSON Message Converter : true
[2026-05-02 01:03:21.315] [DEBUG] [] [27d969a746ba4342969f517695c6fd31]: Using 'application/json', given [application/json, text/plain, */*] and supported [application/json, application/*+json]
[2026-05-02 01:03:21.315] [DEBUG] [] [27d969a746ba4342969f517695c6fd31]: ===> Supports JSON Message Converter : true
[2026-05-02 01:03:21.315] [DEBUG] [] [27d969a746ba4342969f517695c6fd31]: Writing [UserDTO(super=AbstractAuditableDTO(createdAt=2026-05-01T21:18:50.206341, createdBy=0, updatedAt=2026 (truncated)...]
[2026-05-02 01:03:21.315] [DEBUG] [] [27d969a746ba4342969f517695c6fd31]: =========================================
[2026-05-02 01:03:21.315] [DEBUG] [] [27d969a746ba4342969f517695c6fd31]: ===>> Output object : 

{
	"alg":"SALT_MD5",
	"code":200,
	"data":{
		"birthYear":1990,
		"createdAt":"2026-05-01 21:18:50",
		"createdBy":0,
		"delFlag":false,
		"email":"admin@staff.local",
		"id":1,
		"isVip":false,
		"lastLoginAt":"2026-05-01 21:45:13.229045",
		"nickname":"超级管理员",
		"staffRole":1,
		"stampsBalance":0,
		"status":1,
		"updatedAt":"2026-05-01 21:45:13",
		"updatedBy":0
	},
	"message":"OK",
	"success":true
} 
class cn.nine.pros.post.client.model.db.UserDTO

[2026-05-02 01:03:21.315] [DEBUG] [] [27d969a746ba4342969f517695c6fd31]: =========================================
[2026-05-02 01:03:21.315] [DEBUG] [] [2b8c473d82ea4556bd3be6ff397192e4]: <==      Total: 1
[2026-05-02 01:03:21.315] [DEBUG] [] [e2fee8c1167a4b5e9d551e6e49683aa7]: <==      Total: 1
[2026-05-02 01:03:21.315] [DEBUG] [] [2b8c473d82ea4556bd3be6ff397192e4]: ===> Supports JSON Message Converter : true
[2026-05-02 01:03:21.315] [DEBUG] [] [e2fee8c1167a4b5e9d551e6e49683aa7]: ===> Supports JSON Message Converter : true
[2026-05-02 01:03:21.315] [DEBUG] [] [2b8c473d82ea4556bd3be6ff397192e4]: Using 'application/json', given [application/json, text/plain, */*] and supported [application/json, application/*+json]
[2026-05-02 01:03:21.315] [DEBUG] [] [e2fee8c1167a4b5e9d551e6e49683aa7]: Using 'application/json', given [application/json, text/plain, */*] and supported [application/json, application/*+json]
[2026-05-02 01:03:21.315] [DEBUG] [] [2b8c473d82ea4556bd3be6ff397192e4]: ===> Supports JSON Message Converter : true
[2026-05-02 01:03:21.315] [DEBUG] [] [e2fee8c1167a4b5e9d551e6e49683aa7]: ===> Supports JSON Message Converter : true
[2026-05-02 01:03:21.315] [DEBUG] [] [27d969a746ba4342969f517695c6fd31]: ==> leave RequestContextHolder.
[2026-05-02 01:03:21.315] [DEBUG] [] [27d969a746ba4342969f517695c6fd31]: ==> leave RequestContextHolder.
[2026-05-02 01:03:21.315] [DEBUG] [] [2b8c473d82ea4556bd3be6ff397192e4]: Writing [PageData(total=0, page=1, size=50, pages=0, records=[UserDTO(super=AbstractAuditableDTO(createdAt=20 (truncated)...]
[2026-05-02 01:03:21.315] [DEBUG] [] [e2fee8c1167a4b5e9d551e6e49683aa7]: Writing [PageData(total=0, page=1, size=50, pages=0, records=[UserDTO(super=AbstractAuditableDTO(createdAt=20 (truncated)...]
[2026-05-02 01:03:21.315] [DEBUG] [] [2b8c473d82ea4556bd3be6ff397192e4]: =========================================
[2026-05-02 01:03:21.316] [DEBUG] [] [2b8c473d82ea4556bd3be6ff397192e4]: ===>> Output object : 

{
	"alg":"SALT_MD5",
	"code":200,
	"data":{
		"empty":false,
		"page":1,
		"pages":0,
		"recordCount":1,
		"records":[
			{
				"birthYear":1990,
				"createdAt":"2026-05-01 21:18:50",
				"createdBy":0,
				"delFlag":false,
				"email":"admin@staff.local",
				"id":1,
				"isVip":false,
				"lastLoginAt":"2026-05-01 21:45:13.229045",
				"nickname":"超级管理员",
				"passwordHash":"$2a$10$YTUeGZqQ/xrX1d9V26669ubXuH90MthjRxhXxJV5EldtWdFm0WQbS",
				"staffRole":1,
				"stampsBalance":0,
				"status":1,
				"updatedAt":"2026-05-01 21:45:13",
				"updatedBy":0
			}
		],
		"size":50,
		"total":0
	},
	"message":"OK",
	"success":true
} 
cn.nine.commons.data.page.PageData<cn.nine.pros.post.client.model.db.UserDTO>

[2026-05-02 01:03:21.316] [DEBUG] [] [2b8c473d82ea4556bd3be6ff397192e4]: =========================================
[2026-05-02 01:03:21.316] [DEBUG] [] [e2fee8c1167a4b5e9d551e6e49683aa7]: =========================================
[2026-05-02 01:03:21.316] [DEBUG] [] [e2fee8c1167a4b5e9d551e6e49683aa7]: ===>> Output object : 

{
	"alg":"SALT_MD5",
	"code":200,
	"data":{
		"empty":false,
		"page":1,
		"pages":0,
		"recordCount":1,
		"records":[
			{
				"birthYear":1990,
				"createdAt":"2026-05-01 21:18:50",
				"createdBy":0,
				"delFlag":false,
				"email":"admin@staff.local",
				"id":1,
				"isVip":false,
				"lastLoginAt":"2026-05-01 21:45:13.229045",
				"nickname":"超级管理员",
				"passwordHash":"$2a$10$YTUeGZqQ/xrX1d9V26669ubXuH90MthjRxhXxJV5EldtWdFm0WQbS",
				"staffRole":1,
				"stampsBalance":0,
				"status":1,
				"updatedAt":"2026-05-01 21:45:13",
				"updatedBy":0
			}
		],
		"size":50,
		"total":0
	},
	"message":"OK",
	"success":true
} 
cn.nine.commons.data.page.PageData<cn.nine.pros.post.client.model.db.UserDTO>

[2026-05-02 01:03:21.316] [DEBUG] [] [e2fee8c1167a4b5e9d551e6e49683aa7]: =========================================
[2026-05-02 01:03:21.316] [DEBUG] [] [e2fee8c1167a4b5e9d551e6e49683aa7]: ==> leave RequestContextHolder.
[2026-05-02 01:03:21.316] [DEBUG] [] [2b8c473d82ea4556bd3be6ff397192e4]: ==> leave RequestContextHolder.
[2026-05-02 01:03:21.316] [DEBUG] [] [e2fee8c1167a4b5e9d551e6e49683aa7]: ==> leave RequestContextHolder.
[2026-05-02 01:03:21.316] [DEBUG] [] [2b8c473d82ea4556bd3be6ff397192e4]: ==> leave RequestContextHolder.
[2026-05-02 01:03:21.321] [DEBUG] [] []: ==》/webapi/auth/current -> into PreRequestContextFilter.
[2026-05-02 01:03:21.322] [DEBUG] [] [5ec38a27ca0a4fddbc40b72c8289843e]: 地址 /webapi/auth/current 进入过滤器
[2026-05-02 01:03:21.324] [DEBUG] [] [5ec38a27ca0a4fddbc40b72c8289843e]: ==>  Preparing: SELECT id,email,password_hash,nickname,birth_year,country_code,bio,avatar_url,stamps_balance,is_vip,vip_expire_at,status,staff_role,register_ip,last_login_at,created_at,created_by,updated_at,updated_by,del_flag FROM bu_user WHERE id=?
[2026-05-02 01:03:21.324] [DEBUG] [] [5ec38a27ca0a4fddbc40b72c8289843e]: ==> Parameters: 1(Long)
[2026-05-02 01:03:21.326] [DEBUG] [] [5ec38a27ca0a4fddbc40b72c8289843e]: <==      Total: 1
[2026-05-02 01:03:21.326] [DEBUG] [] [5ec38a27ca0a4fddbc40b72c8289843e]: ===> Supports JSON Message Converter : true
[2026-05-02 01:03:21.326] [DEBUG] [] [5ec38a27ca0a4fddbc40b72c8289843e]: Using 'application/json', given [application/json, text/plain, */*] and supported [application/json, application/*+json]
[2026-05-02 01:03:21.326] [DEBUG] [] [5ec38a27ca0a4fddbc40b72c8289843e]: ===> Supports JSON Message Converter : true
[2026-05-02 01:03:21.326] [DEBUG] [] [5ec38a27ca0a4fddbc40b72c8289843e]: Writing [UserDTO(super=AbstractAuditableDTO(createdAt=2026-05-01T21:18:50.206341, createdBy=0, updatedAt=2026 (truncated)...]
[2026-05-02 01:03:21.326] [DEBUG] [] [5ec38a27ca0a4fddbc40b72c8289843e]: =========================================
[2026-05-02 01:03:21.326] [DEBUG] [] [5ec38a27ca0a4fddbc40b72c8289843e]: ===>> Output object : 

{
	"alg":"SALT_MD5",
	"code":200,
	"data":{
		"birthYear":1990,
		"createdAt":"2026-05-01 21:18:50",
		"createdBy":0,
		"delFlag":false,
		"email":"admin@staff.local",
		"id":1,
		"isVip":false,
		"lastLoginAt":"2026-05-01 21:45:13.229045",
		"nickname":"超级管理员",
		"staffRole":1,
		"stampsBalance":0,
		"status":1,
		"updatedAt":"2026-05-01 21:45:13",
		"updatedBy":0
	},
	"message":"OK",
	"success":true
} 
class cn.nine.pros.post.client.model.db.UserDTO

[2026-05-02 01:03:21.326] [DEBUG] [] [5ec38a27ca0a4fddbc40b72c8289843e]: =========================================
[2026-05-02 01:03:21.326] [DEBUG] [] [5ec38a27ca0a4fddbc40b72c8289843e]: ==> leave RequestContextHolder.
[2026-05-02 01:03:21.326] [DEBUG] [] [5ec38a27ca0a4fddbc40b72c8289843e]: ==> leave RequestContextHolder.
[2026-05-02 01:07:55.320] [DEBUG] [] []: ==》/webapi/user/paging -> into PreRequestContextFilter.
[2026-05-02 01:07:55.320] [DEBUG] [] []: ==》/webapi/user/paging -> into PreRequestContextFilter.
[2026-05-02 01:07:55.320] [DEBUG] [] [edecafc1924f42bda36cbfe44f36a9c0]: 地址 /webapi/user/paging 进入过滤器
[2026-05-02 01:07:55.320] [DEBUG] [] [a8d73b0020464fa2b721e3c2ecb75d05]: 地址 /webapi/user/paging 进入过滤器
[2026-05-02 01:07:55.322] [DEBUG] [] [edecafc1924f42bda36cbfe44f36a9c0]: ==>  Preparing: SELECT id,email,password_hash,nickname,birth_year,country_code,bio,avatar_url,stamps_balance,is_vip,vip_expire_at,status,staff_role,register_ip,last_login_at,created_at,created_by,updated_at,updated_by,del_flag FROM bu_user WHERE (del_flag = ?) ORDER BY created_at DESC
[2026-05-02 01:07:55.322] [DEBUG] [] [a8d73b0020464fa2b721e3c2ecb75d05]: ==>  Preparing: SELECT id,email,password_hash,nickname,birth_year,country_code,bio,avatar_url,stamps_balance,is_vip,vip_expire_at,status,staff_role,register_ip,last_login_at,created_at,created_by,updated_at,updated_by,del_flag FROM bu_user WHERE (del_flag = ?) ORDER BY created_at DESC
[2026-05-02 01:07:55.322] [DEBUG] [] [a8d73b0020464fa2b721e3c2ecb75d05]: ==> Parameters: false(Boolean)
[2026-05-02 01:07:55.322] [DEBUG] [] [edecafc1924f42bda36cbfe44f36a9c0]: ==> Parameters: false(Boolean)
[2026-05-02 01:07:55.323] [DEBUG] [] [edecafc1924f42bda36cbfe44f36a9c0]: <==      Total: 1
[2026-05-02 01:07:55.323] [DEBUG] [] [a8d73b0020464fa2b721e3c2ecb75d05]: <==      Total: 1
[2026-05-02 01:07:55.323] [DEBUG] [] [edecafc1924f42bda36cbfe44f36a9c0]: ===> Supports JSON Message Converter : true
[2026-05-02 01:07:55.323] [DEBUG] [] [a8d73b0020464fa2b721e3c2ecb75d05]: ===> Supports JSON Message Converter : true
[2026-05-02 01:07:55.323] [DEBUG] [] [edecafc1924f42bda36cbfe44f36a9c0]: Using 'application/json', given [application/json, text/plain, */*] and supported [application/json, application/*+json]
[2026-05-02 01:07:55.323] [DEBUG] [] [edecafc1924f42bda36cbfe44f36a9c0]: ===> Supports JSON Message Converter : true
[2026-05-02 01:07:55.323] [DEBUG] [] [a8d73b0020464fa2b721e3c2ecb75d05]: Using 'application/json', given [application/json, text/plain, */*] and supported [application/json, application/*+json]
[2026-05-02 01:07:55.323] [DEBUG] [] [a8d73b0020464fa2b721e3c2ecb75d05]: ===> Supports JSON Message Converter : true
[2026-05-02 01:07:55.323] [DEBUG] [] [edecafc1924f42bda36cbfe44f36a9c0]: Writing [PageData(total=0, page=1, size=50, pages=0, records=[UserDTO(super=AbstractAuditableDTO(createdAt=20 (truncated)...]
[2026-05-02 01:07:55.323] [DEBUG] [] [a8d73b0020464fa2b721e3c2ecb75d05]: Writing [PageData(total=0, page=1, size=50, pages=0, records=[UserDTO(super=AbstractAuditableDTO(createdAt=20 (truncated)...]
[2026-05-02 01:07:55.323] [DEBUG] [] [edecafc1924f42bda36cbfe44f36a9c0]: =========================================
[2026-05-02 01:07:55.323] [DEBUG] [] [edecafc1924f42bda36cbfe44f36a9c0]: ===>> Output object : 

{
	"alg":"SALT_MD5",
	"code":200,
	"data":{
		"empty":false,
		"page":1,
		"pages":0,
		"recordCount":1,
		"records":[
			{
				"birthYear":1990,
				"createdAt":"2026-05-01 21:18:50",
				"createdBy":0,
				"delFlag":false,
				"email":"admin@staff.local",
				"id":1,
				"isVip":false,
				"lastLoginAt":"2026-05-01 21:45:13.229045",
				"nickname":"超级管理员",
				"passwordHash":"$2a$10$YTUeGZqQ/xrX1d9V26669ubXuH90MthjRxhXxJV5EldtWdFm0WQbS",
				"staffRole":1,
				"stampsBalance":0,
				"status":1,
				"updatedAt":"2026-05-01 21:45:13",
				"updatedBy":0
			}
		],
		"size":50,
		"total":0
	},
	"message":"OK",
	"success":true
} 
cn.nine.commons.data.page.PageData<cn.nine.pros.post.client.model.db.UserDTO>

[2026-05-02 01:07:55.323] [DEBUG] [] [edecafc1924f42bda36cbfe44f36a9c0]: =========================================
[2026-05-02 01:07:55.323] [DEBUG] [] [a8d73b0020464fa2b721e3c2ecb75d05]: =========================================
[2026-05-02 01:07:55.323] [DEBUG] [] [a8d73b0020464fa2b721e3c2ecb75d05]: ===>> Output object : 

{
	"alg":"SALT_MD5",
	"code":200,
	"data":{
		"empty":false,
		"page":1,
		"pages":0,
		"recordCount":1,
		"records":[
			{
				"birthYear":1990,
				"createdAt":"2026-05-01 21:18:50",
				"createdBy":0,
				"delFlag":false,
				"email":"admin@staff.local",
				"id":1,
				"isVip":false,
				"lastLoginAt":"2026-05-01 21:45:13.229045",
				"nickname":"超级管理员",
				"passwordHash":"$2a$10$YTUeGZqQ/xrX1d9V26669ubXuH90MthjRxhXxJV5EldtWdFm0WQbS",
				"staffRole":1,
				"stampsBalance":0,
				"status":1,
				"updatedAt":"2026-05-01 21:45:13",
				"updatedBy":0
			}
		],
		"size":50,
		"total":0
	},
	"message":"OK",
	"success":true
} 
cn.nine.commons.data.page.PageData<cn.nine.pros.post.client.model.db.UserDTO>

[2026-05-02 01:07:55.323] [DEBUG] [] [a8d73b0020464fa2b721e3c2ecb75d05]: =========================================
[2026-05-02 01:07:55.323] [DEBUG] [] [edecafc1924f42bda36cbfe44f36a9c0]: ==> leave RequestContextHolder.
[2026-05-02 01:07:55.323] [DEBUG] [] [a8d73b0020464fa2b721e3c2ecb75d05]: ==> leave RequestContextHolder.
[2026-05-02 01:07:55.323] [DEBUG] [] [edecafc1924f42bda36cbfe44f36a9c0]: ==> leave RequestContextHolder.
[2026-05-02 01:07:55.323] [DEBUG] [] [a8d73b0020464fa2b721e3c2ecb75d05]: ==> leave RequestContextHolder.
[2026-05-02 01:07:55.343] [DEBUG] [] []: ==》/webapi/auth/current -> into PreRequestContextFilter.
[2026-05-02 01:07:55.343] [DEBUG] [] [10dfb41243aa406f8650de8e24cf920a]: 地址 /webapi/auth/current 进入过滤器
[2026-05-02 01:07:55.345] [DEBUG] [] [10dfb41243aa406f8650de8e24cf920a]: ==>  Preparing: SELECT id,email,password_hash,nickname,birth_year,country_code,bio,avatar_url,stamps_balance,is_vip,vip_expire_at,status,staff_role,register_ip,last_login_at,created_at,created_by,updated_at,updated_by,del_flag FROM bu_user WHERE id=?
[2026-05-02 01:07:55.346] [DEBUG] [] [10dfb41243aa406f8650de8e24cf920a]: ==> Parameters: 1(Long)
[2026-05-02 01:07:55.346] [DEBUG] [] [10dfb41243aa406f8650de8e24cf920a]: <==      Total: 1
[2026-05-02 01:07:55.346] [DEBUG] [] [10dfb41243aa406f8650de8e24cf920a]: ===> Supports JSON Message Converter : true
[2026-05-02 01:07:55.346] [DEBUG] [] [10dfb41243aa406f8650de8e24cf920a]: Using 'application/json', given [application/json, text/plain, */*] and supported [application/json, application/*+json]
[2026-05-02 01:07:55.346] [DEBUG] [] [10dfb41243aa406f8650de8e24cf920a]: ===> Supports JSON Message Converter : true
[2026-05-02 01:07:55.346] [DEBUG] [] [10dfb41243aa406f8650de8e24cf920a]: Writing [UserDTO(super=AbstractAuditableDTO(createdAt=2026-05-01T21:18:50.206341, createdBy=0, updatedAt=2026 (truncated)...]
[2026-05-02 01:07:55.347] [DEBUG] [] [10dfb41243aa406f8650de8e24cf920a]: =========================================
[2026-05-02 01:07:55.347] [DEBUG] [] [10dfb41243aa406f8650de8e24cf920a]: ===>> Output object : 

{
	"alg":"SALT_MD5",
	"code":200,
	"data":{
		"birthYear":1990,
		"createdAt":"2026-05-01 21:18:50",
		"createdBy":0,
		"delFlag":false,
		"email":"admin@staff.local",
		"id":1,
		"isVip":false,
		"lastLoginAt":"2026-05-01 21:45:13.229045",
		"nickname":"超级管理员",
		"staffRole":1,
		"stampsBalance":0,
		"status":1,
		"updatedAt":"2026-05-01 21:45:13",
		"updatedBy":0
	},
	"message":"OK",
	"success":true
} 
class cn.nine.pros.post.client.model.db.UserDTO

[2026-05-02 01:07:55.347] [DEBUG] [] [10dfb41243aa406f8650de8e24cf920a]: =========================================
[2026-05-02 01:07:55.347] [DEBUG] [] [10dfb41243aa406f8650de8e24cf920a]: ==> leave RequestContextHolder.
[2026-05-02 01:07:55.347] [DEBUG] [] [10dfb41243aa406f8650de8e24cf920a]: ==> leave RequestContextHolder.
[2026-05-02 01:07:55.348] [DEBUG] [] []: ==》/webapi/auth/current -> into PreRequestContextFilter.
[2026-05-02 01:07:55.348] [DEBUG] [] [76360c0ef46546bba568a5cbd20743fd]: 地址 /webapi/auth/current 进入过滤器
[2026-05-02 01:07:55.350] [DEBUG] [] [76360c0ef46546bba568a5cbd20743fd]: ==>  Preparing: SELECT id,email,password_hash,nickname,birth_year,country_code,bio,avatar_url,stamps_balance,is_vip,vip_expire_at,status,staff_role,register_ip,last_login_at,created_at,created_by,updated_at,updated_by,del_flag FROM bu_user WHERE id=?
[2026-05-02 01:07:55.350] [DEBUG] [] [76360c0ef46546bba568a5cbd20743fd]: ==> Parameters: 1(Long)
[2026-05-02 01:07:55.350] [DEBUG] [] [76360c0ef46546bba568a5cbd20743fd]: <==      Total: 1
[2026-05-02 01:07:55.350] [DEBUG] [] [76360c0ef46546bba568a5cbd20743fd]: ===> Supports JSON Message Converter : true
[2026-05-02 01:07:55.350] [DEBUG] [] [76360c0ef46546bba568a5cbd20743fd]: Using 'application/json', given [application/json, text/plain, */*] and supported [application/json, application/*+json]
[2026-05-02 01:07:55.350] [DEBUG] [] [76360c0ef46546bba568a5cbd20743fd]: ===> Supports JSON Message Converter : true
[2026-05-02 01:07:55.350] [DEBUG] [] [76360c0ef46546bba568a5cbd20743fd]: Writing [UserDTO(super=AbstractAuditableDTO(createdAt=2026-05-01T21:18:50.206341, createdBy=0, updatedAt=2026 (truncated)...]
[2026-05-02 01:07:55.350] [DEBUG] [] [76360c0ef46546bba568a5cbd20743fd]: =========================================
[2026-05-02 01:07:55.350] [DEBUG] [] [76360c0ef46546bba568a5cbd20743fd]: ===>> Output object : 

{
	"alg":"SALT_MD5",
	"code":200,
	"data":{
		"birthYear":1990,
		"createdAt":"2026-05-01 21:18:50",
		"createdBy":0,
		"delFlag":false,
		"email":"admin@staff.local",
		"id":1,
		"isVip":false,
		"lastLoginAt":"2026-05-01 21:45:13.229045",
		"nickname":"超级管理员",
		"staffRole":1,
		"stampsBalance":0,
		"status":1,
		"updatedAt":"2026-05-01 21:45:13",
		"updatedBy":0
	},
	"message":"OK",
	"success":true
} 
class cn.nine.pros.post.client.model.db.UserDTO

[2026-05-02 01:07:55.350] [DEBUG] [] [76360c0ef46546bba568a5cbd20743fd]: =========================================
[2026-05-02 01:07:55.352] [DEBUG] [] [76360c0ef46546bba568a5cbd20743fd]: ==> leave RequestContextHolder.
[2026-05-02 01:07:55.352] [DEBUG] [] [76360c0ef46546bba568a5cbd20743fd]: ==> leave RequestContextHolder.
[2026-05-02 01:13:21.250] [DEBUG] [] []: ==》/webapi/user/paging -> into PreRequestContextFilter.
[2026-05-02 01:13:21.250] [DEBUG] [] [d61d344710874436a3b4bdcd62a396b7]: 地址 /webapi/user/paging 进入过滤器
[2026-05-02 01:13:21.250] [DEBUG] [] []: ==》/webapi/auth/current -> into PreRequestContextFilter.
[2026-05-02 01:13:21.250] [DEBUG] [] []: ==》/webapi/user/paging -> into PreRequestContextFilter.
[2026-05-02 01:13:21.250] [DEBUG] [] [a510e4919516476292f37423bc1f1120]: 地址 /webapi/auth/current 进入过滤器
[2026-05-02 01:13:21.250] [DEBUG] [] [077b7459f8ba4c1da9160b999150c582]: 地址 /webapi/user/paging 进入过滤器
[2026-05-02 01:13:21.259] [DEBUG] [] [a510e4919516476292f37423bc1f1120]: ==>  Preparing: SELECT id,email,password_hash,nickname,birth_year,country_code,bio,avatar_url,stamps_balance,is_vip,vip_expire_at,status,staff_role,register_ip,last_login_at,created_at,created_by,updated_at,updated_by,del_flag FROM bu_user WHERE id=?
[2026-05-02 01:13:21.259] [DEBUG] [] [a510e4919516476292f37423bc1f1120]: ==> Parameters: 1(Long)
[2026-05-02 01:13:21.259] [DEBUG] [] [077b7459f8ba4c1da9160b999150c582]: ==>  Preparing: SELECT id,email,password_hash,nickname,birth_year,country_code,bio,avatar_url,stamps_balance,is_vip,vip_expire_at,status,staff_role,register_ip,last_login_at,created_at,created_by,updated_at,updated_by,del_flag FROM bu_user WHERE (del_flag = ?) ORDER BY created_at DESC
[2026-05-02 01:13:21.259] [DEBUG] [] [077b7459f8ba4c1da9160b999150c582]: ==> Parameters: false(Boolean)
[2026-05-02 01:13:21.259] [DEBUG] [] [d61d344710874436a3b4bdcd62a396b7]: ==>  Preparing: SELECT id,email,password_hash,nickname,birth_year,country_code,bio,avatar_url,stamps_balance,is_vip,vip_expire_at,status,staff_role,register_ip,last_login_at,created_at,created_by,updated_at,updated_by,del_flag FROM bu_user WHERE (del_flag = ?) ORDER BY created_at DESC
[2026-05-02 01:13:21.259] [DEBUG] [] [d61d344710874436a3b4bdcd62a396b7]: ==> Parameters: false(Boolean)
[2026-05-02 01:13:21.262] [DEBUG] [] [a510e4919516476292f37423bc1f1120]: <==      Total: 1
[2026-05-02 01:13:21.262] [DEBUG] [] [d61d344710874436a3b4bdcd62a396b7]: <==      Total: 1
[2026-05-02 01:13:21.262] [DEBUG] [] [077b7459f8ba4c1da9160b999150c582]: <==      Total: 1
[2026-05-02 01:13:21.262] [DEBUG] [] [a510e4919516476292f37423bc1f1120]: ===> Supports JSON Message Converter : true
[2026-05-02 01:13:21.262] [DEBUG] [] [a510e4919516476292f37423bc1f1120]: Using 'application/json', given [application/json, text/plain, */*] and supported [application/json, application/*+json]
[2026-05-02 01:13:21.262] [DEBUG] [] [a510e4919516476292f37423bc1f1120]: ===> Supports JSON Message Converter : true
[2026-05-02 01:13:21.262] [DEBUG] [] [077b7459f8ba4c1da9160b999150c582]: ===> Supports JSON Message Converter : true
[2026-05-02 01:13:21.262] [DEBUG] [] [d61d344710874436a3b4bdcd62a396b7]: ===> Supports JSON Message Converter : true
[2026-05-02 01:13:21.264] [DEBUG] [] [077b7459f8ba4c1da9160b999150c582]: Using 'application/json', given [application/json, text/plain, */*] and supported [application/json, application/*+json]
[2026-05-02 01:13:21.264] [DEBUG] [] [077b7459f8ba4c1da9160b999150c582]: ===> Supports JSON Message Converter : true
[2026-05-02 01:13:21.264] [DEBUG] [] [d61d344710874436a3b4bdcd62a396b7]: Using 'application/json', given [application/json, text/plain, */*] and supported [application/json, application/*+json]
[2026-05-02 01:13:21.264] [DEBUG] [] [d61d344710874436a3b4bdcd62a396b7]: ===> Supports JSON Message Converter : true
[2026-05-02 01:13:21.264] [DEBUG] [] [d61d344710874436a3b4bdcd62a396b7]: Writing [PageData(total=0, page=1, size=50, pages=0, records=[UserDTO(super=AbstractAuditableDTO(createdAt=20 (truncated)...]
[2026-05-02 01:13:21.264] [DEBUG] [] [077b7459f8ba4c1da9160b999150c582]: Writing [PageData(total=0, page=1, size=50, pages=0, records=[UserDTO(super=AbstractAuditableDTO(createdAt=20 (truncated)...]
[2026-05-02 01:13:21.264] [DEBUG] [] [077b7459f8ba4c1da9160b999150c582]: =========================================
[2026-05-02 01:13:21.264] [DEBUG] [] [a510e4919516476292f37423bc1f1120]: Writing [UserDTO(super=AbstractAuditableDTO(createdAt=2026-05-01T21:18:50.206341, createdBy=0, updatedAt=2026 (truncated)...]
[2026-05-02 01:13:21.264] [DEBUG] [] [077b7459f8ba4c1da9160b999150c582]: ===>> Output object : 

{
	"alg":"SALT_MD5",
	"code":200,
	"data":{
		"empty":false,
		"page":1,
		"pages":0,
		"recordCount":1,
		"records":[
			{
				"birthYear":1990,
				"createdAt":"2026-05-01 21:18:50",
				"createdBy":0,
				"delFlag":false,
				"email":"admin@staff.local",
				"id":1,
				"isVip":false,
				"lastLoginAt":"2026-05-01 21:45:13.229045",
				"nickname":"超级管理员",
				"passwordHash":"$2a$10$YTUeGZqQ/xrX1d9V26669ubXuH90MthjRxhXxJV5EldtWdFm0WQbS",
				"staffRole":1,
				"stampsBalance":0,
				"status":1,
				"updatedAt":"2026-05-01 21:45:13",
				"updatedBy":0
			}
		],
		"size":50,
		"total":0
	},
	"message":"OK",
	"success":true
} 
cn.nine.commons.data.page.PageData<cn.nine.pros.post.client.model.db.UserDTO>

[2026-05-02 01:13:21.264] [DEBUG] [] [077b7459f8ba4c1da9160b999150c582]: =========================================
[2026-05-02 01:13:21.264] [DEBUG] [] [d61d344710874436a3b4bdcd62a396b7]: =========================================
[2026-05-02 01:13:21.264] [DEBUG] [] [d61d344710874436a3b4bdcd62a396b7]: ===>> Output object : 

{
	"alg":"SALT_MD5",
	"code":200,
	"data":{
		"empty":false,
		"page":1,
		"pages":0,
		"recordCount":1,
		"records":[
			{
				"birthYear":1990,
				"createdAt":"2026-05-01 21:18:50",
				"createdBy":0,
				"delFlag":false,
				"email":"admin@staff.local",
				"id":1,
				"isVip":false,
				"lastLoginAt":"2026-05-01 21:45:13.229045",
				"nickname":"超级管理员",
				"passwordHash":"$2a$10$YTUeGZqQ/xrX1d9V26669ubXuH90MthjRxhXxJV5EldtWdFm0WQbS",
				"staffRole":1,
				"stampsBalance":0,
				"status":1,
				"updatedAt":"2026-05-01 21:45:13",
				"updatedBy":0
			}
		],
		"size":50,
		"total":0
	},
	"message":"OK",
	"success":true
} 
cn.nine.commons.data.page.PageData<cn.nine.pros.post.client.model.db.UserDTO>

[2026-05-02 01:13:21.264] [DEBUG] [] [d61d344710874436a3b4bdcd62a396b7]: =========================================
[2026-05-02 01:13:21.264] [DEBUG] [] [a510e4919516476292f37423bc1f1120]: =========================================
[2026-05-02 01:13:21.264] [DEBUG] [] [a510e4919516476292f37423bc1f1120]: ===>> Output object : 

{
	"alg":"SALT_MD5",
	"code":200,
	"data":{
		"birthYear":1990,
		"createdAt":"2026-05-01 21:18:50",
		"createdBy":0,
		"delFlag":false,
		"email":"admin@staff.local",
		"id":1,
		"isVip":false,
		"lastLoginAt":"2026-05-01 21:45:13.229045",
		"nickname":"超级管理员",
		"staffRole":1,
		"stampsBalance":0,
		"status":1,
		"updatedAt":"2026-05-01 21:45:13",
		"updatedBy":0
	},
	"message":"OK",
	"success":true
} 
class cn.nine.pros.post.client.model.db.UserDTO

[2026-05-02 01:13:21.264] [DEBUG] [] [a510e4919516476292f37423bc1f1120]: =========================================
[2026-05-02 01:13:21.264] [DEBUG] [] [d61d344710874436a3b4bdcd62a396b7]: ==> leave RequestContextHolder.
[2026-05-02 01:13:21.264] [DEBUG] [] [077b7459f8ba4c1da9160b999150c582]: ==> leave RequestContextHolder.
[2026-05-02 01:13:21.264] [DEBUG] [] [d61d344710874436a3b4bdcd62a396b7]: ==> leave RequestContextHolder.
[2026-05-02 01:13:21.264] [DEBUG] [] [077b7459f8ba4c1da9160b999150c582]: ==> leave RequestContextHolder.
[2026-05-02 01:13:21.264] [DEBUG] [] [a510e4919516476292f37423bc1f1120]: ==> leave RequestContextHolder.
[2026-05-02 01:13:21.264] [DEBUG] [] [a510e4919516476292f37423bc1f1120]: ==> leave RequestContextHolder.
[2026-05-02 01:13:21.285] [DEBUG] [] []: ==》/webapi/auth/current -> into PreRequestContextFilter.
[2026-05-02 01:13:21.285] [DEBUG] [] [f5d151deed1b4628aba0e90a308dffda]: 地址 /webapi/auth/current 进入过滤器
[2026-05-02 01:13:21.286] [DEBUG] [] [f5d151deed1b4628aba0e90a308dffda]: ==>  Preparing: SELECT id,email,password_hash,nickname,birth_year,country_code,bio,avatar_url,stamps_balance,is_vip,vip_expire_at,status,staff_role,register_ip,last_login_at,created_at,created_by,updated_at,updated_by,del_flag FROM bu_user WHERE id=?
[2026-05-02 01:13:21.287] [DEBUG] [] [f5d151deed1b4628aba0e90a308dffda]: ==> Parameters: 1(Long)
[2026-05-02 01:13:21.288] [DEBUG] [] [f5d151deed1b4628aba0e90a308dffda]: <==      Total: 1
[2026-05-02 01:13:21.288] [DEBUG] [] [f5d151deed1b4628aba0e90a308dffda]: ===> Supports JSON Message Converter : true
[2026-05-02 01:13:21.288] [DEBUG] [] [f5d151deed1b4628aba0e90a308dffda]: Using 'application/json', given [application/json, text/plain, */*] and supported [application/json, application/*+json]
[2026-05-02 01:13:21.288] [DEBUG] [] [f5d151deed1b4628aba0e90a308dffda]: ===> Supports JSON Message Converter : true
[2026-05-02 01:13:21.288] [DEBUG] [] [f5d151deed1b4628aba0e90a308dffda]: Writing [UserDTO(super=AbstractAuditableDTO(createdAt=2026-05-01T21:18:50.206341, createdBy=0, updatedAt=2026 (truncated)...]
[2026-05-02 01:13:21.288] [DEBUG] [] [f5d151deed1b4628aba0e90a308dffda]: =========================================
[2026-05-02 01:13:21.288] [DEBUG] [] [f5d151deed1b4628aba0e90a308dffda]: ===>> Output object : 

{
	"alg":"SALT_MD5",
	"code":200,
	"data":{
		"birthYear":1990,
		"createdAt":"2026-05-01 21:18:50",
		"createdBy":0,
		"delFlag":false,
		"email":"admin@staff.local",
		"id":1,
		"isVip":false,
		"lastLoginAt":"2026-05-01 21:45:13.229045",
		"nickname":"超级管理员",
		"staffRole":1,
		"stampsBalance":0,
		"status":1,
		"updatedAt":"2026-05-01 21:45:13",
		"updatedBy":0
	},
	"message":"OK",
	"success":true
} 
class cn.nine.pros.post.client.model.db.UserDTO

[2026-05-02 01:13:21.288] [DEBUG] [] [f5d151deed1b4628aba0e90a308dffda]: =========================================
[2026-05-02 01:13:21.288] [DEBUG] [] [f5d151deed1b4628aba0e90a308dffda]: ==> leave RequestContextHolder.
[2026-05-02 01:13:21.288] [DEBUG] [] [f5d151deed1b4628aba0e90a308dffda]: ==> leave RequestContextHolder.
[2026-05-02 01:17:55.266] [DEBUG] [] []: ==》/webapi/user/paging -> into PreRequestContextFilter.
[2026-05-02 01:17:55.266] [DEBUG] [] []: ==》/webapi/user/paging -> into PreRequestContextFilter.
[2026-05-02 01:17:55.266] [DEBUG] [] []: ==》/webapi/auth/current -> into PreRequestContextFilter.
[2026-05-02 01:17:55.266] [DEBUG] [] [b43421a4aeee453c823d7a60befccdc3]: 地址 /webapi/user/paging 进入过滤器
[2026-05-02 01:17:55.266] [DEBUG] [] [c1af0a222fc24c8e8f1aab5920f1e5c2]: 地址 /webapi/auth/current 进入过滤器
[2026-05-02 01:17:55.266] [DEBUG] [] [59b8692dd59446709623c3e31085df33]: 地址 /webapi/user/paging 进入过滤器
[2026-05-02 01:17:55.268] [DEBUG] [] [c1af0a222fc24c8e8f1aab5920f1e5c2]: ==>  Preparing: SELECT id,email,password_hash,nickname,birth_year,country_code,bio,avatar_url,stamps_balance,is_vip,vip_expire_at,status,staff_role,register_ip,last_login_at,created_at,created_by,updated_at,updated_by,del_flag FROM bu_user WHERE id=?
[2026-05-02 01:17:55.268] [DEBUG] [] [c1af0a222fc24c8e8f1aab5920f1e5c2]: ==> Parameters: 1(Long)
[2026-05-02 01:17:55.270] [DEBUG] [] [c1af0a222fc24c8e8f1aab5920f1e5c2]: <==      Total: 1
[2026-05-02 01:17:55.270] [DEBUG] [] [c1af0a222fc24c8e8f1aab5920f1e5c2]: ===> Supports JSON Message Converter : true
[2026-05-02 01:17:55.270] [DEBUG] [] [59b8692dd59446709623c3e31085df33]: ==>  Preparing: SELECT id,email,password_hash,nickname,birth_year,country_code,bio,avatar_url,stamps_balance,is_vip,vip_expire_at,status,staff_role,register_ip,last_login_at,created_at,created_by,updated_at,updated_by,del_flag FROM bu_user WHERE (del_flag = ?) ORDER BY created_at DESC
[2026-05-02 01:17:55.270] [DEBUG] [] [b43421a4aeee453c823d7a60befccdc3]: ==>  Preparing: SELECT id,email,password_hash,nickname,birth_year,country_code,bio,avatar_url,stamps_balance,is_vip,vip_expire_at,status,staff_role,register_ip,last_login_at,created_at,created_by,updated_at,updated_by,del_flag FROM bu_user WHERE (del_flag = ?) ORDER BY created_at DESC
[2026-05-02 01:17:55.270] [DEBUG] [] [c1af0a222fc24c8e8f1aab5920f1e5c2]: Using 'application/json', given [application/json, text/plain, */*] and supported [application/json, application/*+json]
[2026-05-02 01:17:55.270] [DEBUG] [] [59b8692dd59446709623c3e31085df33]: ==> Parameters: false(Boolean)
[2026-05-02 01:17:55.270] [DEBUG] [] [b43421a4aeee453c823d7a60befccdc3]: ==> Parameters: false(Boolean)
[2026-05-02 01:17:55.270] [DEBUG] [] [c1af0a222fc24c8e8f1aab5920f1e5c2]: ===> Supports JSON Message Converter : true
[2026-05-02 01:17:55.270] [DEBUG] [] [c1af0a222fc24c8e8f1aab5920f1e5c2]: Writing [UserDTO(super=AbstractAuditableDTO(createdAt=2026-05-01T21:18:50.206341, createdBy=0, updatedAt=2026 (truncated)...]
[2026-05-02 01:17:55.270] [DEBUG] [] [c1af0a222fc24c8e8f1aab5920f1e5c2]: =========================================
[2026-05-02 01:17:55.270] [DEBUG] [] [c1af0a222fc24c8e8f1aab5920f1e5c2]: ===>> Output object : 

{
	"alg":"SALT_MD5",
	"code":200,
	"data":{
		"birthYear":1990,
		"createdAt":"2026-05-01 21:18:50",
		"createdBy":0,
		"delFlag":false,
		"email":"admin@staff.local",
		"id":1,
		"isVip":false,
		"lastLoginAt":"2026-05-01 21:45:13.229045",
		"nickname":"超级管理员",
		"staffRole":1,
		"stampsBalance":0,
		"status":1,
		"updatedAt":"2026-05-01 21:45:13",
		"updatedBy":0
	},
	"message":"OK",
	"success":true
} 
class cn.nine.pros.post.client.model.db.UserDTO

[2026-05-02 01:17:55.270] [DEBUG] [] [c1af0a222fc24c8e8f1aab5920f1e5c2]: =========================================
[2026-05-02 01:17:55.270] [DEBUG] [] [c1af0a222fc24c8e8f1aab5920f1e5c2]: ==> leave RequestContextHolder.
[2026-05-02 01:17:55.270] [DEBUG] [] [c1af0a222fc24c8e8f1aab5920f1e5c2]: ==> leave RequestContextHolder.
[2026-05-02 01:17:55.272] [DEBUG] [] [b43421a4aeee453c823d7a60befccdc3]: <==      Total: 1
[2026-05-02 01:17:55.272] [DEBUG] [] [59b8692dd59446709623c3e31085df33]: <==      Total: 1
[2026-05-02 01:17:55.272] [DEBUG] [] [b43421a4aeee453c823d7a60befccdc3]: ===> Supports JSON Message Converter : true
[2026-05-02 01:17:55.272] [DEBUG] [] [b43421a4aeee453c823d7a60befccdc3]: Using 'application/json', given [application/json, text/plain, */*] and supported [application/json, application/*+json]
[2026-05-02 01:17:55.272] [DEBUG] [] [b43421a4aeee453c823d7a60befccdc3]: ===> Supports JSON Message Converter : true
[2026-05-02 01:17:55.272] [DEBUG] [] [59b8692dd59446709623c3e31085df33]: ===> Supports JSON Message Converter : true
[2026-05-02 01:17:55.272] [DEBUG] [] [59b8692dd59446709623c3e31085df33]: Using 'application/json', given [application/json, text/plain, */*] and supported [application/json, application/*+json]
[2026-05-02 01:17:55.272] [DEBUG] [] [b43421a4aeee453c823d7a60befccdc3]: Writing [PageData(total=0, page=1, size=50, pages=0, records=[UserDTO(super=AbstractAuditableDTO(createdAt=20 (truncated)...]
[2026-05-02 01:17:55.272] [DEBUG] [] [59b8692dd59446709623c3e31085df33]: ===> Supports JSON Message Converter : true
[2026-05-02 01:17:55.272] [DEBUG] [] [b43421a4aeee453c823d7a60befccdc3]: =========================================
[2026-05-02 01:17:55.272] [DEBUG] [] [59b8692dd59446709623c3e31085df33]: Writing [PageData(total=0, page=1, size=50, pages=0, records=[UserDTO(super=AbstractAuditableDTO(createdAt=20 (truncated)...]
[2026-05-02 01:17:55.272] [DEBUG] [] [b43421a4aeee453c823d7a60befccdc3]: ===>> Output object : 

{
	"alg":"SALT_MD5",
	"code":200,
	"data":{
		"empty":false,
		"page":1,
		"pages":0,
		"recordCount":1,
		"records":[
			{
				"birthYear":1990,
				"createdAt":"2026-05-01 21:18:50",
				"createdBy":0,
				"delFlag":false,
				"email":"admin@staff.local",
				"id":1,
				"isVip":false,
				"lastLoginAt":"2026-05-01 21:45:13.229045",
				"nickname":"超级管理员",
				"passwordHash":"$2a$10$YTUeGZqQ/xrX1d9V26669ubXuH90MthjRxhXxJV5EldtWdFm0WQbS",
				"staffRole":1,
				"stampsBalance":0,
				"status":1,
				"updatedAt":"2026-05-01 21:45:13",
				"updatedBy":0
			}
		],
		"size":50,
		"total":0
	},
	"message":"OK",
	"success":true
} 
cn.nine.commons.data.page.PageData<cn.nine.pros.post.client.model.db.UserDTO>

[2026-05-02 01:17:55.272] [DEBUG] [] [b43421a4aeee453c823d7a60befccdc3]: =========================================
[2026-05-02 01:17:55.272] [DEBUG] [] [59b8692dd59446709623c3e31085df33]: =========================================
[2026-05-02 01:17:55.272] [DEBUG] [] [59b8692dd59446709623c3e31085df33]: ===>> Output object : 

{
	"alg":"SALT_MD5",
	"code":200,
	"data":{
		"empty":false,
		"page":1,
		"pages":0,
		"recordCount":1,
		"records":[
			{
				"birthYear":1990,
				"createdAt":"2026-05-01 21:18:50",
				"createdBy":0,
				"delFlag":false,
				"email":"admin@staff.local",
				"id":1,
				"isVip":false,
				"lastLoginAt":"2026-05-01 21:45:13.229045",
				"nickname":"超级管理员",
				"passwordHash":"$2a$10$YTUeGZqQ/xrX1d9V26669ubXuH90MthjRxhXxJV5EldtWdFm0WQbS",
				"staffRole":1,
				"stampsBalance":0,
				"status":1,
				"updatedAt":"2026-05-01 21:45:13",
				"updatedBy":0
			}
		],
		"size":50,
		"total":0
	},
	"message":"OK",
	"success":true
} 
cn.nine.commons.data.page.PageData<cn.nine.pros.post.client.model.db.UserDTO>

[2026-05-02 01:17:55.272] [DEBUG] [] [b43421a4aeee453c823d7a60befccdc3]: ==> leave RequestContextHolder.
[2026-05-02 01:17:55.272] [DEBUG] [] [b43421a4aeee453c823d7a60befccdc3]: ==> leave RequestContextHolder.
[2026-05-02 01:17:55.272] [DEBUG] [] [59b8692dd59446709623c3e31085df33]: =========================================
[2026-05-02 01:17:55.273] [DEBUG] [] [59b8692dd59446709623c3e31085df33]: ==> leave RequestContextHolder.
[2026-05-02 01:17:55.273] [DEBUG] [] [59b8692dd59446709623c3e31085df33]: ==> leave RequestContextHolder.
[2026-05-02 01:17:55.274] [DEBUG] [] []: ==》/webapi/auth/current -> into PreRequestContextFilter.
[2026-05-02 01:17:55.274] [DEBUG] [] [231d1fee858f453dabd59f28fb4b068b]: 地址 /webapi/auth/current 进入过滤器
[2026-05-02 01:17:55.276] [DEBUG] [] [231d1fee858f453dabd59f28fb4b068b]: ==>  Preparing: SELECT id,email,password_hash,nickname,birth_year,country_code,bio,avatar_url,stamps_balance,is_vip,vip_expire_at,status,staff_role,register_ip,last_login_at,created_at,created_by,updated_at,updated_by,del_flag FROM bu_user WHERE id=?
[2026-05-02 01:17:55.276] [DEBUG] [] [231d1fee858f453dabd59f28fb4b068b]: ==> Parameters: 1(Long)
[2026-05-02 01:17:55.277] [DEBUG] [] [231d1fee858f453dabd59f28fb4b068b]: <==      Total: 1
[2026-05-02 01:17:55.277] [DEBUG] [] [231d1fee858f453dabd59f28fb4b068b]: ===> Supports JSON Message Converter : true
[2026-05-02 01:17:55.277] [DEBUG] [] [231d1fee858f453dabd59f28fb4b068b]: Using 'application/json', given [application/json, text/plain, */*] and supported [application/json, application/*+json]
[2026-05-02 01:17:55.277] [DEBUG] [] [231d1fee858f453dabd59f28fb4b068b]: ===> Supports JSON Message Converter : true
[2026-05-02 01:17:55.277] [DEBUG] [] [231d1fee858f453dabd59f28fb4b068b]: Writing [UserDTO(super=AbstractAuditableDTO(createdAt=2026-05-01T21:18:50.206341, createdBy=0, updatedAt=2026 (truncated)...]
[2026-05-02 01:17:55.277] [DEBUG] [] [231d1fee858f453dabd59f28fb4b068b]: =========================================
[2026-05-02 01:17:55.277] [DEBUG] [] [231d1fee858f453dabd59f28fb4b068b]: ===>> Output object : 

{
	"alg":"SALT_MD5",
	"code":200,
	"data":{
		"birthYear":1990,
		"createdAt":"2026-05-01 21:18:50",
		"createdBy":0,
		"delFlag":false,
		"email":"admin@staff.local",
		"id":1,
		"isVip":false,
		"lastLoginAt":"2026-05-01 21:45:13.229045",
		"nickname":"超级管理员",
		"staffRole":1,
		"stampsBalance":0,
		"status":1,
		"updatedAt":"2026-05-01 21:45:13",
		"updatedBy":0
	},
	"message":"OK",
	"success":true
} 
class cn.nine.pros.post.client.model.db.UserDTO

[2026-05-02 01:17:55.277] [DEBUG] [] [231d1fee858f453dabd59f28fb4b068b]: =========================================
[2026-05-02 01:17:55.277] [DEBUG] [] [231d1fee858f453dabd59f28fb4b068b]: ==> leave RequestContextHolder.
[2026-05-02 01:17:55.277] [DEBUG] [] [231d1fee858f453dabd59f28fb4b068b]: ==> leave RequestContextHolder.
[2026-05-02 01:24:21.255] [DEBUG] [] []: ==》/webapi/user/paging -> into PreRequestContextFilter.
[2026-05-02 01:24:21.256] [DEBUG] [] [67365b4c789a4341a9e64f4622f02525]: 地址 /webapi/user/paging 进入过滤器
[2026-05-02 01:24:21.256] [DEBUG] [] []: ==》/webapi/auth/current -> into PreRequestContextFilter.
[2026-05-02 01:24:21.256] [DEBUG] [] []: ==》/webapi/user/paging -> into PreRequestContextFilter.
[2026-05-02 01:24:21.256] [DEBUG] [] [857a5514b27a494fab4a33ccefde0aab]: 地址 /webapi/user/paging 进入过滤器
[2026-05-02 01:24:21.256] [DEBUG] [] [710eab0a22bf46629159523df900300d]: 地址 /webapi/auth/current 进入过滤器
[2026-05-02 01:24:21.263] [DEBUG] [] [710eab0a22bf46629159523df900300d]: ==>  Preparing: SELECT id,email,password_hash,nickname,birth_year,country_code,bio,avatar_url,stamps_balance,is_vip,vip_expire_at,status,staff_role,register_ip,last_login_at,created_at,created_by,updated_at,updated_by,del_flag FROM bu_user WHERE id=?
[2026-05-02 01:24:21.263] [DEBUG] [] [710eab0a22bf46629159523df900300d]: ==> Parameters: 1(Long)
[2026-05-02 01:24:21.264] [DEBUG] [] [857a5514b27a494fab4a33ccefde0aab]: ==>  Preparing: SELECT id,email,password_hash,nickname,birth_year,country_code,bio,avatar_url,stamps_balance,is_vip,vip_expire_at,status,staff_role,register_ip,last_login_at,created_at,created_by,updated_at,updated_by,del_flag FROM bu_user WHERE (del_flag = ?) ORDER BY created_at DESC
[2026-05-02 01:24:21.264] [DEBUG] [] [857a5514b27a494fab4a33ccefde0aab]: ==> Parameters: false(Boolean)
[2026-05-02 01:24:21.264] [DEBUG] [] [67365b4c789a4341a9e64f4622f02525]: ==>  Preparing: SELECT id,email,password_hash,nickname,birth_year,country_code,bio,avatar_url,stamps_balance,is_vip,vip_expire_at,status,staff_role,register_ip,last_login_at,created_at,created_by,updated_at,updated_by,del_flag FROM bu_user WHERE (del_flag = ?) ORDER BY created_at DESC
[2026-05-02 01:24:21.264] [DEBUG] [] [710eab0a22bf46629159523df900300d]: <==      Total: 1
[2026-05-02 01:24:21.264] [DEBUG] [] [67365b4c789a4341a9e64f4622f02525]: ==> Parameters: false(Boolean)
[2026-05-02 01:24:21.264] [DEBUG] [] [710eab0a22bf46629159523df900300d]: ===> Supports JSON Message Converter : true
[2026-05-02 01:24:21.264] [DEBUG] [] [710eab0a22bf46629159523df900300d]: Using 'application/json', given [application/json, text/plain, */*] and supported [application/json, application/*+json]
[2026-05-02 01:24:21.264] [DEBUG] [] [710eab0a22bf46629159523df900300d]: ===> Supports JSON Message Converter : true
[2026-05-02 01:24:21.265] [DEBUG] [] [710eab0a22bf46629159523df900300d]: Writing [UserDTO(super=AbstractAuditableDTO(createdAt=2026-05-01T21:18:50.206341, createdBy=0, updatedAt=2026 (truncated)...]
[2026-05-02 01:24:21.265] [DEBUG] [] [857a5514b27a494fab4a33ccefde0aab]: <==      Total: 1
[2026-05-02 01:24:21.265] [DEBUG] [] [710eab0a22bf46629159523df900300d]: =========================================
[2026-05-02 01:24:21.265] [DEBUG] [] [710eab0a22bf46629159523df900300d]: ===>> Output object : 

{
	"alg":"SALT_MD5",
	"code":200,
	"data":{
		"birthYear":1990,
		"createdAt":"2026-05-01 21:18:50",
		"createdBy":0,
		"delFlag":false,
		"email":"admin@staff.local",
		"id":1,
		"isVip":false,
		"lastLoginAt":"2026-05-01 21:45:13.229045",
		"nickname":"超级管理员",
		"staffRole":1,
		"stampsBalance":0,
		"status":1,
		"updatedAt":"2026-05-01 21:45:13",
		"updatedBy":0
	},
	"message":"OK",
	"success":true
} 
class cn.nine.pros.post.client.model.db.UserDTO

[2026-05-02 01:24:21.265] [DEBUG] [] [710eab0a22bf46629159523df900300d]: =========================================
[2026-05-02 01:24:21.265] [DEBUG] [] [857a5514b27a494fab4a33ccefde0aab]: ===> Supports JSON Message Converter : true
[2026-05-02 01:24:21.265] [DEBUG] [] [857a5514b27a494fab4a33ccefde0aab]: Using 'application/json', given [application/json, text/plain, */*] and supported [application/json, application/*+json]
[2026-05-02 01:24:21.265] [DEBUG] [] [857a5514b27a494fab4a33ccefde0aab]: ===> Supports JSON Message Converter : true
[2026-05-02 01:24:21.265] [DEBUG] [] [857a5514b27a494fab4a33ccefde0aab]: Writing [PageData(total=0, page=1, size=50, pages=0, records=[UserDTO(super=AbstractAuditableDTO(createdAt=20 (truncated)...]
[2026-05-02 01:24:21.265] [DEBUG] [] [857a5514b27a494fab4a33ccefde0aab]: =========================================
[2026-05-02 01:24:21.265] [DEBUG] [] [67365b4c789a4341a9e64f4622f02525]: <==      Total: 1
[2026-05-02 01:24:21.265] [DEBUG] [] [857a5514b27a494fab4a33ccefde0aab]: ===>> Output object : 

{
	"alg":"SALT_MD5",
	"code":200,
	"data":{
		"empty":false,
		"page":1,
		"pages":0,
		"recordCount":1,
		"records":[
			{
				"birthYear":1990,
				"createdAt":"2026-05-01 21:18:50",
				"createdBy":0,
				"delFlag":false,
				"email":"admin@staff.local",
				"id":1,
				"isVip":false,
				"lastLoginAt":"2026-05-01 21:45:13.229045",
				"nickname":"超级管理员",
				"passwordHash":"$2a$10$YTUeGZqQ/xrX1d9V26669ubXuH90MthjRxhXxJV5EldtWdFm0WQbS",
				"staffRole":1,
				"stampsBalance":0,
				"status":1,
				"updatedAt":"2026-05-01 21:45:13",
				"updatedBy":0
			}
		],
		"size":50,
		"total":0
	},
	"message":"OK",
	"success":true
} 
cn.nine.commons.data.page.PageData<cn.nine.pros.post.client.model.db.UserDTO>

[2026-05-02 01:24:21.265] [DEBUG] [] [857a5514b27a494fab4a33ccefde0aab]: =========================================
[2026-05-02 01:24:21.265] [DEBUG] [] [710eab0a22bf46629159523df900300d]: ==> leave RequestContextHolder.
[2026-05-02 01:24:21.265] [DEBUG] [] [710eab0a22bf46629159523df900300d]: ==> leave RequestContextHolder.
[2026-05-02 01:24:21.266] [DEBUG] [] [67365b4c789a4341a9e64f4622f02525]: ===> Supports JSON Message Converter : true
[2026-05-02 01:24:21.266] [DEBUG] [] [67365b4c789a4341a9e64f4622f02525]: Using 'application/json', given [application/json, text/plain, */*] and supported [application/json, application/*+json]
[2026-05-02 01:24:21.266] [DEBUG] [] [67365b4c789a4341a9e64f4622f02525]: ===> Supports JSON Message Converter : true
[2026-05-02 01:24:21.266] [DEBUG] [] [67365b4c789a4341a9e64f4622f02525]: Writing [PageData(total=0, page=1, size=50, pages=0, records=[UserDTO(super=AbstractAuditableDTO(createdAt=20 (truncated)...]
[2026-05-02 01:24:21.266] [DEBUG] [] [67365b4c789a4341a9e64f4622f02525]: =========================================
[2026-05-02 01:24:21.266] [DEBUG] [] [67365b4c789a4341a9e64f4622f02525]: ===>> Output object : 

{
	"alg":"SALT_MD5",
	"code":200,
	"data":{
		"empty":false,
		"page":1,
		"pages":0,
		"recordCount":1,
		"records":[
			{
				"birthYear":1990,
				"createdAt":"2026-05-01 21:18:50",
				"createdBy":0,
				"delFlag":false,
				"email":"admin@staff.local",
				"id":1,
				"isVip":false,
				"lastLoginAt":"2026-05-01 21:45:13.229045",
				"nickname":"超级管理员",
				"passwordHash":"$2a$10$YTUeGZqQ/xrX1d9V26669ubXuH90MthjRxhXxJV5EldtWdFm0WQbS",
				"staffRole":1,
				"stampsBalance":0,
				"status":1,
				"updatedAt":"2026-05-01 21:45:13",
				"updatedBy":0
			}
		],
		"size":50,
		"total":0
	},
	"message":"OK",
	"success":true
} 
cn.nine.commons.data.page.PageData<cn.nine.pros.post.client.model.db.UserDTO>

[2026-05-02 01:24:21.266] [DEBUG] [] [67365b4c789a4341a9e64f4622f02525]: =========================================
[2026-05-02 01:24:21.266] [DEBUG] [] [857a5514b27a494fab4a33ccefde0aab]: ==> leave RequestContextHolder.
[2026-05-02 01:24:21.266] [DEBUG] [] [857a5514b27a494fab4a33ccefde0aab]: ==> leave RequestContextHolder.
[2026-05-02 01:24:21.266] [DEBUG] [] [67365b4c789a4341a9e64f4622f02525]: ==> leave RequestContextHolder.
[2026-05-02 01:24:21.266] [DEBUG] [] [67365b4c789a4341a9e64f4622f02525]: ==> leave RequestContextHolder.
[2026-05-02 01:24:21.270] [DEBUG] [] []: ==》/webapi/auth/current -> into PreRequestContextFilter.
[2026-05-02 01:24:21.270] [DEBUG] [] [2806b6dda89b46ad899b29c1f13c354f]: 地址 /webapi/auth/current 进入过滤器
[2026-05-02 01:24:21.273] [DEBUG] [] [2806b6dda89b46ad899b29c1f13c354f]: ==>  Preparing: SELECT id,email,password_hash,nickname,birth_year,country_code,bio,avatar_url,stamps_balance,is_vip,vip_expire_at,status,staff_role,register_ip,last_login_at,created_at,created_by,updated_at,updated_by,del_flag FROM bu_user WHERE id=?
[2026-05-02 01:24:21.273] [DEBUG] [] [2806b6dda89b46ad899b29c1f13c354f]: ==> Parameters: 1(Long)
[2026-05-02 01:24:21.274] [DEBUG] [] [2806b6dda89b46ad899b29c1f13c354f]: <==      Total: 1
[2026-05-02 01:24:21.275] [DEBUG] [] [2806b6dda89b46ad899b29c1f13c354f]: ===> Supports JSON Message Converter : true
[2026-05-02 01:24:21.275] [DEBUG] [] [2806b6dda89b46ad899b29c1f13c354f]: Using 'application/json', given [application/json, text/plain, */*] and supported [application/json, application/*+json]
[2026-05-02 01:24:21.275] [DEBUG] [] [2806b6dda89b46ad899b29c1f13c354f]: ===> Supports JSON Message Converter : true
[2026-05-02 01:24:21.275] [DEBUG] [] [2806b6dda89b46ad899b29c1f13c354f]: Writing [UserDTO(super=AbstractAuditableDTO(createdAt=2026-05-01T21:18:50.206341, createdBy=0, updatedAt=2026 (truncated)...]
[2026-05-02 01:24:21.275] [DEBUG] [] [2806b6dda89b46ad899b29c1f13c354f]: =========================================
[2026-05-02 01:24:21.275] [DEBUG] [] [2806b6dda89b46ad899b29c1f13c354f]: ===>> Output object : 

{
	"alg":"SALT_MD5",
	"code":200,
	"data":{
		"birthYear":1990,
		"createdAt":"2026-05-01 21:18:50",
		"createdBy":0,
		"delFlag":false,
		"email":"admin@staff.local",
		"id":1,
		"isVip":false,
		"lastLoginAt":"2026-05-01 21:45:13.229045",
		"nickname":"超级管理员",
		"staffRole":1,
		"stampsBalance":0,
		"status":1,
		"updatedAt":"2026-05-01 21:45:13",
		"updatedBy":0
	},
	"message":"OK",
	"success":true
} 
class cn.nine.pros.post.client.model.db.UserDTO

[2026-05-02 01:24:21.275] [DEBUG] [] [2806b6dda89b46ad899b29c1f13c354f]: =========================================
[2026-05-02 01:24:21.275] [DEBUG] [] [2806b6dda89b46ad899b29c1f13c354f]: ==> leave RequestContextHolder.
[2026-05-02 01:24:21.275] [DEBUG] [] [2806b6dda89b46ad899b29c1f13c354f]: ==> leave RequestContextHolder.
[2026-05-02 01:28:55.304] [DEBUG] [] []: ==》/webapi/user/paging -> into PreRequestContextFilter.
[2026-05-02 01:28:55.304] [DEBUG] [] [d0d9fcd3f74747bcb4e571681e052119]: 地址 /webapi/user/paging 进入过滤器
[2026-05-02 01:28:55.304] [DEBUG] [] []: ==》/webapi/user/paging -> into PreRequestContextFilter.
[2026-05-02 01:28:55.304] [DEBUG] [] [8e172e34b6a24200816c26aca169bbd1]: 地址 /webapi/user/paging 进入过滤器
[2026-05-02 01:28:55.304] [DEBUG] [] []: ==》/webapi/auth/current -> into PreRequestContextFilter.
[2026-05-02 01:28:55.304] [DEBUG] [] [ba160a5dbcbc4b3cbef0e1fd17b0ba9a]: 地址 /webapi/auth/current 进入过滤器
[2026-05-02 01:28:55.312] [DEBUG] [] [ba160a5dbcbc4b3cbef0e1fd17b0ba9a]: ==>  Preparing: SELECT id,email,password_hash,nickname,birth_year,country_code,bio,avatar_url,stamps_balance,is_vip,vip_expire_at,status,staff_role,register_ip,last_login_at,created_at,created_by,updated_at,updated_by,del_flag FROM bu_user WHERE id=?
[2026-05-02 01:28:55.312] [DEBUG] [] [ba160a5dbcbc4b3cbef0e1fd17b0ba9a]: ==> Parameters: 1(Long)
[2026-05-02 01:28:55.312] [DEBUG] [] [8e172e34b6a24200816c26aca169bbd1]: ==>  Preparing: SELECT id,email,password_hash,nickname,birth_year,country_code,bio,avatar_url,stamps_balance,is_vip,vip_expire_at,status,staff_role,register_ip,last_login_at,created_at,created_by,updated_at,updated_by,del_flag FROM bu_user WHERE (del_flag = ?) ORDER BY created_at DESC
[2026-05-02 01:28:55.313] [DEBUG] [] [8e172e34b6a24200816c26aca169bbd1]: ==> Parameters: false(Boolean)
[2026-05-02 01:28:55.313] [DEBUG] [] [d0d9fcd3f74747bcb4e571681e052119]: ==>  Preparing: SELECT id,email,password_hash,nickname,birth_year,country_code,bio,avatar_url,stamps_balance,is_vip,vip_expire_at,status,staff_role,register_ip,last_login_at,created_at,created_by,updated_at,updated_by,del_flag FROM bu_user WHERE (del_flag = ?) ORDER BY created_at DESC
[2026-05-02 01:28:55.313] [DEBUG] [] [d0d9fcd3f74747bcb4e571681e052119]: ==> Parameters: false(Boolean)
[2026-05-02 01:28:55.313] [DEBUG] [] [ba160a5dbcbc4b3cbef0e1fd17b0ba9a]: <==      Total: 1
[2026-05-02 01:28:55.313] [DEBUG] [] [ba160a5dbcbc4b3cbef0e1fd17b0ba9a]: ===> Supports JSON Message Converter : true
[2026-05-02 01:28:55.313] [DEBUG] [] [ba160a5dbcbc4b3cbef0e1fd17b0ba9a]: Using 'application/json', given [application/json, text/plain, */*] and supported [application/json, application/*+json]
[2026-05-02 01:28:55.313] [DEBUG] [] [ba160a5dbcbc4b3cbef0e1fd17b0ba9a]: ===> Supports JSON Message Converter : true
[2026-05-02 01:28:55.313] [DEBUG] [] [ba160a5dbcbc4b3cbef0e1fd17b0ba9a]: Writing [UserDTO(super=AbstractAuditableDTO(createdAt=2026-05-01T21:18:50.206341, createdBy=0, updatedAt=2026 (truncated)...]
[2026-05-02 01:28:55.313] [DEBUG] [] [ba160a5dbcbc4b3cbef0e1fd17b0ba9a]: =========================================
[2026-05-02 01:28:55.313] [DEBUG] [] [8e172e34b6a24200816c26aca169bbd1]: <==      Total: 1
[2026-05-02 01:28:55.313] [DEBUG] [] [d0d9fcd3f74747bcb4e571681e052119]: <==      Total: 1
[2026-05-02 01:28:55.313] [DEBUG] [] [ba160a5dbcbc4b3cbef0e1fd17b0ba9a]: ===>> Output object : 

{
	"alg":"SALT_MD5",
	"code":200,
	"data":{
		"birthYear":1990,
		"createdAt":"2026-05-01 21:18:50",
		"createdBy":0,
		"delFlag":false,
		"email":"admin@staff.local",
		"id":1,
		"isVip":false,
		"lastLoginAt":"2026-05-01 21:45:13.229045",
		"nickname":"超级管理员",
		"staffRole":1,
		"stampsBalance":0,
		"status":1,
		"updatedAt":"2026-05-01 21:45:13",
		"updatedBy":0
	},
	"message":"OK",
	"success":true
} 
class cn.nine.pros.post.client.model.db.UserDTO

[2026-05-02 01:28:55.313] [DEBUG] [] [ba160a5dbcbc4b3cbef0e1fd17b0ba9a]: =========================================
[2026-05-02 01:28:55.313] [DEBUG] [] [d0d9fcd3f74747bcb4e571681e052119]: ===> Supports JSON Message Converter : true
[2026-05-02 01:28:55.313] [DEBUG] [] [8e172e34b6a24200816c26aca169bbd1]: ===> Supports JSON Message Converter : true
[2026-05-02 01:28:55.314] [DEBUG] [] [d0d9fcd3f74747bcb4e571681e052119]: Using 'application/json', given [application/json, text/plain, */*] and supported [application/json, application/*+json]
[2026-05-02 01:28:55.314] [DEBUG] [] [8e172e34b6a24200816c26aca169bbd1]: Using 'application/json', given [application/json, text/plain, */*] and supported [application/json, application/*+json]
[2026-05-02 01:28:55.314] [DEBUG] [] [d0d9fcd3f74747bcb4e571681e052119]: ===> Supports JSON Message Converter : true
[2026-05-02 01:28:55.314] [DEBUG] [] [8e172e34b6a24200816c26aca169bbd1]: ===> Supports JSON Message Converter : true
[2026-05-02 01:28:55.314] [DEBUG] [] [d0d9fcd3f74747bcb4e571681e052119]: Writing [PageData(total=0, page=1, size=50, pages=0, records=[UserDTO(super=AbstractAuditableDTO(createdAt=20 (truncated)...]
[2026-05-02 01:28:55.314] [DEBUG] [] [8e172e34b6a24200816c26aca169bbd1]: Writing [PageData(total=0, page=1, size=50, pages=0, records=[UserDTO(super=AbstractAuditableDTO(createdAt=20 (truncated)...]
[2026-05-02 01:28:55.314] [DEBUG] [] [d0d9fcd3f74747bcb4e571681e052119]: =========================================
[2026-05-02 01:28:55.314] [DEBUG] [] [ba160a5dbcbc4b3cbef0e1fd17b0ba9a]: ==> leave RequestContextHolder.
[2026-05-02 01:28:55.314] [DEBUG] [] [ba160a5dbcbc4b3cbef0e1fd17b0ba9a]: ==> leave RequestContextHolder.
[2026-05-02 01:28:55.314] [DEBUG] [] [d0d9fcd3f74747bcb4e571681e052119]: ===>> Output object : 

{
	"alg":"SALT_MD5",
	"code":200,
	"data":{
		"empty":false,
		"page":1,
		"pages":0,
		"recordCount":1,
		"records":[
			{
				"birthYear":1990,
				"createdAt":"2026-05-01 21:18:50",
				"createdBy":0,
				"delFlag":false,
				"email":"admin@staff.local",
				"id":1,
				"isVip":false,
				"lastLoginAt":"2026-05-01 21:45:13.229045",
				"nickname":"超级管理员",
				"passwordHash":"$2a$10$YTUeGZqQ/xrX1d9V26669ubXuH90MthjRxhXxJV5EldtWdFm0WQbS",
				"staffRole":1,
				"stampsBalance":0,
				"status":1,
				"updatedAt":"2026-05-01 21:45:13",
				"updatedBy":0
			}
		],
		"size":50,
		"total":0
	},
	"message":"OK",
	"success":true
} 
cn.nine.commons.data.page.PageData<cn.nine.pros.post.client.model.db.UserDTO>

[2026-05-02 01:28:55.314] [DEBUG] [] [d0d9fcd3f74747bcb4e571681e052119]: =========================================
[2026-05-02 01:28:55.314] [DEBUG] [] [8e172e34b6a24200816c26aca169bbd1]: =========================================
[2026-05-02 01:28:55.314] [DEBUG] [] [8e172e34b6a24200816c26aca169bbd1]: ===>> Output object : 

{
	"alg":"SALT_MD5",
	"code":200,
	"data":{
		"empty":false,
		"page":1,
		"pages":0,
		"recordCount":1,
		"records":[
			{
				"birthYear":1990,
				"createdAt":"2026-05-01 21:18:50",
				"createdBy":0,
				"delFlag":false,
				"email":"admin@staff.local",
				"id":1,
				"isVip":false,
				"lastLoginAt":"2026-05-01 21:45:13.229045",
				"nickname":"超级管理员",
				"passwordHash":"$2a$10$YTUeGZqQ/xrX1d9V26669ubXuH90MthjRxhXxJV5EldtWdFm0WQbS",
				"staffRole":1,
				"stampsBalance":0,
				"status":1,
				"updatedAt":"2026-05-01 21:45:13",
				"updatedBy":0
			}
		],
		"size":50,
		"total":0
	},
	"message":"OK",
	"success":true
} 
cn.nine.commons.data.page.PageData<cn.nine.pros.post.client.model.db.UserDTO>

[2026-05-02 01:28:55.314] [DEBUG] [] [8e172e34b6a24200816c26aca169bbd1]: =========================================
[2026-05-02 01:28:55.314] [DEBUG] [] [d0d9fcd3f74747bcb4e571681e052119]: ==> leave RequestContextHolder.
[2026-05-02 01:28:55.314] [DEBUG] [] [8e172e34b6a24200816c26aca169bbd1]: ==> leave RequestContextHolder.
[2026-05-02 01:28:55.314] [DEBUG] [] [d0d9fcd3f74747bcb4e571681e052119]: ==> leave RequestContextHolder.
[2026-05-02 01:28:55.314] [DEBUG] [] [8e172e34b6a24200816c26aca169bbd1]: ==> leave RequestContextHolder.
[2026-05-02 01:28:55.317] [DEBUG] [] []: ==》/webapi/auth/current -> into PreRequestContextFilter.
[2026-05-02 01:28:55.318] [DEBUG] [] [2ed79ed0dae542cfb365bb0717213bd3]: 地址 /webapi/auth/current 进入过滤器
[2026-05-02 01:28:55.320] [DEBUG] [] [2ed79ed0dae542cfb365bb0717213bd3]: ==>  Preparing: SELECT id,email,password_hash,nickname,birth_year,country_code,bio,avatar_url,stamps_balance,is_vip,vip_expire_at,status,staff_role,register_ip,last_login_at,created_at,created_by,updated_at,updated_by,del_flag FROM bu_user WHERE id=?
[2026-05-02 01:28:55.320] [DEBUG] [] [2ed79ed0dae542cfb365bb0717213bd3]: ==> Parameters: 1(Long)
[2026-05-02 01:28:55.321] [DEBUG] [] [2ed79ed0dae542cfb365bb0717213bd3]: <==      Total: 1
[2026-05-02 01:28:55.321] [DEBUG] [] [2ed79ed0dae542cfb365bb0717213bd3]: ===> Supports JSON Message Converter : true
[2026-05-02 01:28:55.322] [DEBUG] [] [2ed79ed0dae542cfb365bb0717213bd3]: Using 'application/json', given [application/json, text/plain, */*] and supported [application/json, application/*+json]
[2026-05-02 01:28:55.322] [DEBUG] [] [2ed79ed0dae542cfb365bb0717213bd3]: ===> Supports JSON Message Converter : true
[2026-05-02 01:28:55.322] [DEBUG] [] [2ed79ed0dae542cfb365bb0717213bd3]: Writing [UserDTO(super=AbstractAuditableDTO(createdAt=2026-05-01T21:18:50.206341, createdBy=0, updatedAt=2026 (truncated)...]
[2026-05-02 01:28:55.322] [DEBUG] [] [2ed79ed0dae542cfb365bb0717213bd3]: =========================================
[2026-05-02 01:28:55.322] [DEBUG] [] [2ed79ed0dae542cfb365bb0717213bd3]: ===>> Output object : 

{
	"alg":"SALT_MD5",
	"code":200,
	"data":{
		"birthYear":1990,
		"createdAt":"2026-05-01 21:18:50",
		"createdBy":0,
		"delFlag":false,
		"email":"admin@staff.local",
		"id":1,
		"isVip":false,
		"lastLoginAt":"2026-05-01 21:45:13.229045",
		"nickname":"超级管理员",
		"staffRole":1,
		"stampsBalance":0,
		"status":1,
		"updatedAt":"2026-05-01 21:45:13",
		"updatedBy":0
	},
	"message":"OK",
	"success":true
} 
class cn.nine.pros.post.client.model.db.UserDTO

[2026-05-02 01:28:55.322] [DEBUG] [] [2ed79ed0dae542cfb365bb0717213bd3]: =========================================
[2026-05-02 01:28:55.322] [DEBUG] [] [2ed79ed0dae542cfb365bb0717213bd3]: ==> leave RequestContextHolder.
[2026-05-02 01:28:55.322] [DEBUG] [] [2ed79ed0dae542cfb365bb0717213bd3]: ==> leave RequestContextHolder.
[2026-05-02 01:35:21.286] [DEBUG] [] []: ==》/webapi/user/paging -> into PreRequestContextFilter.
[2026-05-02 01:35:21.286] [DEBUG] [] [58a75aea1fc5406c97eb7b14a20f8bc2]: 地址 /webapi/user/paging 进入过滤器
[2026-05-02 01:35:21.286] [DEBUG] [] []: ==》/webapi/user/paging -> into PreRequestContextFilter.
[2026-05-02 01:35:21.286] [DEBUG] [] [8cce42471ee246d687e11db7f5805f9d]: 地址 /webapi/user/paging 进入过滤器
[2026-05-02 01:35:21.286] [DEBUG] [] []: ==》/webapi/auth/current -> into PreRequestContextFilter.
[2026-05-02 01:35:21.286] [DEBUG] [] [e95dd3875a0e407ea1f04a0c80c126b3]: 地址 /webapi/auth/current 进入过滤器
[2026-05-02 01:35:21.293] [DEBUG] [] [e95dd3875a0e407ea1f04a0c80c126b3]: ==>  Preparing: SELECT id,email,password_hash,nickname,birth_year,country_code,bio,avatar_url,stamps_balance,is_vip,vip_expire_at,status,staff_role,register_ip,last_login_at,created_at,created_by,updated_at,updated_by,del_flag FROM bu_user WHERE id=?
[2026-05-02 01:35:21.293] [DEBUG] [] [e95dd3875a0e407ea1f04a0c80c126b3]: ==> Parameters: 1(Long)
[2026-05-02 01:35:21.293] [DEBUG] [] [8cce42471ee246d687e11db7f5805f9d]: ==>  Preparing: SELECT id,email,password_hash,nickname,birth_year,country_code,bio,avatar_url,stamps_balance,is_vip,vip_expire_at,status,staff_role,register_ip,last_login_at,created_at,created_by,updated_at,updated_by,del_flag FROM bu_user WHERE (del_flag = ?) ORDER BY created_at DESC
[2026-05-02 01:35:21.293] [DEBUG] [] [58a75aea1fc5406c97eb7b14a20f8bc2]: ==>  Preparing: SELECT id,email,password_hash,nickname,birth_year,country_code,bio,avatar_url,stamps_balance,is_vip,vip_expire_at,status,staff_role,register_ip,last_login_at,created_at,created_by,updated_at,updated_by,del_flag FROM bu_user WHERE (del_flag = ?) ORDER BY created_at DESC
[2026-05-02 01:35:21.293] [DEBUG] [] [8cce42471ee246d687e11db7f5805f9d]: ==> Parameters: false(Boolean)
[2026-05-02 01:35:21.293] [DEBUG] [] [58a75aea1fc5406c97eb7b14a20f8bc2]: ==> Parameters: false(Boolean)
[2026-05-02 01:35:21.294] [DEBUG] [] [e95dd3875a0e407ea1f04a0c80c126b3]: <==      Total: 1
[2026-05-02 01:35:21.294] [DEBUG] [] [8cce42471ee246d687e11db7f5805f9d]: <==      Total: 1
[2026-05-02 01:35:21.294] [DEBUG] [] [58a75aea1fc5406c97eb7b14a20f8bc2]: <==      Total: 1
[2026-05-02 01:35:21.294] [DEBUG] [] [e95dd3875a0e407ea1f04a0c80c126b3]: ===> Supports JSON Message Converter : true
[2026-05-02 01:35:21.294] [DEBUG] [] [58a75aea1fc5406c97eb7b14a20f8bc2]: ===> Supports JSON Message Converter : true
[2026-05-02 01:35:21.294] [DEBUG] [] [58a75aea1fc5406c97eb7b14a20f8bc2]: Using 'application/json', given [application/json, text/plain, */*] and supported [application/json, application/*+json]
[2026-05-02 01:35:21.294] [DEBUG] [] [8cce42471ee246d687e11db7f5805f9d]: ===> Supports JSON Message Converter : true
[2026-05-02 01:35:21.294] [DEBUG] [] [58a75aea1fc5406c97eb7b14a20f8bc2]: ===> Supports JSON Message Converter : true
[2026-05-02 01:35:21.294] [DEBUG] [] [8cce42471ee246d687e11db7f5805f9d]: Using 'application/json', given [application/json, text/plain, */*] and supported [application/json, application/*+json]
[2026-05-02 01:35:21.294] [DEBUG] [] [e95dd3875a0e407ea1f04a0c80c126b3]: Using 'application/json', given [application/json, text/plain, */*] and supported [application/json, application/*+json]
[2026-05-02 01:35:21.294] [DEBUG] [] [8cce42471ee246d687e11db7f5805f9d]: ===> Supports JSON Message Converter : true
[2026-05-02 01:35:21.294] [DEBUG] [] [e95dd3875a0e407ea1f04a0c80c126b3]: ===> Supports JSON Message Converter : true
[2026-05-02 01:35:21.294] [DEBUG] [] [58a75aea1fc5406c97eb7b14a20f8bc2]: Writing [PageData(total=0, page=1, size=50, pages=0, records=[UserDTO(super=AbstractAuditableDTO(createdAt=20 (truncated)...]
[2026-05-02 01:35:21.294] [DEBUG] [] [8cce42471ee246d687e11db7f5805f9d]: Writing [PageData(total=0, page=1, size=50, pages=0, records=[UserDTO(super=AbstractAuditableDTO(createdAt=20 (truncated)...]
[2026-05-02 01:35:21.294] [DEBUG] [] [58a75aea1fc5406c97eb7b14a20f8bc2]: =========================================
[2026-05-02 01:35:21.294] [DEBUG] [] [e95dd3875a0e407ea1f04a0c80c126b3]: Writing [UserDTO(super=AbstractAuditableDTO(createdAt=2026-05-01T21:18:50.206341, createdBy=0, updatedAt=2026 (truncated)...]
[2026-05-02 01:35:21.294] [DEBUG] [] [58a75aea1fc5406c97eb7b14a20f8bc2]: ===>> Output object : 

{
	"alg":"SALT_MD5",
	"code":200,
	"data":{
		"empty":false,
		"page":1,
		"pages":0,
		"recordCount":1,
		"records":[
			{
				"birthYear":1990,
				"createdAt":"2026-05-01 21:18:50",
				"createdBy":0,
				"delFlag":false,
				"email":"admin@staff.local",
				"id":1,
				"isVip":false,
				"lastLoginAt":"2026-05-01 21:45:13.229045",
				"nickname":"超级管理员",
				"passwordHash":"$2a$10$YTUeGZqQ/xrX1d9V26669ubXuH90MthjRxhXxJV5EldtWdFm0WQbS",
				"staffRole":1,
				"stampsBalance":0,
				"status":1,
				"updatedAt":"2026-05-01 21:45:13",
				"updatedBy":0
			}
		],
		"size":50,
		"total":0
	},
	"message":"OK",
	"success":true
} 
cn.nine.commons.data.page.PageData<cn.nine.pros.post.client.model.db.UserDTO>

[2026-05-02 01:35:21.294] [DEBUG] [] [58a75aea1fc5406c97eb7b14a20f8bc2]: =========================================
[2026-05-02 01:35:21.294] [DEBUG] [] [e95dd3875a0e407ea1f04a0c80c126b3]: =========================================
[2026-05-02 01:35:21.295] [DEBUG] [] [e95dd3875a0e407ea1f04a0c80c126b3]: ===>> Output object : 

{
	"alg":"SALT_MD5",
	"code":200,
	"data":{
		"birthYear":1990,
		"createdAt":"2026-05-01 21:18:50",
		"createdBy":0,
		"delFlag":false,
		"email":"admin@staff.local",
		"id":1,
		"isVip":false,
		"lastLoginAt":"2026-05-01 21:45:13.229045",
		"nickname":"超级管理员",
		"staffRole":1,
		"stampsBalance":0,
		"status":1,
		"updatedAt":"2026-05-01 21:45:13",
		"updatedBy":0
	},
	"message":"OK",
	"success":true
} 
class cn.nine.pros.post.client.model.db.UserDTO

[2026-05-02 01:35:21.295] [DEBUG] [] [e95dd3875a0e407ea1f04a0c80c126b3]: =========================================
[2026-05-02 01:35:21.295] [DEBUG] [] [8cce42471ee246d687e11db7f5805f9d]: =========================================
[2026-05-02 01:35:21.295] [DEBUG] [] [8cce42471ee246d687e11db7f5805f9d]: ===>> Output object : 

{
	"alg":"SALT_MD5",
	"code":200,
	"data":{
		"empty":false,
		"page":1,
		"pages":0,
		"recordCount":1,
		"records":[
			{
				"birthYear":1990,
				"createdAt":"2026-05-01 21:18:50",
				"createdBy":0,
				"delFlag":false,
				"email":"admin@staff.local",
				"id":1,
				"isVip":false,
				"lastLoginAt":"2026-05-01 21:45:13.229045",
				"nickname":"超级管理员",
				"passwordHash":"$2a$10$YTUeGZqQ/xrX1d9V26669ubXuH90MthjRxhXxJV5EldtWdFm0WQbS",
				"staffRole":1,
				"stampsBalance":0,
				"status":1,
				"updatedAt":"2026-05-01 21:45:13",
				"updatedBy":0
			}
		],
		"size":50,
		"total":0
	},
	"message":"OK",
	"success":true
} 
cn.nine.commons.data.page.PageData<cn.nine.pros.post.client.model.db.UserDTO>

[2026-05-02 01:35:21.295] [DEBUG] [] [8cce42471ee246d687e11db7f5805f9d]: =========================================
[2026-05-02 01:35:21.295] [DEBUG] [] [58a75aea1fc5406c97eb7b14a20f8bc2]: ==> leave RequestContextHolder.
[2026-05-02 01:35:21.295] [DEBUG] [] [58a75aea1fc5406c97eb7b14a20f8bc2]: ==> leave RequestContextHolder.
[2026-05-02 01:35:21.295] [DEBUG] [] [e95dd3875a0e407ea1f04a0c80c126b3]: ==> leave RequestContextHolder.
[2026-05-02 01:35:21.295] [DEBUG] [] [e95dd3875a0e407ea1f04a0c80c126b3]: ==> leave RequestContextHolder.
[2026-05-02 01:35:21.295] [DEBUG] [] [8cce42471ee246d687e11db7f5805f9d]: ==> leave RequestContextHolder.
[2026-05-02 01:35:21.295] [DEBUG] [] [8cce42471ee246d687e11db7f5805f9d]: ==> leave RequestContextHolder.
[2026-05-02 01:35:21.297] [DEBUG] [] []: ==》/webapi/auth/current -> into PreRequestContextFilter.
[2026-05-02 01:35:21.297] [DEBUG] [] [092f7a4b8dd449ecaa6ca4e765b79ff3]: 地址 /webapi/auth/current 进入过滤器
[2026-05-02 01:35:21.299] [DEBUG] [] [092f7a4b8dd449ecaa6ca4e765b79ff3]: ==>  Preparing: SELECT id,email,password_hash,nickname,birth_year,country_code,bio,avatar_url,stamps_balance,is_vip,vip_expire_at,status,staff_role,register_ip,last_login_at,created_at,created_by,updated_at,updated_by,del_flag FROM bu_user WHERE id=?
[2026-05-02 01:35:21.299] [DEBUG] [] [092f7a4b8dd449ecaa6ca4e765b79ff3]: ==> Parameters: 1(Long)
[2026-05-02 01:35:21.299] [DEBUG] [] [092f7a4b8dd449ecaa6ca4e765b79ff3]: <==      Total: 1
[2026-05-02 01:35:21.299] [DEBUG] [] [092f7a4b8dd449ecaa6ca4e765b79ff3]: ===> Supports JSON Message Converter : true
[2026-05-02 01:35:21.299] [DEBUG] [] [092f7a4b8dd449ecaa6ca4e765b79ff3]: Using 'application/json', given [application/json, text/plain, */*] and supported [application/json, application/*+json]
[2026-05-02 01:35:21.299] [DEBUG] [] [092f7a4b8dd449ecaa6ca4e765b79ff3]: ===> Supports JSON Message Converter : true
[2026-05-02 01:35:21.299] [DEBUG] [] [092f7a4b8dd449ecaa6ca4e765b79ff3]: Writing [UserDTO(super=AbstractAuditableDTO(createdAt=2026-05-01T21:18:50.206341, createdBy=0, updatedAt=2026 (truncated)...]
[2026-05-02 01:35:21.299] [DEBUG] [] [092f7a4b8dd449ecaa6ca4e765b79ff3]: =========================================
[2026-05-02 01:35:21.299] [DEBUG] [] [092f7a4b8dd449ecaa6ca4e765b79ff3]: ===>> Output object : 

{
	"alg":"SALT_MD5",
	"code":200,
	"data":{
		"birthYear":1990,
		"createdAt":"2026-05-01 21:18:50",
		"createdBy":0,
		"delFlag":false,
		"email":"admin@staff.local",
		"id":1,
		"isVip":false,
		"lastLoginAt":"2026-05-01 21:45:13.229045",
		"nickname":"超级管理员",
		"staffRole":1,
		"stampsBalance":0,
		"status":1,
		"updatedAt":"2026-05-01 21:45:13",
		"updatedBy":0
	},
	"message":"OK",
	"success":true
} 
class cn.nine.pros.post.client.model.db.UserDTO

[2026-05-02 01:35:21.299] [DEBUG] [] [092f7a4b8dd449ecaa6ca4e765b79ff3]: =========================================
[2026-05-02 01:35:21.299] [DEBUG] [] [092f7a4b8dd449ecaa6ca4e765b79ff3]: ==> leave RequestContextHolder.
[2026-05-02 01:35:21.299] [DEBUG] [] [092f7a4b8dd449ecaa6ca4e765b79ff3]: ==> leave RequestContextHolder.
[2026-05-02 01:39:55.324] [DEBUG] [] []: ==》/webapi/user/paging -> into PreRequestContextFilter.
[2026-05-02 01:39:55.324] [DEBUG] [] []: ==》/webapi/auth/current -> into PreRequestContextFilter.
[2026-05-02 01:39:55.324] [DEBUG] [] []: ==》/webapi/user/paging -> into PreRequestContextFilter.
[2026-05-02 01:39:55.324] [DEBUG] [] [6f3ecdc0f346436d9bf625842fec8177]: 地址 /webapi/user/paging 进入过滤器
[2026-05-02 01:39:55.324] [DEBUG] [] [95086b7ecafa4bb589835bc3605f6e8d]: 地址 /webapi/auth/current 进入过滤器
[2026-05-02 01:39:55.324] [DEBUG] [] [bbeba6167abc4e59ab24ae1bab4458df]: 地址 /webapi/user/paging 进入过滤器
[2026-05-02 01:39:55.330] [DEBUG] [] [95086b7ecafa4bb589835bc3605f6e8d]: ==>  Preparing: SELECT id,email,password_hash,nickname,birth_year,country_code,bio,avatar_url,stamps_balance,is_vip,vip_expire_at,status,staff_role,register_ip,last_login_at,created_at,created_by,updated_at,updated_by,del_flag FROM bu_user WHERE id=?
[2026-05-02 01:39:55.330] [DEBUG] [] [95086b7ecafa4bb589835bc3605f6e8d]: ==> Parameters: 1(Long)
[2026-05-02 01:39:55.330] [DEBUG] [] [6f3ecdc0f346436d9bf625842fec8177]: ==>  Preparing: SELECT id,email,password_hash,nickname,birth_year,country_code,bio,avatar_url,stamps_balance,is_vip,vip_expire_at,status,staff_role,register_ip,last_login_at,created_at,created_by,updated_at,updated_by,del_flag FROM bu_user WHERE (del_flag = ?) ORDER BY created_at DESC
[2026-05-02 01:39:55.330] [DEBUG] [] [bbeba6167abc4e59ab24ae1bab4458df]: ==>  Preparing: SELECT id,email,password_hash,nickname,birth_year,country_code,bio,avatar_url,stamps_balance,is_vip,vip_expire_at,status,staff_role,register_ip,last_login_at,created_at,created_by,updated_at,updated_by,del_flag FROM bu_user WHERE (del_flag = ?) ORDER BY created_at DESC
[2026-05-02 01:39:55.330] [DEBUG] [] [bbeba6167abc4e59ab24ae1bab4458df]: ==> Parameters: false(Boolean)
[2026-05-02 01:39:55.330] [DEBUG] [] [6f3ecdc0f346436d9bf625842fec8177]: ==> Parameters: false(Boolean)
[2026-05-02 01:39:55.332] [DEBUG] [] [95086b7ecafa4bb589835bc3605f6e8d]: <==      Total: 1
[2026-05-02 01:39:55.332] [DEBUG] [] [6f3ecdc0f346436d9bf625842fec8177]: <==      Total: 1
[2026-05-02 01:39:55.332] [DEBUG] [] [bbeba6167abc4e59ab24ae1bab4458df]: <==      Total: 1
[2026-05-02 01:39:55.332] [DEBUG] [] [95086b7ecafa4bb589835bc3605f6e8d]: ===> Supports JSON Message Converter : true
[2026-05-02 01:39:55.332] [DEBUG] [] [95086b7ecafa4bb589835bc3605f6e8d]: Using 'application/json', given [application/json, text/plain, */*] and supported [application/json, application/*+json]
[2026-05-02 01:39:55.332] [DEBUG] [] [95086b7ecafa4bb589835bc3605f6e8d]: ===> Supports JSON Message Converter : true
[2026-05-02 01:39:55.332] [DEBUG] [] [6f3ecdc0f346436d9bf625842fec8177]: ===> Supports JSON Message Converter : true
[2026-05-02 01:39:55.332] [DEBUG] [] [bbeba6167abc4e59ab24ae1bab4458df]: ===> Supports JSON Message Converter : true
[2026-05-02 01:39:55.332] [DEBUG] [] [bbeba6167abc4e59ab24ae1bab4458df]: Using 'application/json', given [application/json, text/plain, */*] and supported [application/json, application/*+json]
[2026-05-02 01:39:55.332] [DEBUG] [] [6f3ecdc0f346436d9bf625842fec8177]: Using 'application/json', given [application/json, text/plain, */*] and supported [application/json, application/*+json]
[2026-05-02 01:39:55.332] [DEBUG] [] [95086b7ecafa4bb589835bc3605f6e8d]: Writing [UserDTO(super=AbstractAuditableDTO(createdAt=2026-05-01T21:18:50.206341, createdBy=0, updatedAt=2026 (truncated)...]
[2026-05-02 01:39:55.332] [DEBUG] [] [bbeba6167abc4e59ab24ae1bab4458df]: ===> Supports JSON Message Converter : true
[2026-05-02 01:39:55.332] [DEBUG] [] [6f3ecdc0f346436d9bf625842fec8177]: ===> Supports JSON Message Converter : true
[2026-05-02 01:39:55.332] [DEBUG] [] [95086b7ecafa4bb589835bc3605f6e8d]: =========================================
[2026-05-02 01:39:55.332] [DEBUG] [] [bbeba6167abc4e59ab24ae1bab4458df]: Writing [PageData(total=0, page=1, size=50, pages=0, records=[UserDTO(super=AbstractAuditableDTO(createdAt=20 (truncated)...]
[2026-05-02 01:39:55.332] [DEBUG] [] [6f3ecdc0f346436d9bf625842fec8177]: Writing [PageData(total=0, page=1, size=50, pages=0, records=[UserDTO(super=AbstractAuditableDTO(createdAt=20 (truncated)...]
[2026-05-02 01:39:55.332] [DEBUG] [] [95086b7ecafa4bb589835bc3605f6e8d]: ===>> Output object : 

{
	"alg":"SALT_MD5",
	"code":200,
	"data":{
		"birthYear":1990,
		"createdAt":"2026-05-01 21:18:50",
		"createdBy":0,
		"delFlag":false,
		"email":"admin@staff.local",
		"id":1,
		"isVip":false,
		"lastLoginAt":"2026-05-01 21:45:13.229045",
		"nickname":"超级管理员",
		"staffRole":1,
		"stampsBalance":0,
		"status":1,
		"updatedAt":"2026-05-01 21:45:13",
		"updatedBy":0
	},
	"message":"OK",
	"success":true
} 
class cn.nine.pros.post.client.model.db.UserDTO

[2026-05-02 01:39:55.332] [DEBUG] [] [95086b7ecafa4bb589835bc3605f6e8d]: =========================================
[2026-05-02 01:39:55.332] [DEBUG] [] [6f3ecdc0f346436d9bf625842fec8177]: =========================================
[2026-05-02 01:39:55.332] [DEBUG] [] [6f3ecdc0f346436d9bf625842fec8177]: ===>> Output object : 

{
	"alg":"SALT_MD5",
	"code":200,
	"data":{
		"empty":false,
		"page":1,
		"pages":0,
		"recordCount":1,
		"records":[
			{
				"birthYear":1990,
				"createdAt":"2026-05-01 21:18:50",
				"createdBy":0,
				"delFlag":false,
				"email":"admin@staff.local",
				"id":1,
				"isVip":false,
				"lastLoginAt":"2026-05-01 21:45:13.229045",
				"nickname":"超级管理员",
				"passwordHash":"$2a$10$YTUeGZqQ/xrX1d9V26669ubXuH90MthjRxhXxJV5EldtWdFm0WQbS",
				"staffRole":1,
				"stampsBalance":0,
				"status":1,
				"updatedAt":"2026-05-01 21:45:13",
				"updatedBy":0
			}
		],
		"size":50,
		"total":0
	},
	"message":"OK",
	"success":true
} 
cn.nine.commons.data.page.PageData<cn.nine.pros.post.client.model.db.UserDTO>

[2026-05-02 01:39:55.332] [DEBUG] [] [6f3ecdc0f346436d9bf625842fec8177]: =========================================
[2026-05-02 01:39:55.332] [DEBUG] [] [bbeba6167abc4e59ab24ae1bab4458df]: =========================================
[2026-05-02 01:39:55.332] [DEBUG] [] [bbeba6167abc4e59ab24ae1bab4458df]: ===>> Output object : 

{
	"alg":"SALT_MD5",
	"code":200,
	"data":{
		"empty":false,
		"page":1,
		"pages":0,
		"recordCount":1,
		"records":[
			{
				"birthYear":1990,
				"createdAt":"2026-05-01 21:18:50",
				"createdBy":0,
				"delFlag":false,
				"email":"admin@staff.local",
				"id":1,
				"isVip":false,
				"lastLoginAt":"2026-05-01 21:45:13.229045",
				"nickname":"超级管理员",
				"passwordHash":"$2a$10$YTUeGZqQ/xrX1d9V26669ubXuH90MthjRxhXxJV5EldtWdFm0WQbS",
				"staffRole":1,
				"stampsBalance":0,
				"status":1,
				"updatedAt":"2026-05-01 21:45:13",
				"updatedBy":0
			}
		],
		"size":50,
		"total":0
	},
	"message":"OK",
	"success":true
} 
cn.nine.commons.data.page.PageData<cn.nine.pros.post.client.model.db.UserDTO>

[2026-05-02 01:39:55.332] [DEBUG] [] [bbeba6167abc4e59ab24ae1bab4458df]: =========================================
[2026-05-02 01:39:55.332] [DEBUG] [] [95086b7ecafa4bb589835bc3605f6e8d]: ==> leave RequestContextHolder.
[2026-05-02 01:39:55.332] [DEBUG] [] [6f3ecdc0f346436d9bf625842fec8177]: ==> leave RequestContextHolder.
[2026-05-02 01:39:55.332] [DEBUG] [] [95086b7ecafa4bb589835bc3605f6e8d]: ==> leave RequestContextHolder.
[2026-05-02 01:39:55.332] [DEBUG] [] [6f3ecdc0f346436d9bf625842fec8177]: ==> leave RequestContextHolder.
[2026-05-02 01:39:55.332] [DEBUG] [] [bbeba6167abc4e59ab24ae1bab4458df]: ==> leave RequestContextHolder.
[2026-05-02 01:39:55.332] [DEBUG] [] [bbeba6167abc4e59ab24ae1bab4458df]: ==> leave RequestContextHolder.
[2026-05-02 01:39:55.335] [DEBUG] [] []: ==》/webapi/auth/current -> into PreRequestContextFilter.
[2026-05-02 01:39:55.335] [DEBUG] [] [60f2cf18a31d4c43b4cec5c63407a00c]: 地址 /webapi/auth/current 进入过滤器
[2026-05-02 01:39:55.336] [DEBUG] [] [60f2cf18a31d4c43b4cec5c63407a00c]: ==>  Preparing: SELECT id,email,password_hash,nickname,birth_year,country_code,bio,avatar_url,stamps_balance,is_vip,vip_expire_at,status,staff_role,register_ip,last_login_at,created_at,created_by,updated_at,updated_by,del_flag FROM bu_user WHERE id=?
[2026-05-02 01:39:55.337] [DEBUG] [] [60f2cf18a31d4c43b4cec5c63407a00c]: ==> Parameters: 1(Long)
[2026-05-02 01:39:55.337] [DEBUG] [] [60f2cf18a31d4c43b4cec5c63407a00c]: <==      Total: 1
[2026-05-02 01:39:55.337] [DEBUG] [] [60f2cf18a31d4c43b4cec5c63407a00c]: ===> Supports JSON Message Converter : true
[2026-05-02 01:39:55.337] [DEBUG] [] [60f2cf18a31d4c43b4cec5c63407a00c]: Using 'application/json', given [application/json, text/plain, */*] and supported [application/json, application/*+json]
[2026-05-02 01:39:55.337] [DEBUG] [] [60f2cf18a31d4c43b4cec5c63407a00c]: ===> Supports JSON Message Converter : true
[2026-05-02 01:39:55.337] [DEBUG] [] [60f2cf18a31d4c43b4cec5c63407a00c]: Writing [UserDTO(super=AbstractAuditableDTO(createdAt=2026-05-01T21:18:50.206341, createdBy=0, updatedAt=2026 (truncated)...]
[2026-05-02 01:39:55.337] [DEBUG] [] [60f2cf18a31d4c43b4cec5c63407a00c]: =========================================
[2026-05-02 01:39:55.337] [DEBUG] [] [60f2cf18a31d4c43b4cec5c63407a00c]: ===>> Output object : 

{
	"alg":"SALT_MD5",
	"code":200,
	"data":{
		"birthYear":1990,
		"createdAt":"2026-05-01 21:18:50",
		"createdBy":0,
		"delFlag":false,
		"email":"admin@staff.local",
		"id":1,
		"isVip":false,
		"lastLoginAt":"2026-05-01 21:45:13.229045",
		"nickname":"超级管理员",
		"staffRole":1,
		"stampsBalance":0,
		"status":1,
		"updatedAt":"2026-05-01 21:45:13",
		"updatedBy":0
	},
	"message":"OK",
	"success":true
} 
class cn.nine.pros.post.client.model.db.UserDTO

[2026-05-02 01:39:55.337] [DEBUG] [] [60f2cf18a31d4c43b4cec5c63407a00c]: =========================================
[2026-05-02 01:39:55.337] [DEBUG] [] [60f2cf18a31d4c43b4cec5c63407a00c]: ==> leave RequestContextHolder.
[2026-05-02 01:39:55.337] [DEBUG] [] [60f2cf18a31d4c43b4cec5c63407a00c]: ==> leave RequestContextHolder.
[2026-05-02 01:46:21.267] [DEBUG] [] []: ==》/webapi/user/paging -> into PreRequestContextFilter.
[2026-05-02 01:46:21.268] [DEBUG] [] [07aa11f15800410484398e54aa6a5bfe]: 地址 /webapi/user/paging 进入过滤器
[2026-05-02 01:46:21.268] [DEBUG] [] []: ==》/webapi/user/paging -> into PreRequestContextFilter.
[2026-05-02 01:46:21.268] [DEBUG] [] []: ==》/webapi/auth/current -> into PreRequestContextFilter.
[2026-05-02 01:46:21.268] [DEBUG] [] [9377030497cc4cd6919235de03573ce9]: 地址 /webapi/user/paging 进入过滤器
[2026-05-02 01:46:21.268] [DEBUG] [] [0106c0d19ee94e069835e35b777a4fc6]: 地址 /webapi/auth/current 进入过滤器
[2026-05-02 01:46:21.276] [DEBUG] [] [0106c0d19ee94e069835e35b777a4fc6]: ==>  Preparing: SELECT id,email,password_hash,nickname,birth_year,country_code,bio,avatar_url,stamps_balance,is_vip,vip_expire_at,status,staff_role,register_ip,last_login_at,created_at,created_by,updated_at,updated_by,del_flag FROM bu_user WHERE id=?
[2026-05-02 01:46:21.276] [DEBUG] [] [0106c0d19ee94e069835e35b777a4fc6]: ==> Parameters: 1(Long)
[2026-05-02 01:46:21.276] [DEBUG] [] [9377030497cc4cd6919235de03573ce9]: ==>  Preparing: SELECT id,email,password_hash,nickname,birth_year,country_code,bio,avatar_url,stamps_balance,is_vip,vip_expire_at,status,staff_role,register_ip,last_login_at,created_at,created_by,updated_at,updated_by,del_flag FROM bu_user WHERE (del_flag = ?) ORDER BY created_at DESC
[2026-05-02 01:46:21.276] [DEBUG] [] [9377030497cc4cd6919235de03573ce9]: ==> Parameters: false(Boolean)
[2026-05-02 01:46:21.276] [DEBUG] [] [07aa11f15800410484398e54aa6a5bfe]: ==>  Preparing: SELECT id,email,password_hash,nickname,birth_year,country_code,bio,avatar_url,stamps_balance,is_vip,vip_expire_at,status,staff_role,register_ip,last_login_at,created_at,created_by,updated_at,updated_by,del_flag FROM bu_user WHERE (del_flag = ?) ORDER BY created_at DESC
[2026-05-02 01:46:21.276] [DEBUG] [] [07aa11f15800410484398e54aa6a5bfe]: ==> Parameters: false(Boolean)
[2026-05-02 01:46:21.280] [DEBUG] [] [0106c0d19ee94e069835e35b777a4fc6]: <==      Total: 1
[2026-05-02 01:46:21.280] [DEBUG] [] [9377030497cc4cd6919235de03573ce9]: <==      Total: 1
[2026-05-02 01:46:21.280] [DEBUG] [] [07aa11f15800410484398e54aa6a5bfe]: <==      Total: 1
[2026-05-02 01:46:21.280] [DEBUG] [] [9377030497cc4cd6919235de03573ce9]: ===> Supports JSON Message Converter : true
[2026-05-02 01:46:21.280] [DEBUG] [] [0106c0d19ee94e069835e35b777a4fc6]: ===> Supports JSON Message Converter : true
[2026-05-02 01:46:21.280] [DEBUG] [] [07aa11f15800410484398e54aa6a5bfe]: ===> Supports JSON Message Converter : true
[2026-05-02 01:46:21.280] [DEBUG] [] [0106c0d19ee94e069835e35b777a4fc6]: Using 'application/json', given [application/json, text/plain, */*] and supported [application/json, application/*+json]
[2026-05-02 01:46:21.280] [DEBUG] [] [07aa11f15800410484398e54aa6a5bfe]: Using 'application/json', given [application/json, text/plain, */*] and supported [application/json, application/*+json]
[2026-05-02 01:46:21.280] [DEBUG] [] [0106c0d19ee94e069835e35b777a4fc6]: ===> Supports JSON Message Converter : true
[2026-05-02 01:46:21.280] [DEBUG] [] [07aa11f15800410484398e54aa6a5bfe]: ===> Supports JSON Message Converter : true
[2026-05-02 01:46:21.280] [DEBUG] [] [9377030497cc4cd6919235de03573ce9]: Using 'application/json', given [application/json, text/plain, */*] and supported [application/json, application/*+json]
[2026-05-02 01:46:21.280] [DEBUG] [] [9377030497cc4cd6919235de03573ce9]: ===> Supports JSON Message Converter : true
[2026-05-02 01:46:21.280] [DEBUG] [] [0106c0d19ee94e069835e35b777a4fc6]: Writing [UserDTO(super=AbstractAuditableDTO(createdAt=2026-05-01T21:18:50.206341, createdBy=0, updatedAt=2026 (truncated)...]
[2026-05-02 01:46:21.280] [DEBUG] [] [07aa11f15800410484398e54aa6a5bfe]: Writing [PageData(total=0, page=1, size=50, pages=0, records=[UserDTO(super=AbstractAuditableDTO(createdAt=20 (truncated)...]
[2026-05-02 01:46:21.280] [DEBUG] [] [0106c0d19ee94e069835e35b777a4fc6]: =========================================
[2026-05-02 01:46:21.280] [DEBUG] [] [9377030497cc4cd6919235de03573ce9]: Writing [PageData(total=0, page=1, size=50, pages=0, records=[UserDTO(super=AbstractAuditableDTO(createdAt=20 (truncated)...]
[2026-05-02 01:46:21.280] [DEBUG] [] [0106c0d19ee94e069835e35b777a4fc6]: ===>> Output object : 

{
	"alg":"SALT_MD5",
	"code":200,
	"data":{
		"birthYear":1990,
		"createdAt":"2026-05-01 21:18:50",
		"createdBy":0,
		"delFlag":false,
		"email":"admin@staff.local",
		"id":1,
		"isVip":false,
		"lastLoginAt":"2026-05-01 21:45:13.229045",
		"nickname":"超级管理员",
		"staffRole":1,
		"stampsBalance":0,
		"status":1,
		"updatedAt":"2026-05-01 21:45:13",
		"updatedBy":0
	},
	"message":"OK",
	"success":true
} 
class cn.nine.pros.post.client.model.db.UserDTO

[2026-05-02 01:46:21.281] [DEBUG] [] [0106c0d19ee94e069835e35b777a4fc6]: =========================================
[2026-05-02 01:46:21.281] [DEBUG] [] [9377030497cc4cd6919235de03573ce9]: =========================================
[2026-05-02 01:46:21.281] [DEBUG] [] [9377030497cc4cd6919235de03573ce9]: ===>> Output object : 

{
	"alg":"SALT_MD5",
	"code":200,
	"data":{
		"empty":false,
		"page":1,
		"pages":0,
		"recordCount":1,
		"records":[
			{
				"birthYear":1990,
				"createdAt":"2026-05-01 21:18:50",
				"createdBy":0,
				"delFlag":false,
				"email":"admin@staff.local",
				"id":1,
				"isVip":false,
				"lastLoginAt":"2026-05-01 21:45:13.229045",
				"nickname":"超级管理员",
				"passwordHash":"$2a$10$YTUeGZqQ/xrX1d9V26669ubXuH90MthjRxhXxJV5EldtWdFm0WQbS",
				"staffRole":1,
				"stampsBalance":0,
				"status":1,
				"updatedAt":"2026-05-01 21:45:13",
				"updatedBy":0
			}
		],
		"size":50,
		"total":0
	},
	"message":"OK",
	"success":true
} 
cn.nine.commons.data.page.PageData<cn.nine.pros.post.client.model.db.UserDTO>

[2026-05-02 01:46:21.281] [DEBUG] [] [9377030497cc4cd6919235de03573ce9]: =========================================
[2026-05-02 01:46:21.281] [DEBUG] [] [07aa11f15800410484398e54aa6a5bfe]: =========================================
[2026-05-02 01:46:21.281] [DEBUG] [] [07aa11f15800410484398e54aa6a5bfe]: ===>> Output object : 

{
	"alg":"SALT_MD5",
	"code":200,
	"data":{
		"empty":false,
		"page":1,
		"pages":0,
		"recordCount":1,
		"records":[
			{
				"birthYear":1990,
				"createdAt":"2026-05-01 21:18:50",
				"createdBy":0,
				"delFlag":false,
				"email":"admin@staff.local",
				"id":1,
				"isVip":false,
				"lastLoginAt":"2026-05-01 21:45:13.229045",
				"nickname":"超级管理员",
				"passwordHash":"$2a$10$YTUeGZqQ/xrX1d9V26669ubXuH90MthjRxhXxJV5EldtWdFm0WQbS",
				"staffRole":1,
				"stampsBalance":0,
				"status":1,
				"updatedAt":"2026-05-01 21:45:13",
				"updatedBy":0
			}
		],
		"size":50,
		"total":0
	},
	"message":"OK",
	"success":true
} 
cn.nine.commons.data.page.PageData<cn.nine.pros.post.client.model.db.UserDTO>

[2026-05-02 01:46:21.281] [DEBUG] [] [07aa11f15800410484398e54aa6a5bfe]: =========================================
[2026-05-02 01:46:21.281] [DEBUG] [] [0106c0d19ee94e069835e35b777a4fc6]: ==> leave RequestContextHolder.
[2026-05-02 01:46:21.281] [DEBUG] [] [9377030497cc4cd6919235de03573ce9]: ==> leave RequestContextHolder.
[2026-05-02 01:46:21.281] [DEBUG] [] [0106c0d19ee94e069835e35b777a4fc6]: ==> leave RequestContextHolder.
[2026-05-02 01:46:21.281] [DEBUG] [] [9377030497cc4cd6919235de03573ce9]: ==> leave RequestContextHolder.
[2026-05-02 01:46:21.281] [DEBUG] [] [07aa11f15800410484398e54aa6a5bfe]: ==> leave RequestContextHolder.
[2026-05-02 01:46:21.281] [DEBUG] [] [07aa11f15800410484398e54aa6a5bfe]: ==> leave RequestContextHolder.
[2026-05-02 01:46:21.286] [DEBUG] [] []: ==》/webapi/auth/current -> into PreRequestContextFilter.
[2026-05-02 01:46:21.286] [DEBUG] [] [d2f0b88a5cbc4f06a21aebeecf496a44]: 地址 /webapi/auth/current 进入过滤器
[2026-05-02 01:46:21.288] [DEBUG] [] [d2f0b88a5cbc4f06a21aebeecf496a44]: ==>  Preparing: SELECT id,email,password_hash,nickname,birth_year,country_code,bio,avatar_url,stamps_balance,is_vip,vip_expire_at,status,staff_role,register_ip,last_login_at,created_at,created_by,updated_at,updated_by,del_flag FROM bu_user WHERE id=?
[2026-05-02 01:46:21.288] [DEBUG] [] [d2f0b88a5cbc4f06a21aebeecf496a44]: ==> Parameters: 1(Long)
[2026-05-02 01:46:21.289] [DEBUG] [] [d2f0b88a5cbc4f06a21aebeecf496a44]: <==      Total: 1
[2026-05-02 01:46:21.289] [DEBUG] [] [d2f0b88a5cbc4f06a21aebeecf496a44]: ===> Supports JSON Message Converter : true
[2026-05-02 01:46:21.289] [DEBUG] [] [d2f0b88a5cbc4f06a21aebeecf496a44]: Using 'application/json', given [application/json, text/plain, */*] and supported [application/json, application/*+json]
[2026-05-02 01:46:21.289] [DEBUG] [] [d2f0b88a5cbc4f06a21aebeecf496a44]: ===> Supports JSON Message Converter : true
[2026-05-02 01:46:21.289] [DEBUG] [] [d2f0b88a5cbc4f06a21aebeecf496a44]: Writing [UserDTO(super=AbstractAuditableDTO(createdAt=2026-05-01T21:18:50.206341, createdBy=0, updatedAt=2026 (truncated)...]
[2026-05-02 01:46:21.289] [DEBUG] [] [d2f0b88a5cbc4f06a21aebeecf496a44]: =========================================
[2026-05-02 01:46:21.289] [DEBUG] [] [d2f0b88a5cbc4f06a21aebeecf496a44]: ===>> Output object : 

{
	"alg":"SALT_MD5",
	"code":200,
	"data":{
		"birthYear":1990,
		"createdAt":"2026-05-01 21:18:50",
		"createdBy":0,
		"delFlag":false,
		"email":"admin@staff.local",
		"id":1,
		"isVip":false,
		"lastLoginAt":"2026-05-01 21:45:13.229045",
		"nickname":"超级管理员",
		"staffRole":1,
		"stampsBalance":0,
		"status":1,
		"updatedAt":"2026-05-01 21:45:13",
		"updatedBy":0
	},
	"message":"OK",
	"success":true
} 
class cn.nine.pros.post.client.model.db.UserDTO

[2026-05-02 01:46:21.290] [DEBUG] [] [d2f0b88a5cbc4f06a21aebeecf496a44]: =========================================
[2026-05-02 01:46:21.290] [DEBUG] [] [d2f0b88a5cbc4f06a21aebeecf496a44]: ==> leave RequestContextHolder.
[2026-05-02 01:46:21.290] [DEBUG] [] [d2f0b88a5cbc4f06a21aebeecf496a44]: ==> leave RequestContextHolder.
[2026-05-02 01:50:55.266] [DEBUG] [] []: ==》/webapi/user/paging -> into PreRequestContextFilter.
[2026-05-02 01:50:55.266] [DEBUG] [] []: ==》/webapi/user/paging -> into PreRequestContextFilter.
[2026-05-02 01:50:55.266] [DEBUG] [] []: ==》/webapi/auth/current -> into PreRequestContextFilter.
[2026-05-02 01:50:55.266] [DEBUG] [] [44e28787e953491991747d36e4ad76ce]: 地址 /webapi/user/paging 进入过滤器
[2026-05-02 01:50:55.266] [DEBUG] [] [b88494ba2b5e4a8eb25e8aa734aa2b99]: 地址 /webapi/user/paging 进入过滤器
[2026-05-02 01:50:55.266] [DEBUG] [] [14cf751f6b34485ea540a46fcf66223a]: 地址 /webapi/auth/current 进入过滤器
[2026-05-02 01:50:55.273] [DEBUG] [] [14cf751f6b34485ea540a46fcf66223a]: ==>  Preparing: SELECT id,email,password_hash,nickname,birth_year,country_code,bio,avatar_url,stamps_balance,is_vip,vip_expire_at,status,staff_role,register_ip,last_login_at,created_at,created_by,updated_at,updated_by,del_flag FROM bu_user WHERE id=?
[2026-05-02 01:50:55.273] [DEBUG] [] [14cf751f6b34485ea540a46fcf66223a]: ==> Parameters: 1(Long)
[2026-05-02 01:50:55.274] [DEBUG] [] [14cf751f6b34485ea540a46fcf66223a]: <==      Total: 1
[2026-05-02 01:50:55.274] [DEBUG] [] [b88494ba2b5e4a8eb25e8aa734aa2b99]: ==>  Preparing: SELECT id,email,password_hash,nickname,birth_year,country_code,bio,avatar_url,stamps_balance,is_vip,vip_expire_at,status,staff_role,register_ip,last_login_at,created_at,created_by,updated_at,updated_by,del_flag FROM bu_user WHERE (del_flag = ?) ORDER BY created_at DESC
[2026-05-02 01:50:55.274] [DEBUG] [] [14cf751f6b34485ea540a46fcf66223a]: ===> Supports JSON Message Converter : true
[2026-05-02 01:50:55.274] [DEBUG] [] [b88494ba2b5e4a8eb25e8aa734aa2b99]: ==> Parameters: false(Boolean)
[2026-05-02 01:50:55.274] [DEBUG] [] [44e28787e953491991747d36e4ad76ce]: ==>  Preparing: SELECT id,email,password_hash,nickname,birth_year,country_code,bio,avatar_url,stamps_balance,is_vip,vip_expire_at,status,staff_role,register_ip,last_login_at,created_at,created_by,updated_at,updated_by,del_flag FROM bu_user WHERE (del_flag = ?) ORDER BY created_at DESC
[2026-05-02 01:50:55.274] [DEBUG] [] [14cf751f6b34485ea540a46fcf66223a]: Using 'application/json', given [application/json, text/plain, */*] and supported [application/json, application/*+json]
[2026-05-02 01:50:55.274] [DEBUG] [] [14cf751f6b34485ea540a46fcf66223a]: ===> Supports JSON Message Converter : true
[2026-05-02 01:50:55.274] [DEBUG] [] [44e28787e953491991747d36e4ad76ce]: ==> Parameters: false(Boolean)
[2026-05-02 01:50:55.274] [DEBUG] [] [14cf751f6b34485ea540a46fcf66223a]: Writing [UserDTO(super=AbstractAuditableDTO(createdAt=2026-05-01T21:18:50.206341, createdBy=0, updatedAt=2026 (truncated)...]
[2026-05-02 01:50:55.274] [DEBUG] [] [14cf751f6b34485ea540a46fcf66223a]: =========================================
[2026-05-02 01:50:55.274] [DEBUG] [] [14cf751f6b34485ea540a46fcf66223a]: ===>> Output object : 

{
	"alg":"SALT_MD5",
	"code":200,
	"data":{
		"birthYear":1990,
		"createdAt":"2026-05-01 21:18:50",
		"createdBy":0,
		"delFlag":false,
		"email":"admin@staff.local",
		"id":1,
		"isVip":false,
		"lastLoginAt":"2026-05-01 21:45:13.229045",
		"nickname":"超级管理员",
		"staffRole":1,
		"stampsBalance":0,
		"status":1,
		"updatedAt":"2026-05-01 21:45:13",
		"updatedBy":0
	},
	"message":"OK",
	"success":true
} 
class cn.nine.pros.post.client.model.db.UserDTO

[2026-05-02 01:50:55.274] [DEBUG] [] [14cf751f6b34485ea540a46fcf66223a]: =========================================
[2026-05-02 01:50:55.275] [DEBUG] [] [14cf751f6b34485ea540a46fcf66223a]: ==> leave RequestContextHolder.
[2026-05-02 01:50:55.275] [DEBUG] [] [14cf751f6b34485ea540a46fcf66223a]: ==> leave RequestContextHolder.
[2026-05-02 01:50:55.275] [DEBUG] [] [b88494ba2b5e4a8eb25e8aa734aa2b99]: <==      Total: 1
[2026-05-02 01:50:55.275] [DEBUG] [] [44e28787e953491991747d36e4ad76ce]: <==      Total: 1
[2026-05-02 01:50:55.275] [DEBUG] [] [b88494ba2b5e4a8eb25e8aa734aa2b99]: ===> Supports JSON Message Converter : true
[2026-05-02 01:50:55.275] [DEBUG] [] [b88494ba2b5e4a8eb25e8aa734aa2b99]: Using 'application/json', given [application/json, text/plain, */*] and supported [application/json, application/*+json]
[2026-05-02 01:50:55.275] [DEBUG] [] [b88494ba2b5e4a8eb25e8aa734aa2b99]: ===> Supports JSON Message Converter : true
[2026-05-02 01:50:55.275] [DEBUG] [] [b88494ba2b5e4a8eb25e8aa734aa2b99]: Writing [PageData(total=0, page=1, size=50, pages=0, records=[UserDTO(super=AbstractAuditableDTO(createdAt=20 (truncated)...]
[2026-05-02 01:50:55.275] [DEBUG] [] [44e28787e953491991747d36e4ad76ce]: ===> Supports JSON Message Converter : true
[2026-05-02 01:50:55.275] [DEBUG] [] [b88494ba2b5e4a8eb25e8aa734aa2b99]: =========================================
[2026-05-02 01:50:55.275] [DEBUG] [] [44e28787e953491991747d36e4ad76ce]: Using 'application/json', given [application/json, text/plain, */*] and supported [application/json, application/*+json]
[2026-05-02 01:50:55.275] [DEBUG] [] [44e28787e953491991747d36e4ad76ce]: ===> Supports JSON Message Converter : true
[2026-05-02 01:50:55.276] [DEBUG] [] [b88494ba2b5e4a8eb25e8aa734aa2b99]: ===>> Output object : 

{
	"alg":"SALT_MD5",
	"code":200,
	"data":{
		"empty":false,
		"page":1,
		"pages":0,
		"recordCount":1,
		"records":[
			{
				"birthYear":1990,
				"createdAt":"2026-05-01 21:18:50",
				"createdBy":0,
				"delFlag":false,
				"email":"admin@staff.local",
				"id":1,
				"isVip":false,
				"lastLoginAt":"2026-05-01 21:45:13.229045",
				"nickname":"超级管理员",
				"passwordHash":"$2a$10$YTUeGZqQ/xrX1d9V26669ubXuH90MthjRxhXxJV5EldtWdFm0WQbS",
				"staffRole":1,
				"stampsBalance":0,
				"status":1,
				"updatedAt":"2026-05-01 21:45:13",
				"updatedBy":0
			}
		],
		"size":50,
		"total":0
	},
	"message":"OK",
	"success":true
} 
cn.nine.commons.data.page.PageData<cn.nine.pros.post.client.model.db.UserDTO>

[2026-05-02 01:50:55.276] [DEBUG] [] [b88494ba2b5e4a8eb25e8aa734aa2b99]: =========================================
[2026-05-02 01:50:55.276] [DEBUG] [] [44e28787e953491991747d36e4ad76ce]: Writing [PageData(total=0, page=1, size=50, pages=0, records=[UserDTO(super=AbstractAuditableDTO(createdAt=20 (truncated)...]
[2026-05-02 01:50:55.276] [DEBUG] [] [44e28787e953491991747d36e4ad76ce]: =========================================
[2026-05-02 01:50:55.276] [DEBUG] [] [44e28787e953491991747d36e4ad76ce]: ===>> Output object : 

{
	"alg":"SALT_MD5",
	"code":200,
	"data":{
		"empty":false,
		"page":1,
		"pages":0,
		"recordCount":1,
		"records":[
			{
				"birthYear":1990,
				"createdAt":"2026-05-01 21:18:50",
				"createdBy":0,
				"delFlag":false,
				"email":"admin@staff.local",
				"id":1,
				"isVip":false,
				"lastLoginAt":"2026-05-01 21:45:13.229045",
				"nickname":"超级管理员",
				"passwordHash":"$2a$10$YTUeGZqQ/xrX1d9V26669ubXuH90MthjRxhXxJV5EldtWdFm0WQbS",
				"staffRole":1,
				"stampsBalance":0,
				"status":1,
				"updatedAt":"2026-05-01 21:45:13",
				"updatedBy":0
			}
		],
		"size":50,
		"total":0
	},
	"message":"OK",
	"success":true
} 
cn.nine.commons.data.page.PageData<cn.nine.pros.post.client.model.db.UserDTO>

[2026-05-02 01:50:55.276] [DEBUG] [] [44e28787e953491991747d36e4ad76ce]: =========================================
[2026-05-02 01:50:55.276] [DEBUG] [] [b88494ba2b5e4a8eb25e8aa734aa2b99]: ==> leave RequestContextHolder.
[2026-05-02 01:50:55.276] [DEBUG] [] [b88494ba2b5e4a8eb25e8aa734aa2b99]: ==> leave RequestContextHolder.
[2026-05-02 01:50:55.276] [DEBUG] [] [44e28787e953491991747d36e4ad76ce]: ==> leave RequestContextHolder.
[2026-05-02 01:50:55.276] [DEBUG] [] [44e28787e953491991747d36e4ad76ce]: ==> leave RequestContextHolder.
[2026-05-02 01:50:55.279] [DEBUG] [] []: ==》/webapi/auth/current -> into PreRequestContextFilter.
[2026-05-02 01:50:55.279] [DEBUG] [] [32e80bccfcac4b848da530151ffffd08]: 地址 /webapi/auth/current 进入过滤器
[2026-05-02 01:50:55.282] [DEBUG] [] [32e80bccfcac4b848da530151ffffd08]: ==>  Preparing: SELECT id,email,password_hash,nickname,birth_year,country_code,bio,avatar_url,stamps_balance,is_vip,vip_expire_at,status,staff_role,register_ip,last_login_at,created_at,created_by,updated_at,updated_by,del_flag FROM bu_user WHERE id=?
[2026-05-02 01:50:55.282] [DEBUG] [] [32e80bccfcac4b848da530151ffffd08]: ==> Parameters: 1(Long)
[2026-05-02 01:50:55.282] [DEBUG] [] [32e80bccfcac4b848da530151ffffd08]: <==      Total: 1
[2026-05-02 01:50:55.282] [DEBUG] [] [32e80bccfcac4b848da530151ffffd08]: ===> Supports JSON Message Converter : true
[2026-05-02 01:50:55.282] [DEBUG] [] [32e80bccfcac4b848da530151ffffd08]: Using 'application/json', given [application/json, text/plain, */*] and supported [application/json, application/*+json]
[2026-05-02 01:50:55.282] [DEBUG] [] [32e80bccfcac4b848da530151ffffd08]: ===> Supports JSON Message Converter : true
[2026-05-02 01:50:55.282] [DEBUG] [] [32e80bccfcac4b848da530151ffffd08]: Writing [UserDTO(super=AbstractAuditableDTO(createdAt=2026-05-01T21:18:50.206341, createdBy=0, updatedAt=2026 (truncated)...]
[2026-05-02 01:50:55.282] [DEBUG] [] [32e80bccfcac4b848da530151ffffd08]: =========================================
[2026-05-02 01:50:55.282] [DEBUG] [] [32e80bccfcac4b848da530151ffffd08]: ===>> Output object : 

{
	"alg":"SALT_MD5",
	"code":200,
	"data":{
		"birthYear":1990,
		"createdAt":"2026-05-01 21:18:50",
		"createdBy":0,
		"delFlag":false,
		"email":"admin@staff.local",
		"id":1,
		"isVip":false,
		"lastLoginAt":"2026-05-01 21:45:13.229045",
		"nickname":"超级管理员",
		"staffRole":1,
		"stampsBalance":0,
		"status":1,
		"updatedAt":"2026-05-01 21:45:13",
		"updatedBy":0
	},
	"message":"OK",
	"success":true
} 
class cn.nine.pros.post.client.model.db.UserDTO

[2026-05-02 01:50:55.282] [DEBUG] [] [32e80bccfcac4b848da530151ffffd08]: =========================================
[2026-05-02 01:50:55.282] [DEBUG] [] [32e80bccfcac4b848da530151ffffd08]: ==> leave RequestContextHolder.
[2026-05-02 01:50:55.282] [DEBUG] [] [32e80bccfcac4b848da530151ffffd08]: ==> leave RequestContextHolder.
[2026-05-02 01:56:21.335] [DEBUG] [] []: ==》/webapi/user/paging -> into PreRequestContextFilter.
[2026-05-02 01:56:21.335] [DEBUG] [] []: ==》/webapi/user/paging -> into PreRequestContextFilter.
[2026-05-02 01:56:21.335] [DEBUG] [] [bfb8ead1e66742689a1e9508ccc17b6e]: 地址 /webapi/user/paging 进入过滤器
[2026-05-02 01:56:21.335] [DEBUG] [] [bd97214d913d4d92bd76c7f49d5e6458]: 地址 /webapi/user/paging 进入过滤器
[2026-05-02 01:56:21.335] [DEBUG] [] []: ==》/webapi/auth/current -> into PreRequestContextFilter.
[2026-05-02 01:56:21.335] [DEBUG] [] [88a9989a22de4a57bd63aa6db28231a7]: 地址 /webapi/auth/current 进入过滤器
[2026-05-02 01:56:21.343] [DEBUG] [] [88a9989a22de4a57bd63aa6db28231a7]: ==>  Preparing: SELECT id,email,password_hash,nickname,birth_year,country_code,bio,avatar_url,stamps_balance,is_vip,vip_expire_at,status,staff_role,register_ip,last_login_at,created_at,created_by,updated_at,updated_by,del_flag FROM bu_user WHERE id=?
[2026-05-02 01:56:21.343] [DEBUG] [] [88a9989a22de4a57bd63aa6db28231a7]: ==> Parameters: 1(Long)
[2026-05-02 01:56:21.343] [DEBUG] [] [bd97214d913d4d92bd76c7f49d5e6458]: ==>  Preparing: SELECT id,email,password_hash,nickname,birth_year,country_code,bio,avatar_url,stamps_balance,is_vip,vip_expire_at,status,staff_role,register_ip,last_login_at,created_at,created_by,updated_at,updated_by,del_flag FROM bu_user WHERE (del_flag = ?) ORDER BY created_at DESC
[2026-05-02 01:56:21.343] [DEBUG] [] [bd97214d913d4d92bd76c7f49d5e6458]: ==> Parameters: false(Boolean)
[2026-05-02 01:56:21.343] [DEBUG] [] [bfb8ead1e66742689a1e9508ccc17b6e]: ==>  Preparing: SELECT id,email,password_hash,nickname,birth_year,country_code,bio,avatar_url,stamps_balance,is_vip,vip_expire_at,status,staff_role,register_ip,last_login_at,created_at,created_by,updated_at,updated_by,del_flag FROM bu_user WHERE (del_flag = ?) ORDER BY created_at DESC
[2026-05-02 01:56:21.343] [DEBUG] [] [bfb8ead1e66742689a1e9508ccc17b6e]: ==> Parameters: false(Boolean)
[2026-05-02 01:56:21.344] [DEBUG] [] [88a9989a22de4a57bd63aa6db28231a7]: <==      Total: 1
[2026-05-02 01:56:21.344] [DEBUG] [] [bd97214d913d4d92bd76c7f49d5e6458]: <==      Total: 1
[2026-05-02 01:56:21.344] [DEBUG] [] [bfb8ead1e66742689a1e9508ccc17b6e]: <==      Total: 1
[2026-05-02 01:56:21.344] [DEBUG] [] [88a9989a22de4a57bd63aa6db28231a7]: ===> Supports JSON Message Converter : true
[2026-05-02 01:56:21.344] [DEBUG] [] [bfb8ead1e66742689a1e9508ccc17b6e]: ===> Supports JSON Message Converter : true
[2026-05-02 01:56:21.344] [DEBUG] [] [bd97214d913d4d92bd76c7f49d5e6458]: ===> Supports JSON Message Converter : true
[2026-05-02 01:56:21.344] [DEBUG] [] [88a9989a22de4a57bd63aa6db28231a7]: Using 'application/json', given [application/json, text/plain, */*] and supported [application/json, application/*+json]
[2026-05-02 01:56:21.344] [DEBUG] [] [bfb8ead1e66742689a1e9508ccc17b6e]: Using 'application/json', given [application/json, text/plain, */*] and supported [application/json, application/*+json]
[2026-05-02 01:56:21.344] [DEBUG] [] [bd97214d913d4d92bd76c7f49d5e6458]: Using 'application/json', given [application/json, text/plain, */*] and supported [application/json, application/*+json]
[2026-05-02 01:56:21.344] [DEBUG] [] [88a9989a22de4a57bd63aa6db28231a7]: ===> Supports JSON Message Converter : true
[2026-05-02 01:56:21.344] [DEBUG] [] [bfb8ead1e66742689a1e9508ccc17b6e]: ===> Supports JSON Message Converter : true
[2026-05-02 01:56:21.344] [DEBUG] [] [bd97214d913d4d92bd76c7f49d5e6458]: ===> Supports JSON Message Converter : true
[2026-05-02 01:56:21.344] [DEBUG] [] [bd97214d913d4d92bd76c7f49d5e6458]: Writing [PageData(total=0, page=1, size=50, pages=0, records=[UserDTO(super=AbstractAuditableDTO(createdAt=20 (truncated)...]
[2026-05-02 01:56:21.344] [DEBUG] [] [88a9989a22de4a57bd63aa6db28231a7]: Writing [UserDTO(super=AbstractAuditableDTO(createdAt=2026-05-01T21:18:50.206341, createdBy=0, updatedAt=2026 (truncated)...]
[2026-05-02 01:56:21.344] [DEBUG] [] [bfb8ead1e66742689a1e9508ccc17b6e]: Writing [PageData(total=0, page=1, size=50, pages=0, records=[UserDTO(super=AbstractAuditableDTO(createdAt=20 (truncated)...]
[2026-05-02 01:56:21.344] [DEBUG] [] [bfb8ead1e66742689a1e9508ccc17b6e]: =========================================
[2026-05-02 01:56:21.344] [DEBUG] [] [bfb8ead1e66742689a1e9508ccc17b6e]: ===>> Output object : 

{
	"alg":"SALT_MD5",
	"code":200,
	"data":{
		"empty":false,
		"page":1,
		"pages":0,
		"recordCount":1,
		"records":[
			{
				"birthYear":1990,
				"createdAt":"2026-05-01 21:18:50",
				"createdBy":0,
				"delFlag":false,
				"email":"admin@staff.local",
				"id":1,
				"isVip":false,
				"lastLoginAt":"2026-05-01 21:45:13.229045",
				"nickname":"超级管理员",
				"passwordHash":"$2a$10$YTUeGZqQ/xrX1d9V26669ubXuH90MthjRxhXxJV5EldtWdFm0WQbS",
				"staffRole":1,
				"stampsBalance":0,
				"status":1,
				"updatedAt":"2026-05-01 21:45:13",
				"updatedBy":0
			}
		],
		"size":50,
		"total":0
	},
	"message":"OK",
	"success":true
} 
cn.nine.commons.data.page.PageData<cn.nine.pros.post.client.model.db.UserDTO>

[2026-05-02 01:56:21.344] [DEBUG] [] [bfb8ead1e66742689a1e9508ccc17b6e]: =========================================
[2026-05-02 01:56:21.344] [DEBUG] [] [88a9989a22de4a57bd63aa6db28231a7]: =========================================
[2026-05-02 01:56:21.344] [DEBUG] [] [88a9989a22de4a57bd63aa6db28231a7]: ===>> Output object : 

{
	"alg":"SALT_MD5",
	"code":200,
	"data":{
		"birthYear":1990,
		"createdAt":"2026-05-01 21:18:50",
		"createdBy":0,
		"delFlag":false,
		"email":"admin@staff.local",
		"id":1,
		"isVip":false,
		"lastLoginAt":"2026-05-01 21:45:13.229045",
		"nickname":"超级管理员",
		"staffRole":1,
		"stampsBalance":0,
		"status":1,
		"updatedAt":"2026-05-01 21:45:13",
		"updatedBy":0
	},
	"message":"OK",
	"success":true
} 
class cn.nine.pros.post.client.model.db.UserDTO

[2026-05-02 01:56:21.344] [DEBUG] [] [88a9989a22de4a57bd63aa6db28231a7]: =========================================
[2026-05-02 01:56:21.344] [DEBUG] [] [bd97214d913d4d92bd76c7f49d5e6458]: =========================================
[2026-05-02 01:56:21.344] [DEBUG] [] [bd97214d913d4d92bd76c7f49d5e6458]: ===>> Output object : 

{
	"alg":"SALT_MD5",
	"code":200,
	"data":{
		"empty":false,
		"page":1,
		"pages":0,
		"recordCount":1,
		"records":[
			{
				"birthYear":1990,
				"createdAt":"2026-05-01 21:18:50",
				"createdBy":0,
				"delFlag":false,
				"email":"admin@staff.local",
				"id":1,
				"isVip":false,
				"lastLoginAt":"2026-05-01 21:45:13.229045",
				"nickname":"超级管理员",
				"passwordHash":"$2a$10$YTUeGZqQ/xrX1d9V26669ubXuH90MthjRxhXxJV5EldtWdFm0WQbS",
				"staffRole":1,
				"stampsBalance":0,
				"status":1,
				"updatedAt":"2026-05-01 21:45:13",
				"updatedBy":0
			}
		],
		"size":50,
		"total":0
	},
	"message":"OK",
	"success":true
} 
cn.nine.commons.data.page.PageData<cn.nine.pros.post.client.model.db.UserDTO>

[2026-05-02 01:56:21.344] [DEBUG] [] [bd97214d913d4d92bd76c7f49d5e6458]: =========================================
[2026-05-02 01:56:21.344] [DEBUG] [] [88a9989a22de4a57bd63aa6db28231a7]: ==> leave RequestContextHolder.
[2026-05-02 01:56:21.344] [DEBUG] [] [88a9989a22de4a57bd63aa6db28231a7]: ==> leave RequestContextHolder.
[2026-05-02 01:56:21.344] [DEBUG] [] [bfb8ead1e66742689a1e9508ccc17b6e]: ==> leave RequestContextHolder.
[2026-05-02 01:56:21.344] [DEBUG] [] [bfb8ead1e66742689a1e9508ccc17b6e]: ==> leave RequestContextHolder.
[2026-05-02 01:56:21.344] [DEBUG] [] [bd97214d913d4d92bd76c7f49d5e6458]: ==> leave RequestContextHolder.
[2026-05-02 01:56:21.344] [DEBUG] [] [bd97214d913d4d92bd76c7f49d5e6458]: ==> leave RequestContextHolder.
[2026-05-02 01:56:21.347] [DEBUG] [] []: ==》/webapi/auth/current -> into PreRequestContextFilter.
[2026-05-02 01:56:21.347] [DEBUG] [] [aacbbf0278a84ce3a69583d9297354b5]: 地址 /webapi/auth/current 进入过滤器
[2026-05-02 01:56:21.349] [DEBUG] [] [aacbbf0278a84ce3a69583d9297354b5]: ==>  Preparing: SELECT id,email,password_hash,nickname,birth_year,country_code,bio,avatar_url,stamps_balance,is_vip,vip_expire_at,status,staff_role,register_ip,last_login_at,created_at,created_by,updated_at,updated_by,del_flag FROM bu_user WHERE id=?
[2026-05-02 01:56:21.349] [DEBUG] [] [aacbbf0278a84ce3a69583d9297354b5]: ==> Parameters: 1(Long)
[2026-05-02 01:56:21.350] [DEBUG] [] [aacbbf0278a84ce3a69583d9297354b5]: <==      Total: 1
[2026-05-02 01:56:21.350] [DEBUG] [] [aacbbf0278a84ce3a69583d9297354b5]: ===> Supports JSON Message Converter : true
[2026-05-02 01:56:21.350] [DEBUG] [] [aacbbf0278a84ce3a69583d9297354b5]: Using 'application/json', given [application/json, text/plain, */*] and supported [application/json, application/*+json]
[2026-05-02 01:56:21.350] [DEBUG] [] [aacbbf0278a84ce3a69583d9297354b5]: ===> Supports JSON Message Converter : true
[2026-05-02 01:56:21.350] [DEBUG] [] [aacbbf0278a84ce3a69583d9297354b5]: Writing [UserDTO(super=AbstractAuditableDTO(createdAt=2026-05-01T21:18:50.206341, createdBy=0, updatedAt=2026 (truncated)...]
[2026-05-02 01:56:21.350] [DEBUG] [] [aacbbf0278a84ce3a69583d9297354b5]: =========================================
[2026-05-02 01:56:21.350] [DEBUG] [] [aacbbf0278a84ce3a69583d9297354b5]: ===>> Output object : 

{
	"alg":"SALT_MD5",
	"code":200,
	"data":{
		"birthYear":1990,
		"createdAt":"2026-05-01 21:18:50",
		"createdBy":0,
		"delFlag":false,
		"email":"admin@staff.local",
		"id":1,
		"isVip":false,
		"lastLoginAt":"2026-05-01 21:45:13.229045",
		"nickname":"超级管理员",
		"staffRole":1,
		"stampsBalance":0,
		"status":1,
		"updatedAt":"2026-05-01 21:45:13",
		"updatedBy":0
	},
	"message":"OK",
	"success":true
} 
class cn.nine.pros.post.client.model.db.UserDTO

[2026-05-02 01:56:21.350] [DEBUG] [] [aacbbf0278a84ce3a69583d9297354b5]: =========================================
[2026-05-02 01:56:21.350] [DEBUG] [] [aacbbf0278a84ce3a69583d9297354b5]: ==> leave RequestContextHolder.
[2026-05-02 01:56:21.350] [DEBUG] [] [aacbbf0278a84ce3a69583d9297354b5]: ==> leave RequestContextHolder.
[2026-05-02 02:00:55.273] [DEBUG] [] []: ==》/webapi/user/paging -> into PreRequestContextFilter.
[2026-05-02 02:00:55.273] [DEBUG] [] []: ==》/webapi/user/paging -> into PreRequestContextFilter.
[2026-05-02 02:00:55.273] [DEBUG] [] [e722b86fa9ab4701b847c2a7bef3c2bb]: 地址 /webapi/user/paging 进入过滤器
[2026-05-02 02:00:55.273] [DEBUG] [] [06014cdd5e2f47dfbd4d25984e34fdd6]: 地址 /webapi/user/paging 进入过滤器
[2026-05-02 02:00:55.273] [DEBUG] [] []: ==》/webapi/auth/current -> into PreRequestContextFilter.
[2026-05-02 02:00:55.273] [DEBUG] [] [0621f27c1c2f461e811130d52513591a]: 地址 /webapi/auth/current 进入过滤器
[2026-05-02 02:00:55.275] [DEBUG] [] [0621f27c1c2f461e811130d52513591a]: ==>  Preparing: SELECT id,email,password_hash,nickname,birth_year,country_code,bio,avatar_url,stamps_balance,is_vip,vip_expire_at,status,staff_role,register_ip,last_login_at,created_at,created_by,updated_at,updated_by,del_flag FROM bu_user WHERE id=?
[2026-05-02 02:00:55.275] [DEBUG] [] [0621f27c1c2f461e811130d52513591a]: ==> Parameters: 1(Long)
[2026-05-02 02:00:55.275] [DEBUG] [] [06014cdd5e2f47dfbd4d25984e34fdd6]: ==>  Preparing: SELECT id,email,password_hash,nickname,birth_year,country_code,bio,avatar_url,stamps_balance,is_vip,vip_expire_at,status,staff_role,register_ip,last_login_at,created_at,created_by,updated_at,updated_by,del_flag FROM bu_user WHERE (del_flag = ?) ORDER BY created_at DESC
[2026-05-02 02:00:55.275] [DEBUG] [] [e722b86fa9ab4701b847c2a7bef3c2bb]: ==>  Preparing: SELECT id,email,password_hash,nickname,birth_year,country_code,bio,avatar_url,stamps_balance,is_vip,vip_expire_at,status,staff_role,register_ip,last_login_at,created_at,created_by,updated_at,updated_by,del_flag FROM bu_user WHERE (del_flag = ?) ORDER BY created_at DESC
[2026-05-02 02:00:55.275] [DEBUG] [] [06014cdd5e2f47dfbd4d25984e34fdd6]: ==> Parameters: false(Boolean)
[2026-05-02 02:00:55.275] [DEBUG] [] [e722b86fa9ab4701b847c2a7bef3c2bb]: ==> Parameters: false(Boolean)
[2026-05-02 02:00:55.276] [DEBUG] [] [0621f27c1c2f461e811130d52513591a]: <==      Total: 1
[2026-05-02 02:00:55.276] [DEBUG] [] [0621f27c1c2f461e811130d52513591a]: ===> Supports JSON Message Converter : true
[2026-05-02 02:00:55.276] [DEBUG] [] [0621f27c1c2f461e811130d52513591a]: Using 'application/json', given [application/json, text/plain, */*] and supported [application/json, application/*+json]
[2026-05-02 02:00:55.276] [DEBUG] [] [0621f27c1c2f461e811130d52513591a]: ===> Supports JSON Message Converter : true
[2026-05-02 02:00:55.276] [DEBUG] [] [0621f27c1c2f461e811130d52513591a]: Writing [UserDTO(super=AbstractAuditableDTO(createdAt=2026-05-01T21:18:50.206341, createdBy=0, updatedAt=2026 (truncated)...]
[2026-05-02 02:00:55.276] [DEBUG] [] [0621f27c1c2f461e811130d52513591a]: =========================================
[2026-05-02 02:00:55.276] [DEBUG] [] [e722b86fa9ab4701b847c2a7bef3c2bb]: <==      Total: 1
[2026-05-02 02:00:55.276] [DEBUG] [] [0621f27c1c2f461e811130d52513591a]: ===>> Output object : 

{
	"alg":"SALT_MD5",
	"code":200,
	"data":{
		"birthYear":1990,
		"createdAt":"2026-05-01 21:18:50",
		"createdBy":0,
		"delFlag":false,
		"email":"admin@staff.local",
		"id":1,
		"isVip":false,
		"lastLoginAt":"2026-05-01 21:45:13.229045",
		"nickname":"超级管理员",
		"staffRole":1,
		"stampsBalance":0,
		"status":1,
		"updatedAt":"2026-05-01 21:45:13",
		"updatedBy":0
	},
	"message":"OK",
	"success":true
} 
class cn.nine.pros.post.client.model.db.UserDTO

[2026-05-02 02:00:55.276] [DEBUG] [] [0621f27c1c2f461e811130d52513591a]: =========================================
[2026-05-02 02:00:55.276] [DEBUG] [] [06014cdd5e2f47dfbd4d25984e34fdd6]: <==      Total: 1
[2026-05-02 02:00:55.277] [DEBUG] [] [e722b86fa9ab4701b847c2a7bef3c2bb]: ===> Supports JSON Message Converter : true
[2026-05-02 02:00:55.277] [DEBUG] [] [06014cdd5e2f47dfbd4d25984e34fdd6]: ===> Supports JSON Message Converter : true
[2026-05-02 02:00:55.277] [DEBUG] [] [06014cdd5e2f47dfbd4d25984e34fdd6]: Using 'application/json', given [application/json, text/plain, */*] and supported [application/json, application/*+json]
[2026-05-02 02:00:55.277] [DEBUG] [] [06014cdd5e2f47dfbd4d25984e34fdd6]: ===> Supports JSON Message Converter : true
[2026-05-02 02:00:55.277] [DEBUG] [] [e722b86fa9ab4701b847c2a7bef3c2bb]: Using 'application/json', given [application/json, text/plain, */*] and supported [application/json, application/*+json]
[2026-05-02 02:00:55.277] [DEBUG] [] [06014cdd5e2f47dfbd4d25984e34fdd6]: Writing [PageData(total=0, page=1, size=50, pages=0, records=[UserDTO(super=AbstractAuditableDTO(createdAt=20 (truncated)...]
[2026-05-02 02:00:55.277] [DEBUG] [] [e722b86fa9ab4701b847c2a7bef3c2bb]: ===> Supports JSON Message Converter : true
[2026-05-02 02:00:55.277] [DEBUG] [] [06014cdd5e2f47dfbd4d25984e34fdd6]: =========================================
[2026-05-02 02:00:55.277] [DEBUG] [] [0621f27c1c2f461e811130d52513591a]: ==> leave RequestContextHolder.
[2026-05-02 02:00:55.277] [DEBUG] [] [0621f27c1c2f461e811130d52513591a]: ==> leave RequestContextHolder.
[2026-05-02 02:00:55.277] [DEBUG] [] [e722b86fa9ab4701b847c2a7bef3c2bb]: Writing [PageData(total=0, page=1, size=50, pages=0, records=[UserDTO(super=AbstractAuditableDTO(createdAt=20 (truncated)...]
[2026-05-02 02:00:55.277] [DEBUG] [] [06014cdd5e2f47dfbd4d25984e34fdd6]: ===>> Output object : 

{
	"alg":"SALT_MD5",
	"code":200,
	"data":{
		"empty":false,
		"page":1,
		"pages":0,
		"recordCount":1,
		"records":[
			{
				"birthYear":1990,
				"createdAt":"2026-05-01 21:18:50",
				"createdBy":0,
				"delFlag":false,
				"email":"admin@staff.local",
				"id":1,
				"isVip":false,
				"lastLoginAt":"2026-05-01 21:45:13.229045",
				"nickname":"超级管理员",
				"passwordHash":"$2a$10$YTUeGZqQ/xrX1d9V26669ubXuH90MthjRxhXxJV5EldtWdFm0WQbS",
				"staffRole":1,
				"stampsBalance":0,
				"status":1,
				"updatedAt":"2026-05-01 21:45:13",
				"updatedBy":0
			}
		],
		"size":50,
		"total":0
	},
	"message":"OK",
	"success":true
} 
cn.nine.commons.data.page.PageData<cn.nine.pros.post.client.model.db.UserDTO>

[2026-05-02 02:00:55.277] [DEBUG] [] [06014cdd5e2f47dfbd4d25984e34fdd6]: =========================================
[2026-05-02 02:00:55.277] [DEBUG] [] [e722b86fa9ab4701b847c2a7bef3c2bb]: =========================================
[2026-05-02 02:00:55.277] [DEBUG] [] [e722b86fa9ab4701b847c2a7bef3c2bb]: ===>> Output object : 

{
	"alg":"SALT_MD5",
	"code":200,
	"data":{
		"empty":false,
		"page":1,
		"pages":0,
		"recordCount":1,
		"records":[
			{
				"birthYear":1990,
				"createdAt":"2026-05-01 21:18:50",
				"createdBy":0,
				"delFlag":false,
				"email":"admin@staff.local",
				"id":1,
				"isVip":false,
				"lastLoginAt":"2026-05-01 21:45:13.229045",
				"nickname":"超级管理员",
				"passwordHash":"$2a$10$YTUeGZqQ/xrX1d9V26669ubXuH90MthjRxhXxJV5EldtWdFm0WQbS",
				"staffRole":1,
				"stampsBalance":0,
				"status":1,
				"updatedAt":"2026-05-01 21:45:13",
				"updatedBy":0
			}
		],
		"size":50,
		"total":0
	},
	"message":"OK",
	"success":true
} 
cn.nine.commons.data.page.PageData<cn.nine.pros.post.client.model.db.UserDTO>

[2026-05-02 02:00:55.277] [DEBUG] [] [e722b86fa9ab4701b847c2a7bef3c2bb]: =========================================
[2026-05-02 02:00:55.277] [DEBUG] [] [06014cdd5e2f47dfbd4d25984e34fdd6]: ==> leave RequestContextHolder.
[2026-05-02 02:00:55.277] [DEBUG] [] [06014cdd5e2f47dfbd4d25984e34fdd6]: ==> leave RequestContextHolder.
[2026-05-02 02:00:55.277] [DEBUG] [] [e722b86fa9ab4701b847c2a7bef3c2bb]: ==> leave RequestContextHolder.
[2026-05-02 02:00:55.277] [DEBUG] [] [e722b86fa9ab4701b847c2a7bef3c2bb]: ==> leave RequestContextHolder.
[2026-05-02 02:00:55.279] [DEBUG] [] []: ==》/webapi/auth/current -> into PreRequestContextFilter.
[2026-05-02 02:00:55.280] [DEBUG] [] [693ffc3fad2044448a2712148ea8d7e9]: 地址 /webapi/auth/current 进入过滤器
[2026-05-02 02:00:55.280] [DEBUG] [] [693ffc3fad2044448a2712148ea8d7e9]: ==>  Preparing: SELECT id,email,password_hash,nickname,birth_year,country_code,bio,avatar_url,stamps_balance,is_vip,vip_expire_at,status,staff_role,register_ip,last_login_at,created_at,created_by,updated_at,updated_by,del_flag FROM bu_user WHERE id=?
[2026-05-02 02:00:55.280] [DEBUG] [] [693ffc3fad2044448a2712148ea8d7e9]: ==> Parameters: 1(Long)
[2026-05-02 02:00:55.282] [DEBUG] [] [693ffc3fad2044448a2712148ea8d7e9]: <==      Total: 1
[2026-05-02 02:00:55.282] [DEBUG] [] [693ffc3fad2044448a2712148ea8d7e9]: ===> Supports JSON Message Converter : true
[2026-05-02 02:00:55.282] [DEBUG] [] [693ffc3fad2044448a2712148ea8d7e9]: Using 'application/json', given [application/json, text/plain, */*] and supported [application/json, application/*+json]
[2026-05-02 02:00:55.282] [DEBUG] [] [693ffc3fad2044448a2712148ea8d7e9]: ===> Supports JSON Message Converter : true
[2026-05-02 02:00:55.282] [DEBUG] [] [693ffc3fad2044448a2712148ea8d7e9]: Writing [UserDTO(super=AbstractAuditableDTO(createdAt=2026-05-01T21:18:50.206341, createdBy=0, updatedAt=2026 (truncated)...]
[2026-05-02 02:00:55.282] [DEBUG] [] [693ffc3fad2044448a2712148ea8d7e9]: =========================================
[2026-05-02 02:00:55.282] [DEBUG] [] [693ffc3fad2044448a2712148ea8d7e9]: ===>> Output object : 

{
	"alg":"SALT_MD5",
	"code":200,
	"data":{
		"birthYear":1990,
		"createdAt":"2026-05-01 21:18:50",
		"createdBy":0,
		"delFlag":false,
		"email":"admin@staff.local",
		"id":1,
		"isVip":false,
		"lastLoginAt":"2026-05-01 21:45:13.229045",
		"nickname":"超级管理员",
		"staffRole":1,
		"stampsBalance":0,
		"status":1,
		"updatedAt":"2026-05-01 21:45:13",
		"updatedBy":0
	},
	"message":"OK",
	"success":true
} 
class cn.nine.pros.post.client.model.db.UserDTO

[2026-05-02 02:00:55.282] [DEBUG] [] [693ffc3fad2044448a2712148ea8d7e9]: =========================================
[2026-05-02 02:00:55.283] [DEBUG] [] [693ffc3fad2044448a2712148ea8d7e9]: ==> leave RequestContextHolder.
[2026-05-02 02:00:55.283] [DEBUG] [] [693ffc3fad2044448a2712148ea8d7e9]: ==> leave RequestContextHolder.
[2026-05-02 02:06:21.275] [DEBUG] [] []: ==》/webapi/user/paging -> into PreRequestContextFilter.
[2026-05-02 02:06:21.275] [DEBUG] [] [f1dcd4a22e674b678e021b73bd146d5c]: 地址 /webapi/user/paging 进入过滤器
[2026-05-02 02:06:21.282] [DEBUG] [] [f1dcd4a22e674b678e021b73bd146d5c]: ==>  Preparing: SELECT id,email,password_hash,nickname,birth_year,country_code,bio,avatar_url,stamps_balance,is_vip,vip_expire_at,status,staff_role,register_ip,last_login_at,created_at,created_by,updated_at,updated_by,del_flag FROM bu_user WHERE (del_flag = ?) ORDER BY created_at DESC
[2026-05-02 02:06:21.282] [DEBUG] [] [f1dcd4a22e674b678e021b73bd146d5c]: ==> Parameters: false(Boolean)
[2026-05-02 02:06:21.283] [DEBUG] [] [f1dcd4a22e674b678e021b73bd146d5c]: <==      Total: 1
[2026-05-02 02:06:21.284] [DEBUG] [] [f1dcd4a22e674b678e021b73bd146d5c]: ===> Supports JSON Message Converter : true
[2026-05-02 02:06:21.284] [DEBUG] [] [f1dcd4a22e674b678e021b73bd146d5c]: Using 'application/json', given [application/json, text/plain, */*] and supported [application/json, application/*+json]
[2026-05-02 02:06:21.284] [DEBUG] [] [f1dcd4a22e674b678e021b73bd146d5c]: ===> Supports JSON Message Converter : true
[2026-05-02 02:06:21.284] [DEBUG] [] [f1dcd4a22e674b678e021b73bd146d5c]: Writing [PageData(total=0, page=1, size=50, pages=0, records=[UserDTO(super=AbstractAuditableDTO(createdAt=20 (truncated)...]
[2026-05-02 02:06:21.284] [DEBUG] [] [f1dcd4a22e674b678e021b73bd146d5c]: =========================================
[2026-05-02 02:06:21.284] [DEBUG] [] [f1dcd4a22e674b678e021b73bd146d5c]: ===>> Output object : 

{
	"alg":"SALT_MD5",
	"code":200,
	"data":{
		"empty":false,
		"page":1,
		"pages":0,
		"recordCount":1,
		"records":[
			{
				"birthYear":1990,
				"createdAt":"2026-05-01 21:18:50",
				"createdBy":0,
				"delFlag":false,
				"email":"admin@staff.local",
				"id":1,
				"isVip":false,
				"lastLoginAt":"2026-05-01 21:45:13.229045",
				"nickname":"超级管理员",
				"passwordHash":"$2a$10$YTUeGZqQ/xrX1d9V26669ubXuH90MthjRxhXxJV5EldtWdFm0WQbS",
				"staffRole":1,
				"stampsBalance":0,
				"status":1,
				"updatedAt":"2026-05-01 21:45:13",
				"updatedBy":0
			}
		],
		"size":50,
		"total":0
	},
	"message":"OK",
	"success":true
} 
cn.nine.commons.data.page.PageData<cn.nine.pros.post.client.model.db.UserDTO>

[2026-05-02 02:06:21.284] [DEBUG] [] [f1dcd4a22e674b678e021b73bd146d5c]: =========================================
[2026-05-02 02:06:21.284] [DEBUG] [] [f1dcd4a22e674b678e021b73bd146d5c]: ==> leave RequestContextHolder.
[2026-05-02 02:06:21.284] [DEBUG] [] [f1dcd4a22e674b678e021b73bd146d5c]: ==> leave RequestContextHolder.
[2026-05-02 02:06:21.298] [DEBUG] [] []: ==》/webapi/user/paging -> into PreRequestContextFilter.
[2026-05-02 02:06:21.298] [DEBUG] [] [82f69a8243b743afb7eeda5e3028d928]: 地址 /webapi/user/paging 进入过滤器
[2026-05-02 02:06:21.298] [DEBUG] [] []: ==》/webapi/auth/current -> into PreRequestContextFilter.
[2026-05-02 02:06:21.298] [DEBUG] [] [2ca9b8b38815424cb771d3a26eae0d8f]: 地址 /webapi/auth/current 进入过滤器
[2026-05-02 02:06:21.300] [DEBUG] [] [2ca9b8b38815424cb771d3a26eae0d8f]: ==>  Preparing: SELECT id,email,password_hash,nickname,birth_year,country_code,bio,avatar_url,stamps_balance,is_vip,vip_expire_at,status,staff_role,register_ip,last_login_at,created_at,created_by,updated_at,updated_by,del_flag FROM bu_user WHERE id=?
[2026-05-02 02:06:21.300] [DEBUG] [] [2ca9b8b38815424cb771d3a26eae0d8f]: ==> Parameters: 1(Long)
[2026-05-02 02:06:21.300] [DEBUG] [] [82f69a8243b743afb7eeda5e3028d928]: ==>  Preparing: SELECT id,email,password_hash,nickname,birth_year,country_code,bio,avatar_url,stamps_balance,is_vip,vip_expire_at,status,staff_role,register_ip,last_login_at,created_at,created_by,updated_at,updated_by,del_flag FROM bu_user WHERE (del_flag = ?) ORDER BY created_at DESC
[2026-05-02 02:06:21.300] [DEBUG] [] [82f69a8243b743afb7eeda5e3028d928]: ==> Parameters: false(Boolean)
[2026-05-02 02:06:21.300] [DEBUG] [] [2ca9b8b38815424cb771d3a26eae0d8f]: <==      Total: 1
[2026-05-02 02:06:21.300] [DEBUG] [] [2ca9b8b38815424cb771d3a26eae0d8f]: ===> Supports JSON Message Converter : true
[2026-05-02 02:06:21.300] [DEBUG] [] [2ca9b8b38815424cb771d3a26eae0d8f]: Using 'application/json', given [application/json, text/plain, */*] and supported [application/json, application/*+json]
[2026-05-02 02:06:21.300] [DEBUG] [] [2ca9b8b38815424cb771d3a26eae0d8f]: ===> Supports JSON Message Converter : true
[2026-05-02 02:06:21.301] [DEBUG] [] [2ca9b8b38815424cb771d3a26eae0d8f]: Writing [UserDTO(super=AbstractAuditableDTO(createdAt=2026-05-01T21:18:50.206341, createdBy=0, updatedAt=2026 (truncated)...]
[2026-05-02 02:06:21.301] [DEBUG] [] [2ca9b8b38815424cb771d3a26eae0d8f]: =========================================
[2026-05-02 02:06:21.301] [DEBUG] [] [82f69a8243b743afb7eeda5e3028d928]: <==      Total: 1
[2026-05-02 02:06:21.301] [DEBUG] [] [2ca9b8b38815424cb771d3a26eae0d8f]: ===>> Output object : 

{
	"alg":"SALT_MD5",
	"code":200,
	"data":{
		"birthYear":1990,
		"createdAt":"2026-05-01 21:18:50",
		"createdBy":0,
		"delFlag":false,
		"email":"admin@staff.local",
		"id":1,
		"isVip":false,
		"lastLoginAt":"2026-05-01 21:45:13.229045",
		"nickname":"超级管理员",
		"staffRole":1,
		"stampsBalance":0,
		"status":1,
		"updatedAt":"2026-05-01 21:45:13",
		"updatedBy":0
	},
	"message":"OK",
	"success":true
} 
class cn.nine.pros.post.client.model.db.UserDTO

[2026-05-02 02:06:21.301] [DEBUG] [] [2ca9b8b38815424cb771d3a26eae0d8f]: =========================================
[2026-05-02 02:06:21.301] [DEBUG] [] [82f69a8243b743afb7eeda5e3028d928]: ===> Supports JSON Message Converter : true
[2026-05-02 02:06:21.301] [DEBUG] [] [82f69a8243b743afb7eeda5e3028d928]: Using 'application/json', given [application/json, text/plain, */*] and supported [application/json, application/*+json]
[2026-05-02 02:06:21.301] [DEBUG] [] [82f69a8243b743afb7eeda5e3028d928]: ===> Supports JSON Message Converter : true
[2026-05-02 02:06:21.301] [DEBUG] [] [2ca9b8b38815424cb771d3a26eae0d8f]: ==> leave RequestContextHolder.
[2026-05-02 02:06:21.301] [DEBUG] [] [2ca9b8b38815424cb771d3a26eae0d8f]: ==> leave RequestContextHolder.
[2026-05-02 02:06:21.301] [DEBUG] [] [82f69a8243b743afb7eeda5e3028d928]: Writing [PageData(total=0, page=1, size=50, pages=0, records=[UserDTO(super=AbstractAuditableDTO(createdAt=20 (truncated)...]
[2026-05-02 02:06:21.301] [DEBUG] [] [82f69a8243b743afb7eeda5e3028d928]: =========================================
[2026-05-02 02:06:21.301] [DEBUG] [] [82f69a8243b743afb7eeda5e3028d928]: ===>> Output object : 

{
	"alg":"SALT_MD5",
	"code":200,
	"data":{
		"empty":false,
		"page":1,
		"pages":0,
		"recordCount":1,
		"records":[
			{
				"birthYear":1990,
				"createdAt":"2026-05-01 21:18:50",
				"createdBy":0,
				"delFlag":false,
				"email":"admin@staff.local",
				"id":1,
				"isVip":false,
				"lastLoginAt":"2026-05-01 21:45:13.229045",
				"nickname":"超级管理员",
				"passwordHash":"$2a$10$YTUeGZqQ/xrX1d9V26669ubXuH90MthjRxhXxJV5EldtWdFm0WQbS",
				"staffRole":1,
				"stampsBalance":0,
				"status":1,
				"updatedAt":"2026-05-01 21:45:13",
				"updatedBy":0
			}
		],
		"size":50,
		"total":0
	},
	"message":"OK",
	"success":true
} 
cn.nine.commons.data.page.PageData<cn.nine.pros.post.client.model.db.UserDTO>

[2026-05-02 02:06:21.301] [DEBUG] [] [82f69a8243b743afb7eeda5e3028d928]: =========================================
[2026-05-02 02:06:21.301] [DEBUG] [] [82f69a8243b743afb7eeda5e3028d928]: ==> leave RequestContextHolder.
[2026-05-02 02:06:21.301] [DEBUG] [] [82f69a8243b743afb7eeda5e3028d928]: ==> leave RequestContextHolder.
[2026-05-02 02:06:21.302] [DEBUG] [] []: ==》/webapi/auth/current -> into PreRequestContextFilter.
[2026-05-02 02:06:21.303] [DEBUG] [] [592c6036ad0448c7a4744d85ff84aef2]: 地址 /webapi/auth/current 进入过滤器
[2026-05-02 02:06:21.304] [DEBUG] [] [592c6036ad0448c7a4744d85ff84aef2]: ==>  Preparing: SELECT id,email,password_hash,nickname,birth_year,country_code,bio,avatar_url,stamps_balance,is_vip,vip_expire_at,status,staff_role,register_ip,last_login_at,created_at,created_by,updated_at,updated_by,del_flag FROM bu_user WHERE id=?
[2026-05-02 02:06:21.304] [DEBUG] [] [592c6036ad0448c7a4744d85ff84aef2]: ==> Parameters: 1(Long)
[2026-05-02 02:06:21.304] [DEBUG] [] [592c6036ad0448c7a4744d85ff84aef2]: <==      Total: 1
[2026-05-02 02:06:21.304] [DEBUG] [] [592c6036ad0448c7a4744d85ff84aef2]: ===> Supports JSON Message Converter : true
[2026-05-02 02:06:21.304] [DEBUG] [] [592c6036ad0448c7a4744d85ff84aef2]: Using 'application/json', given [application/json, text/plain, */*] and supported [application/json, application/*+json]
[2026-05-02 02:06:21.304] [DEBUG] [] [592c6036ad0448c7a4744d85ff84aef2]: ===> Supports JSON Message Converter : true
[2026-05-02 02:06:21.304] [DEBUG] [] [592c6036ad0448c7a4744d85ff84aef2]: Writing [UserDTO(super=AbstractAuditableDTO(createdAt=2026-05-01T21:18:50.206341, createdBy=0, updatedAt=2026 (truncated)...]
[2026-05-02 02:06:21.304] [DEBUG] [] [592c6036ad0448c7a4744d85ff84aef2]: =========================================
[2026-05-02 02:06:21.304] [DEBUG] [] [592c6036ad0448c7a4744d85ff84aef2]: ===>> Output object : 

{
	"alg":"SALT_MD5",
	"code":200,
	"data":{
		"birthYear":1990,
		"createdAt":"2026-05-01 21:18:50",
		"createdBy":0,
		"delFlag":false,
		"email":"admin@staff.local",
		"id":1,
		"isVip":false,
		"lastLoginAt":"2026-05-01 21:45:13.229045",
		"nickname":"超级管理员",
		"staffRole":1,
		"stampsBalance":0,
		"status":1,
		"updatedAt":"2026-05-01 21:45:13",
		"updatedBy":0
	},
	"message":"OK",
	"success":true
} 
class cn.nine.pros.post.client.model.db.UserDTO

[2026-05-02 02:06:21.304] [DEBUG] [] [592c6036ad0448c7a4744d85ff84aef2]: =========================================
[2026-05-02 02:06:21.306] [DEBUG] [] [592c6036ad0448c7a4744d85ff84aef2]: ==> leave RequestContextHolder.
[2026-05-02 02:06:21.306] [DEBUG] [] [592c6036ad0448c7a4744d85ff84aef2]: ==> leave RequestContextHolder.
[2026-05-02 02:10:55.298] [DEBUG] [] []: ==》/webapi/user/paging -> into PreRequestContextFilter.
[2026-05-02 02:10:55.299] [DEBUG] [] []: ==》/webapi/user/paging -> into PreRequestContextFilter.
[2026-05-02 02:10:55.299] [DEBUG] [] [5d7cb16cb4134a99ac572a3aeea4312d]: 地址 /webapi/user/paging 进入过滤器
[2026-05-02 02:10:55.299] [DEBUG] [] []: ==》/webapi/auth/current -> into PreRequestContextFilter.
[2026-05-02 02:10:55.299] [DEBUG] [] [3140175d64e249a2bda7f81ae3c4d71c]: 地址 /webapi/user/paging 进入过滤器
[2026-05-02 02:10:55.299] [DEBUG] [] [aabbea19a6cc49f3b5dbc90e4f4194b8]: 地址 /webapi/auth/current 进入过滤器
[2026-05-02 02:10:55.300] [DEBUG] [] [aabbea19a6cc49f3b5dbc90e4f4194b8]: ==>  Preparing: SELECT id,email,password_hash,nickname,birth_year,country_code,bio,avatar_url,stamps_balance,is_vip,vip_expire_at,status,staff_role,register_ip,last_login_at,created_at,created_by,updated_at,updated_by,del_flag FROM bu_user WHERE id=?
[2026-05-02 02:10:55.300] [DEBUG] [] [aabbea19a6cc49f3b5dbc90e4f4194b8]: ==> Parameters: 1(Long)
[2026-05-02 02:10:55.300] [DEBUG] [] [5d7cb16cb4134a99ac572a3aeea4312d]: ==>  Preparing: SELECT id,email,password_hash,nickname,birth_year,country_code,bio,avatar_url,stamps_balance,is_vip,vip_expire_at,status,staff_role,register_ip,last_login_at,created_at,created_by,updated_at,updated_by,del_flag FROM bu_user WHERE (del_flag = ?) ORDER BY created_at DESC
[2026-05-02 02:10:55.300] [DEBUG] [] [aabbea19a6cc49f3b5dbc90e4f4194b8]: <==      Total: 1
[2026-05-02 02:10:55.300] [DEBUG] [] [5d7cb16cb4134a99ac572a3aeea4312d]: ==> Parameters: false(Boolean)
[2026-05-02 02:10:55.300] [DEBUG] [] [3140175d64e249a2bda7f81ae3c4d71c]: ==>  Preparing: SELECT id,email,password_hash,nickname,birth_year,country_code,bio,avatar_url,stamps_balance,is_vip,vip_expire_at,status,staff_role,register_ip,last_login_at,created_at,created_by,updated_at,updated_by,del_flag FROM bu_user WHERE (del_flag = ?) ORDER BY created_at DESC
[2026-05-02 02:10:55.300] [DEBUG] [] [3140175d64e249a2bda7f81ae3c4d71c]: ==> Parameters: false(Boolean)
[2026-05-02 02:10:55.300] [DEBUG] [] [aabbea19a6cc49f3b5dbc90e4f4194b8]: ===> Supports JSON Message Converter : true
[2026-05-02 02:10:55.300] [DEBUG] [] [aabbea19a6cc49f3b5dbc90e4f4194b8]: Using 'application/json', given [application/json, text/plain, */*] and supported [application/json, application/*+json]
[2026-05-02 02:10:55.300] [DEBUG] [] [aabbea19a6cc49f3b5dbc90e4f4194b8]: ===> Supports JSON Message Converter : true
[2026-05-02 02:10:55.300] [DEBUG] [] [aabbea19a6cc49f3b5dbc90e4f4194b8]: Writing [UserDTO(super=AbstractAuditableDTO(createdAt=2026-05-01T21:18:50.206341, createdBy=0, updatedAt=2026 (truncated)...]
[2026-05-02 02:10:55.302] [DEBUG] [] [aabbea19a6cc49f3b5dbc90e4f4194b8]: =========================================
[2026-05-02 02:10:55.302] [DEBUG] [] [aabbea19a6cc49f3b5dbc90e4f4194b8]: ===>> Output object : 

{
	"alg":"SALT_MD5",
	"code":200,
	"data":{
		"birthYear":1990,
		"createdAt":"2026-05-01 21:18:50",
		"createdBy":0,
		"delFlag":false,
		"email":"admin@staff.local",
		"id":1,
		"isVip":false,
		"lastLoginAt":"2026-05-01 21:45:13.229045",
		"nickname":"超级管理员",
		"staffRole":1,
		"stampsBalance":0,
		"status":1,
		"updatedAt":"2026-05-01 21:45:13",
		"updatedBy":0
	},
	"message":"OK",
	"success":true
} 
class cn.nine.pros.post.client.model.db.UserDTO

[2026-05-02 02:10:55.302] [DEBUG] [] [aabbea19a6cc49f3b5dbc90e4f4194b8]: =========================================
[2026-05-02 02:10:55.302] [DEBUG] [] [aabbea19a6cc49f3b5dbc90e4f4194b8]: ==> leave RequestContextHolder.
[2026-05-02 02:10:55.302] [DEBUG] [] [aabbea19a6cc49f3b5dbc90e4f4194b8]: ==> leave RequestContextHolder.
[2026-05-02 02:10:55.305] [DEBUG] [] [5d7cb16cb4134a99ac572a3aeea4312d]: <==      Total: 1
[2026-05-02 02:10:55.305] [DEBUG] [] [3140175d64e249a2bda7f81ae3c4d71c]: <==      Total: 1
[2026-05-02 02:10:55.305] [DEBUG] [] [5d7cb16cb4134a99ac572a3aeea4312d]: ===> Supports JSON Message Converter : true
[2026-05-02 02:10:55.305] [DEBUG] [] [3140175d64e249a2bda7f81ae3c4d71c]: ===> Supports JSON Message Converter : true
[2026-05-02 02:10:55.305] [DEBUG] [] [5d7cb16cb4134a99ac572a3aeea4312d]: Using 'application/json', given [application/json, text/plain, */*] and supported [application/json, application/*+json]
[2026-05-02 02:10:55.305] [DEBUG] [] [3140175d64e249a2bda7f81ae3c4d71c]: Using 'application/json', given [application/json, text/plain, */*] and supported [application/json, application/*+json]
[2026-05-02 02:10:55.305] [DEBUG] [] [5d7cb16cb4134a99ac572a3aeea4312d]: ===> Supports JSON Message Converter : true
[2026-05-02 02:10:55.305] [DEBUG] [] [3140175d64e249a2bda7f81ae3c4d71c]: ===> Supports JSON Message Converter : true
[2026-05-02 02:10:55.305] [DEBUG] [] [3140175d64e249a2bda7f81ae3c4d71c]: Writing [PageData(total=0, page=1, size=50, pages=0, records=[UserDTO(super=AbstractAuditableDTO(createdAt=20 (truncated)...]
[2026-05-02 02:10:55.305] [DEBUG] [] [3140175d64e249a2bda7f81ae3c4d71c]: =========================================
[2026-05-02 02:10:55.305] [DEBUG] [] [5d7cb16cb4134a99ac572a3aeea4312d]: Writing [PageData(total=0, page=1, size=50, pages=0, records=[UserDTO(super=AbstractAuditableDTO(createdAt=20 (truncated)...]
[2026-05-02 02:10:55.305] [DEBUG] [] [3140175d64e249a2bda7f81ae3c4d71c]: ===>> Output object : 

{
	"alg":"SALT_MD5",
	"code":200,
	"data":{
		"empty":false,
		"page":1,
		"pages":0,
		"recordCount":1,
		"records":[
			{
				"birthYear":1990,
				"createdAt":"2026-05-01 21:18:50",
				"createdBy":0,
				"delFlag":false,
				"email":"admin@staff.local",
				"id":1,
				"isVip":false,
				"lastLoginAt":"2026-05-01 21:45:13.229045",
				"nickname":"超级管理员",
				"passwordHash":"$2a$10$YTUeGZqQ/xrX1d9V26669ubXuH90MthjRxhXxJV5EldtWdFm0WQbS",
				"staffRole":1,
				"stampsBalance":0,
				"status":1,
				"updatedAt":"2026-05-01 21:45:13",
				"updatedBy":0
			}
		],
		"size":50,
		"total":0
	},
	"message":"OK",
	"success":true
} 
cn.nine.commons.data.page.PageData<cn.nine.pros.post.client.model.db.UserDTO>

[2026-05-02 02:10:55.305] [DEBUG] [] [3140175d64e249a2bda7f81ae3c4d71c]: =========================================
[2026-05-02 02:10:55.305] [DEBUG] [] [5d7cb16cb4134a99ac572a3aeea4312d]: =========================================
[2026-05-02 02:10:55.305] [DEBUG] [] [5d7cb16cb4134a99ac572a3aeea4312d]: ===>> Output object : 

{
	"alg":"SALT_MD5",
	"code":200,
	"data":{
		"empty":false,
		"page":1,
		"pages":0,
		"recordCount":1,
		"records":[
			{
				"birthYear":1990,
				"createdAt":"2026-05-01 21:18:50",
				"createdBy":0,
				"delFlag":false,
				"email":"admin@staff.local",
				"id":1,
				"isVip":false,
				"lastLoginAt":"2026-05-01 21:45:13.229045",
				"nickname":"超级管理员",
				"passwordHash":"$2a$10$YTUeGZqQ/xrX1d9V26669ubXuH90MthjRxhXxJV5EldtWdFm0WQbS",
				"staffRole":1,
				"stampsBalance":0,
				"status":1,
				"updatedAt":"2026-05-01 21:45:13",
				"updatedBy":0
			}
		],
		"size":50,
		"total":0
	},
	"message":"OK",
	"success":true
} 
cn.nine.commons.data.page.PageData<cn.nine.pros.post.client.model.db.UserDTO>

[2026-05-02 02:10:55.305] [DEBUG] [] [5d7cb16cb4134a99ac572a3aeea4312d]: =========================================
[2026-05-02 02:10:55.305] [DEBUG] [] [3140175d64e249a2bda7f81ae3c4d71c]: ==> leave RequestContextHolder.
[2026-05-02 02:10:55.305] [DEBUG] [] [3140175d64e249a2bda7f81ae3c4d71c]: ==> leave RequestContextHolder.
[2026-05-02 02:10:55.305] [DEBUG] [] [5d7cb16cb4134a99ac572a3aeea4312d]: ==> leave RequestContextHolder.
[2026-05-02 02:10:55.305] [DEBUG] [] [5d7cb16cb4134a99ac572a3aeea4312d]: ==> leave RequestContextHolder.
[2026-05-02 02:10:55.323] [DEBUG] [] []: ==》/webapi/auth/current -> into PreRequestContextFilter.
[2026-05-02 02:10:55.324] [DEBUG] [] [6a334142773e47cc9c820b843f74ff40]: 地址 /webapi/auth/current 进入过滤器
[2026-05-02 02:10:55.325] [DEBUG] [] [6a334142773e47cc9c820b843f74ff40]: ==>  Preparing: SELECT id,email,password_hash,nickname,birth_year,country_code,bio,avatar_url,stamps_balance,is_vip,vip_expire_at,status,staff_role,register_ip,last_login_at,created_at,created_by,updated_at,updated_by,del_flag FROM bu_user WHERE id=?
[2026-05-02 02:10:55.325] [DEBUG] [] [6a334142773e47cc9c820b843f74ff40]: ==> Parameters: 1(Long)
[2026-05-02 02:10:55.326] [DEBUG] [] [6a334142773e47cc9c820b843f74ff40]: <==      Total: 1
[2026-05-02 02:10:55.326] [DEBUG] [] [6a334142773e47cc9c820b843f74ff40]: ===> Supports JSON Message Converter : true
[2026-05-02 02:10:55.326] [DEBUG] [] [6a334142773e47cc9c820b843f74ff40]: Using 'application/json', given [application/json, text/plain, */*] and supported [application/json, application/*+json]
[2026-05-02 02:10:55.326] [DEBUG] [] [6a334142773e47cc9c820b843f74ff40]: ===> Supports JSON Message Converter : true
[2026-05-02 02:10:55.326] [DEBUG] [] [6a334142773e47cc9c820b843f74ff40]: Writing [UserDTO(super=AbstractAuditableDTO(createdAt=2026-05-01T21:18:50.206341, createdBy=0, updatedAt=2026 (truncated)...]
[2026-05-02 02:10:55.326] [DEBUG] [] [6a334142773e47cc9c820b843f74ff40]: =========================================
[2026-05-02 02:10:55.326] [DEBUG] [] [6a334142773e47cc9c820b843f74ff40]: ===>> Output object : 

{
	"alg":"SALT_MD5",
	"code":200,
	"data":{
		"birthYear":1990,
		"createdAt":"2026-05-01 21:18:50",
		"createdBy":0,
		"delFlag":false,
		"email":"admin@staff.local",
		"id":1,
		"isVip":false,
		"lastLoginAt":"2026-05-01 21:45:13.229045",
		"nickname":"超级管理员",
		"staffRole":1,
		"stampsBalance":0,
		"status":1,
		"updatedAt":"2026-05-01 21:45:13",
		"updatedBy":0
	},
	"message":"OK",
	"success":true
} 
class cn.nine.pros.post.client.model.db.UserDTO

[2026-05-02 02:10:55.326] [DEBUG] [] [6a334142773e47cc9c820b843f74ff40]: =========================================
[2026-05-02 02:10:55.326] [DEBUG] [] [6a334142773e47cc9c820b843f74ff40]: ==> leave RequestContextHolder.
[2026-05-02 02:10:55.326] [DEBUG] [] [6a334142773e47cc9c820b843f74ff40]: ==> leave RequestContextHolder.
[2026-05-02 02:19:21.285] [DEBUG] [] []: ==》/webapi/user/paging -> into PreRequestContextFilter.
[2026-05-02 02:19:21.285] [DEBUG] [] [376311342095483eac52099986e90bc4]: 地址 /webapi/user/paging 进入过滤器
[2026-05-02 02:19:21.285] [DEBUG] [] []: ==》/webapi/user/paging -> into PreRequestContextFilter.
[2026-05-02 02:19:21.285] [DEBUG] [] []: ==》/webapi/auth/current -> into PreRequestContextFilter.
[2026-05-02 02:19:21.285] [DEBUG] [] [06d889efa5644ed992d006cc6cdfcc15]: 地址 /webapi/user/paging 进入过滤器
[2026-05-02 02:19:21.285] [DEBUG] [] [74b1c8c4f3b54c8f87314b3d396fbced]: 地址 /webapi/auth/current 进入过滤器
[2026-05-02 02:19:21.288] [DEBUG] [] [74b1c8c4f3b54c8f87314b3d396fbced]: ==>  Preparing: SELECT id,email,password_hash,nickname,birth_year,country_code,bio,avatar_url,stamps_balance,is_vip,vip_expire_at,status,staff_role,register_ip,last_login_at,created_at,created_by,updated_at,updated_by,del_flag FROM bu_user WHERE id=?
[2026-05-02 02:19:21.288] [DEBUG] [] [74b1c8c4f3b54c8f87314b3d396fbced]: ==> Parameters: 1(Long)
[2026-05-02 02:19:21.288] [DEBUG] [] [376311342095483eac52099986e90bc4]: ==>  Preparing: SELECT id,email,password_hash,nickname,birth_year,country_code,bio,avatar_url,stamps_balance,is_vip,vip_expire_at,status,staff_role,register_ip,last_login_at,created_at,created_by,updated_at,updated_by,del_flag FROM bu_user WHERE (del_flag = ?) ORDER BY created_at DESC
[2026-05-02 02:19:21.288] [DEBUG] [] [06d889efa5644ed992d006cc6cdfcc15]: ==>  Preparing: SELECT id,email,password_hash,nickname,birth_year,country_code,bio,avatar_url,stamps_balance,is_vip,vip_expire_at,status,staff_role,register_ip,last_login_at,created_at,created_by,updated_at,updated_by,del_flag FROM bu_user WHERE (del_flag = ?) ORDER BY created_at DESC
[2026-05-02 02:19:21.288] [DEBUG] [] [376311342095483eac52099986e90bc4]: ==> Parameters: false(Boolean)
[2026-05-02 02:19:21.288] [DEBUG] [] [06d889efa5644ed992d006cc6cdfcc15]: ==> Parameters: false(Boolean)
[2026-05-02 02:19:21.292] [DEBUG] [] [74b1c8c4f3b54c8f87314b3d396fbced]: <==      Total: 1
[2026-05-02 02:19:21.293] [DEBUG] [] [06d889efa5644ed992d006cc6cdfcc15]: <==      Total: 1
[2026-05-02 02:19:21.293] [DEBUG] [] [376311342095483eac52099986e90bc4]: <==      Total: 1
[2026-05-02 02:19:21.293] [DEBUG] [] [74b1c8c4f3b54c8f87314b3d396fbced]: ===> Supports JSON Message Converter : true
[2026-05-02 02:19:21.293] [DEBUG] [] [74b1c8c4f3b54c8f87314b3d396fbced]: Using 'application/json', given [application/json, text/plain, */*] and supported [application/json, application/*+json]
[2026-05-02 02:19:21.293] [DEBUG] [] [74b1c8c4f3b54c8f87314b3d396fbced]: ===> Supports JSON Message Converter : true
[2026-05-02 02:19:21.293] [DEBUG] [] [376311342095483eac52099986e90bc4]: ===> Supports JSON Message Converter : true
[2026-05-02 02:19:21.293] [DEBUG] [] [06d889efa5644ed992d006cc6cdfcc15]: ===> Supports JSON Message Converter : true
[2026-05-02 02:19:21.293] [DEBUG] [] [74b1c8c4f3b54c8f87314b3d396fbced]: Writing [UserDTO(super=AbstractAuditableDTO(createdAt=2026-05-01T21:18:50.206341, createdBy=0, updatedAt=2026 (truncated)...]
[2026-05-02 02:19:21.293] [DEBUG] [] [376311342095483eac52099986e90bc4]: Using 'application/json', given [application/json, text/plain, */*] and supported [application/json, application/*+json]
[2026-05-02 02:19:21.293] [DEBUG] [] [376311342095483eac52099986e90bc4]: ===> Supports JSON Message Converter : true
[2026-05-02 02:19:21.293] [DEBUG] [] [06d889efa5644ed992d006cc6cdfcc15]: Using 'application/json', given [application/json, text/plain, */*] and supported [application/json, application/*+json]
[2026-05-02 02:19:21.293] [DEBUG] [] [06d889efa5644ed992d006cc6cdfcc15]: ===> Supports JSON Message Converter : true
[2026-05-02 02:19:21.293] [DEBUG] [] [74b1c8c4f3b54c8f87314b3d396fbced]: =========================================
[2026-05-02 02:19:21.293] [DEBUG] [] [376311342095483eac52099986e90bc4]: Writing [PageData(total=0, page=1, size=50, pages=0, records=[UserDTO(super=AbstractAuditableDTO(createdAt=20 (truncated)...]
[2026-05-02 02:19:21.293] [DEBUG] [] [06d889efa5644ed992d006cc6cdfcc15]: Writing [PageData(total=0, page=1, size=50, pages=0, records=[UserDTO(super=AbstractAuditableDTO(createdAt=20 (truncated)...]
[2026-05-02 02:19:21.293] [DEBUG] [] [74b1c8c4f3b54c8f87314b3d396fbced]: ===>> Output object : 

{
	"alg":"SALT_MD5",
	"code":200,
	"data":{
		"birthYear":1990,
		"createdAt":"2026-05-01 21:18:50",
		"createdBy":0,
		"delFlag":false,
		"email":"admin@staff.local",
		"id":1,
		"isVip":false,
		"lastLoginAt":"2026-05-01 21:45:13.229045",
		"nickname":"超级管理员",
		"staffRole":1,
		"stampsBalance":0,
		"status":1,
		"updatedAt":"2026-05-01 21:45:13",
		"updatedBy":0
	},
	"message":"OK",
	"success":true
} 
class cn.nine.pros.post.client.model.db.UserDTO

[2026-05-02 02:19:21.293] [DEBUG] [] [74b1c8c4f3b54c8f87314b3d396fbced]: =========================================
[2026-05-02 02:19:21.293] [DEBUG] [] [376311342095483eac52099986e90bc4]: =========================================
[2026-05-02 02:19:21.293] [DEBUG] [] [376311342095483eac52099986e90bc4]: ===>> Output object : 

{
	"alg":"SALT_MD5",
	"code":200,
	"data":{
		"empty":false,
		"page":1,
		"pages":0,
		"recordCount":1,
		"records":[
			{
				"birthYear":1990,
				"createdAt":"2026-05-01 21:18:50",
				"createdBy":0,
				"delFlag":false,
				"email":"admin@staff.local",
				"id":1,
				"isVip":false,
				"lastLoginAt":"2026-05-01 21:45:13.229045",
				"nickname":"超级管理员",
				"passwordHash":"$2a$10$YTUeGZqQ/xrX1d9V26669ubXuH90MthjRxhXxJV5EldtWdFm0WQbS",
				"staffRole":1,
				"stampsBalance":0,
				"status":1,
				"updatedAt":"2026-05-01 21:45:13",
				"updatedBy":0
			}
		],
		"size":50,
		"total":0
	},
	"message":"OK",
	"success":true
} 
cn.nine.commons.data.page.PageData<cn.nine.pros.post.client.model.db.UserDTO>

[2026-05-02 02:19:21.293] [DEBUG] [] [376311342095483eac52099986e90bc4]: =========================================
[2026-05-02 02:19:21.293] [DEBUG] [] [06d889efa5644ed992d006cc6cdfcc15]: =========================================
[2026-05-02 02:19:21.293] [DEBUG] [] [74b1c8c4f3b54c8f87314b3d396fbced]: ==> leave RequestContextHolder.
[2026-05-02 02:19:21.293] [DEBUG] [] [74b1c8c4f3b54c8f87314b3d396fbced]: ==> leave RequestContextHolder.
[2026-05-02 02:19:21.293] [DEBUG] [] [06d889efa5644ed992d006cc6cdfcc15]: ===>> Output object : 

{
	"alg":"SALT_MD5",
	"code":200,
	"data":{
		"empty":false,
		"page":1,
		"pages":0,
		"recordCount":1,
		"records":[
			{
				"birthYear":1990,
				"createdAt":"2026-05-01 21:18:50",
				"createdBy":0,
				"delFlag":false,
				"email":"admin@staff.local",
				"id":1,
				"isVip":false,
				"lastLoginAt":"2026-05-01 21:45:13.229045",
				"nickname":"超级管理员",
				"passwordHash":"$2a$10$YTUeGZqQ/xrX1d9V26669ubXuH90MthjRxhXxJV5EldtWdFm0WQbS",
				"staffRole":1,
				"stampsBalance":0,
				"status":1,
				"updatedAt":"2026-05-01 21:45:13",
				"updatedBy":0
			}
		],
		"size":50,
		"total":0
	},
	"message":"OK",
	"success":true
} 
cn.nine.commons.data.page.PageData<cn.nine.pros.post.client.model.db.UserDTO>

[2026-05-02 02:19:21.293] [DEBUG] [] [06d889efa5644ed992d006cc6cdfcc15]: =========================================
[2026-05-02 02:19:21.293] [DEBUG] [] [376311342095483eac52099986e90bc4]: ==> leave RequestContextHolder.
[2026-05-02 02:19:21.293] [DEBUG] [] [376311342095483eac52099986e90bc4]: ==> leave RequestContextHolder.
[2026-05-02 02:19:21.294] [DEBUG] [] [06d889efa5644ed992d006cc6cdfcc15]: ==> leave RequestContextHolder.
[2026-05-02 02:19:21.294] [DEBUG] [] [06d889efa5644ed992d006cc6cdfcc15]: ==> leave RequestContextHolder.
[2026-05-02 02:19:21.294] [DEBUG] [] []: ==》/webapi/auth/current -> into PreRequestContextFilter.
[2026-05-02 02:19:21.295] [DEBUG] [] [a6061f2f142847fd80ab424ffbef4d35]: 地址 /webapi/auth/current 进入过滤器
[2026-05-02 02:19:21.295] [DEBUG] [] [a6061f2f142847fd80ab424ffbef4d35]: ==>  Preparing: SELECT id,email,password_hash,nickname,birth_year,country_code,bio,avatar_url,stamps_balance,is_vip,vip_expire_at,status,staff_role,register_ip,last_login_at,created_at,created_by,updated_at,updated_by,del_flag FROM bu_user WHERE id=?
[2026-05-02 02:19:21.295] [DEBUG] [] [a6061f2f142847fd80ab424ffbef4d35]: ==> Parameters: 1(Long)
[2026-05-02 02:19:21.297] [DEBUG] [] [a6061f2f142847fd80ab424ffbef4d35]: <==      Total: 1
[2026-05-02 02:19:21.297] [DEBUG] [] [a6061f2f142847fd80ab424ffbef4d35]: ===> Supports JSON Message Converter : true
[2026-05-02 02:19:21.297] [DEBUG] [] [a6061f2f142847fd80ab424ffbef4d35]: Using 'application/json', given [application/json, text/plain, */*] and supported [application/json, application/*+json]
[2026-05-02 02:19:21.297] [DEBUG] [] [a6061f2f142847fd80ab424ffbef4d35]: ===> Supports JSON Message Converter : true
[2026-05-02 02:19:21.297] [DEBUG] [] [a6061f2f142847fd80ab424ffbef4d35]: Writing [UserDTO(super=AbstractAuditableDTO(createdAt=2026-05-01T21:18:50.206341, createdBy=0, updatedAt=2026 (truncated)...]
[2026-05-02 02:19:21.297] [DEBUG] [] [a6061f2f142847fd80ab424ffbef4d35]: =========================================
[2026-05-02 02:19:21.297] [DEBUG] [] [a6061f2f142847fd80ab424ffbef4d35]: ===>> Output object : 

{
	"alg":"SALT_MD5",
	"code":200,
	"data":{
		"birthYear":1990,
		"createdAt":"2026-05-01 21:18:50",
		"createdBy":0,
		"delFlag":false,
		"email":"admin@staff.local",
		"id":1,
		"isVip":false,
		"lastLoginAt":"2026-05-01 21:45:13.229045",
		"nickname":"超级管理员",
		"staffRole":1,
		"stampsBalance":0,
		"status":1,
		"updatedAt":"2026-05-01 21:45:13",
		"updatedBy":0
	},
	"message":"OK",
	"success":true
} 
class cn.nine.pros.post.client.model.db.UserDTO

[2026-05-02 02:19:21.297] [DEBUG] [] [a6061f2f142847fd80ab424ffbef4d35]: =========================================
[2026-05-02 02:19:21.297] [DEBUG] [] [a6061f2f142847fd80ab424ffbef4d35]: ==> leave RequestContextHolder.
[2026-05-02 02:19:21.298] [DEBUG] [] [a6061f2f142847fd80ab424ffbef4d35]: ==> leave RequestContextHolder.
[2026-05-02 02:23:25.932] [DEBUG] [] []: ==》/dispatch.asp -> into PreRequestContextFilter.
[2026-05-02 02:23:25.939] [DEBUG] [] [3d5886e8d77c446bbc674bef85fb5700]: 异常：当前用户ID:null 客户端类型: 版本号:null Ip地址:94.156.152.50
[2026-05-02 02:23:25.939] [DEBUG] [] [3d5886e8d77c446bbc674bef85fb5700]: 请求错误-返回：No static resource dispatch.asp.  ,地址：http://222.209.122.216:9011/dispatch.asp
[2026-05-02 02:23:25.939] [ERROR] [] [3d5886e8d77c446bbc674bef85fb5700]: 请求异常 - 客户端: 版本:null 地址:http://222.209.122.216:9011/dispatch.asp 异常:No static resource dispatch.asp.
org.springframework.web.servlet.resource.NoResourceFoundException: No static resource dispatch.asp.
	at org.springframework.web.servlet.resource.ResourceHttpRequestHandler.handleRequest(ResourceHttpRequestHandler.java:586)
	at org.springframework.web.servlet.mvc.HttpRequestHandlerAdapter.handle(HttpRequestHandlerAdapter.java:52)
	at org.springframework.web.servlet.DispatcherServlet.doDispatch(DispatcherServlet.java:1089)
	at org.springframework.web.servlet.DispatcherServlet.doService(DispatcherServlet.java:979)
	at org.springframework.web.servlet.FrameworkServlet.processRequest(FrameworkServlet.java:1014)
	at org.springframework.web.servlet.FrameworkServlet.doGet(FrameworkServlet.java:903)
	at jakarta.servlet.http.HttpServlet.service(HttpServlet.java:564)
	at org.springframework.web.servlet.FrameworkServlet.service(FrameworkServlet.java:885)
	at jakarta.servlet.http.HttpServlet.service(HttpServlet.java:658)
	at org.apache.catalina.core.ApplicationFilterChain.internalDoFilter(ApplicationFilterChain.java:195)
	at org.apache.catalina.core.ApplicationFilterChain.doFilter(ApplicationFilterChain.java:140)
	at org.apache.tomcat.websocket.server.WsFilter.doFilter(WsFilter.java:51)
	at org.apache.catalina.core.ApplicationFilterChain.internalDoFilter(ApplicationFilterChain.java:164)
	at org.apache.catalina.core.ApplicationFilterChain.doFilter(ApplicationFilterChain.java:140)
	at org.apache.catalina.filters.RemoteIpFilter.doFilter(RemoteIpFilter.java:930)
	at org.apache.catalina.filters.RemoteIpFilter.doFilter(RemoteIpFilter.java:980)
	at org.apache.catalina.core.ApplicationFilterChain.internalDoFilter(ApplicationFilterChain.java:164)
	at org.apache.catalina.core.ApplicationFilterChain.doFilter(ApplicationFilterChain.java:140)
	at org.springframework.web.filter.OncePerRequestFilter.doFilter(OncePerRequestFilter.java:101)
	at org.apache.catalina.core.ApplicationFilterChain.internalDoFilter(ApplicationFilterChain.java:164)
	at org.apache.catalina.core.ApplicationFilterChain.doFilter(ApplicationFilterChain.java:140)
	at org.springframework.web.filter.OncePerRequestFilter.doFilter(OncePerRequestFilter.java:101)
	at org.apache.catalina.core.ApplicationFilterChain.internalDoFilter(ApplicationFilterChain.java:164)
	at org.apache.catalina.core.ApplicationFilterChain.doFilter(ApplicationFilterChain.java:140)
	at org.springframework.web.filter.RequestContextFilter.doFilterInternal(RequestContextFilter.java:100)
	at org.springframework.web.filter.OncePerRequestFilter.doFilter(OncePerRequestFilter.java:116)
	at org.apache.catalina.core.ApplicationFilterChain.internalDoFilter(ApplicationFilterChain.java:164)
	at org.apache.catalina.core.ApplicationFilterChain.doFilter(ApplicationFilterChain.java:140)
	at cn.nine.commons.web.filter.PreRequestContextFilter.doFilterInternal(PreRequestContextFilter.java:92)
	at org.springframework.web.filter.OncePerRequestFilter.doFilter(OncePerRequestFilter.java:116)
	at org.apache.catalina.core.ApplicationFilterChain.internalDoFilter(ApplicationFilterChain.java:164)
	at org.apache.catalina.core.ApplicationFilterChain.doFilter(ApplicationFilterChain.java:140)
	at org.springframework.web.filter.FormContentFilter.doFilterInternal(FormContentFilter.java:93)
	at org.springframework.web.filter.OncePerRequestFilter.doFilter(OncePerRequestFilter.java:116)
	at org.apache.catalina.core.ApplicationFilterChain.internalDoFilter(ApplicationFilterChain.java:164)
	at org.apache.catalina.core.ApplicationFilterChain.doFilter(ApplicationFilterChain.java:140)
	at org.springframework.web.filter.ServerHttpObservationFilter.doFilterInternal(ServerHttpObservationFilter.java:113)
	at org.springframework.web.filter.OncePerRequestFilter.doFilter(OncePerRequestFilter.java:116)
	at org.apache.catalina.core.ApplicationFilterChain.internalDoFilter(ApplicationFilterChain.java:164)
	at org.apache.catalina.core.ApplicationFilterChain.doFilter(ApplicationFilterChain.java:140)
	at org.springframework.web.filter.CharacterEncodingFilter.doFilterInternal(CharacterEncodingFilter.java:201)
	at org.springframework.web.filter.OncePerRequestFilter.doFilter(OncePerRequestFilter.java:116)
	at org.apache.catalina.core.ApplicationFilterChain.internalDoFilter(ApplicationFilterChain.java:164)
	at org.apache.catalina.core.ApplicationFilterChain.doFilter(ApplicationFilterChain.java:140)
	at org.springframework.web.filter.OncePerRequestFilter.doFilter(OncePerRequestFilter.java:101)
	at org.apache.catalina.core.ApplicationFilterChain.internalDoFilter(ApplicationFilterChain.java:164)
	at org.apache.catalina.core.ApplicationFilterChain.doFilter(ApplicationFilterChain.java:140)
	at org.apache.catalina.core.StandardWrapperValve.invoke(StandardWrapperValve.java:167)
	at org.apache.catalina.core.StandardContextValve.invoke(StandardContextValve.java:90)
	at org.apache.catalina.authenticator.AuthenticatorBase.invoke(AuthenticatorBase.java:483)
	at org.apache.catalina.core.StandardHostValve.invoke(StandardHostValve.java:115)
	at org.apache.catalina.valves.ErrorReportValve.invoke(ErrorReportValve.java:93)
	at org.apache.catalina.core.StandardEngineValve.invoke(StandardEngineValve.java:74)
	at org.apache.catalina.connector.CoyoteAdapter.service(CoyoteAdapter.java:344)
	at org.apache.coyote.http11.Http11Processor.service(Http11Processor.java:397)
	at org.apache.coyote.AbstractProcessorLight.process(AbstractProcessorLight.java:63)
	at org.apache.coyote.AbstractProtocol$ConnectionHandler.process(AbstractProtocol.java:905)
	at org.apache.tomcat.util.net.NioEndpoint$SocketProcessor.doRun(NioEndpoint.java:1741)
	at org.apache.tomcat.util.net.SocketProcessorBase.run(SocketProcessorBase.java:52)
	at org.apache.tomcat.util.threads.ThreadPoolExecutor.runWorker(ThreadPoolExecutor.java:1190)
	at org.apache.tomcat.util.threads.ThreadPoolExecutor$Worker.run(ThreadPoolExecutor.java:659)
	at org.apache.tomcat.util.threads.TaskThread$WrappingRunnable.run(TaskThread.java:63)
	at java.base/java.lang.Thread.run(Thread.java:842)
[2026-05-02 02:23:25.942] [DEBUG] [] [3d5886e8d77c446bbc674bef85fb5700]: ==> leave RequestContextHolder.
[2026-05-02 02:23:55.287] [DEBUG] [] []: ==》/webapi/user/paging -> into PreRequestContextFilter.
[2026-05-02 02:23:55.287] [DEBUG] [] []: ==》/webapi/auth/current -> into PreRequestContextFilter.
[2026-05-02 02:23:55.287] [DEBUG] [] [6d24bc44635c4f03bd839a46055d8600]: 地址 /webapi/user/paging 进入过滤器
[2026-05-02 02:23:55.287] [DEBUG] [] []: ==》/webapi/user/paging -> into PreRequestContextFilter.
[2026-05-02 02:23:55.287] [DEBUG] [] [980d329c60e6455ca60edea65f656347]: 地址 /webapi/auth/current 进入过滤器
[2026-05-02 02:23:55.287] [DEBUG] [] [f877fe4615f947ac81eead3dd4f59772]: 地址 /webapi/user/paging 进入过滤器
[2026-05-02 02:23:55.294] [DEBUG] [] [980d329c60e6455ca60edea65f656347]: ==>  Preparing: SELECT id,email,password_hash,nickname,birth_year,country_code,bio,avatar_url,stamps_balance,is_vip,vip_expire_at,status,staff_role,register_ip,last_login_at,created_at,created_by,updated_at,updated_by,del_flag FROM bu_user WHERE id=?
[2026-05-02 02:23:55.294] [DEBUG] [] [980d329c60e6455ca60edea65f656347]: ==> Parameters: 1(Long)
[2026-05-02 02:23:55.295] [DEBUG] [] [6d24bc44635c4f03bd839a46055d8600]: ==>  Preparing: SELECT id,email,password_hash,nickname,birth_year,country_code,bio,avatar_url,stamps_balance,is_vip,vip_expire_at,status,staff_role,register_ip,last_login_at,created_at,created_by,updated_at,updated_by,del_flag FROM bu_user WHERE (del_flag = ?) ORDER BY created_at DESC
[2026-05-02 02:23:55.295] [DEBUG] [] [6d24bc44635c4f03bd839a46055d8600]: ==> Parameters: false(Boolean)
[2026-05-02 02:23:55.295] [DEBUG] [] [f877fe4615f947ac81eead3dd4f59772]: ==>  Preparing: SELECT id,email,password_hash,nickname,birth_year,country_code,bio,avatar_url,stamps_balance,is_vip,vip_expire_at,status,staff_role,register_ip,last_login_at,created_at,created_by,updated_at,updated_by,del_flag FROM bu_user WHERE (del_flag = ?) ORDER BY created_at DESC
[2026-05-02 02:23:55.295] [DEBUG] [] [f877fe4615f947ac81eead3dd4f59772]: ==> Parameters: false(Boolean)
[2026-05-02 02:23:55.295] [DEBUG] [] [980d329c60e6455ca60edea65f656347]: <==      Total: 1
[2026-05-02 02:23:55.295] [DEBUG] [] [6d24bc44635c4f03bd839a46055d8600]: <==      Total: 1
[2026-05-02 02:23:55.295] [DEBUG] [] [6d24bc44635c4f03bd839a46055d8600]: ===> Supports JSON Message Converter : true
[2026-05-02 02:23:55.295] [DEBUG] [] [980d329c60e6455ca60edea65f656347]: ===> Supports JSON Message Converter : true
[2026-05-02 02:23:55.295] [DEBUG] [] [f877fe4615f947ac81eead3dd4f59772]: <==      Total: 1
[2026-05-02 02:23:55.295] [DEBUG] [] [980d329c60e6455ca60edea65f656347]: Using 'application/json', given [application/json, text/plain, */*] and supported [application/json, application/*+json]
[2026-05-02 02:23:55.296] [DEBUG] [] [980d329c60e6455ca60edea65f656347]: ===> Supports JSON Message Converter : true
[2026-05-02 02:23:55.296] [DEBUG] [] [6d24bc44635c4f03bd839a46055d8600]: Using 'application/json', given [application/json, text/plain, */*] and supported [application/json, application/*+json]
[2026-05-02 02:23:55.296] [DEBUG] [] [6d24bc44635c4f03bd839a46055d8600]: ===> Supports JSON Message Converter : true
[2026-05-02 02:23:55.296] [DEBUG] [] [980d329c60e6455ca60edea65f656347]: Writing [UserDTO(super=AbstractAuditableDTO(createdAt=2026-05-01T21:18:50.206341, createdBy=0, updatedAt=2026 (truncated)...]
[2026-05-02 02:23:55.296] [DEBUG] [] [f877fe4615f947ac81eead3dd4f59772]: ===> Supports JSON Message Converter : true
[2026-05-02 02:23:55.296] [DEBUG] [] [980d329c60e6455ca60edea65f656347]: =========================================
[2026-05-02 02:23:55.296] [DEBUG] [] [f877fe4615f947ac81eead3dd4f59772]: Using 'application/json', given [application/json, text/plain, */*] and supported [application/json, application/*+json]
[2026-05-02 02:23:55.296] [DEBUG] [] [6d24bc44635c4f03bd839a46055d8600]: Writing [PageData(total=0, page=1, size=50, pages=0, records=[UserDTO(super=AbstractAuditableDTO(createdAt=20 (truncated)...]
[2026-05-02 02:23:55.296] [DEBUG] [] [f877fe4615f947ac81eead3dd4f59772]: ===> Supports JSON Message Converter : true
[2026-05-02 02:23:55.296] [DEBUG] [] [f877fe4615f947ac81eead3dd4f59772]: Writing [PageData(total=0, page=1, size=50, pages=0, records=[UserDTO(super=AbstractAuditableDTO(createdAt=20 (truncated)...]
[2026-05-02 02:23:55.296] [DEBUG] [] [980d329c60e6455ca60edea65f656347]: ===>> Output object : 

{
	"alg":"SALT_MD5",
	"code":200,
	"data":{
		"birthYear":1990,
		"createdAt":"2026-05-01 21:18:50",
		"createdBy":0,
		"delFlag":false,
		"email":"admin@staff.local",
		"id":1,
		"isVip":false,
		"lastLoginAt":"2026-05-01 21:45:13.229045",
		"nickname":"超级管理员",
		"staffRole":1,
		"stampsBalance":0,
		"status":1,
		"updatedAt":"2026-05-01 21:45:13",
		"updatedBy":0
	},
	"message":"OK",
	"success":true
} 
class cn.nine.pros.post.client.model.db.UserDTO

[2026-05-02 02:23:55.296] [DEBUG] [] [980d329c60e6455ca60edea65f656347]: =========================================
[2026-05-02 02:23:55.296] [DEBUG] [] [f877fe4615f947ac81eead3dd4f59772]: =========================================
[2026-05-02 02:23:55.296] [DEBUG] [] [f877fe4615f947ac81eead3dd4f59772]: ===>> Output object : 

{
	"alg":"SALT_MD5",
	"code":200,
	"data":{
		"empty":false,
		"page":1,
		"pages":0,
		"recordCount":1,
		"records":[
			{
				"birthYear":1990,
				"createdAt":"2026-05-01 21:18:50",
				"createdBy":0,
				"delFlag":false,
				"email":"admin@staff.local",
				"id":1,
				"isVip":false,
				"lastLoginAt":"2026-05-01 21:45:13.229045",
				"nickname":"超级管理员",
				"passwordHash":"$2a$10$YTUeGZqQ/xrX1d9V26669ubXuH90MthjRxhXxJV5EldtWdFm0WQbS",
				"staffRole":1,
				"stampsBalance":0,
				"status":1,
				"updatedAt":"2026-05-01 21:45:13",
				"updatedBy":0
			}
		],
		"size":50,
		"total":0
	},
	"message":"OK",
	"success":true
} 
cn.nine.commons.data.page.PageData<cn.nine.pros.post.client.model.db.UserDTO>

[2026-05-02 02:23:55.297] [DEBUG] [] [f877fe4615f947ac81eead3dd4f59772]: =========================================
[2026-05-02 02:23:55.297] [DEBUG] [] [6d24bc44635c4f03bd839a46055d8600]: =========================================
[2026-05-02 02:23:55.297] [DEBUG] [] [980d329c60e6455ca60edea65f656347]: ==> leave RequestContextHolder.
[2026-05-02 02:23:55.297] [DEBUG] [] [980d329c60e6455ca60edea65f656347]: ==> leave RequestContextHolder.
[2026-05-02 02:23:55.297] [DEBUG] [] [6d24bc44635c4f03bd839a46055d8600]: ===>> Output object : 

{
	"alg":"SALT_MD5",
	"code":200,
	"data":{
		"empty":false,
		"page":1,
		"pages":0,
		"recordCount":1,
		"records":[
			{
				"birthYear":1990,
				"createdAt":"2026-05-01 21:18:50",
				"createdBy":0,
				"delFlag":false,
				"email":"admin@staff.local",
				"id":1,
				"isVip":false,
				"lastLoginAt":"2026-05-01 21:45:13.229045",
				"nickname":"超级管理员",
				"passwordHash":"$2a$10$YTUeGZqQ/xrX1d9V26669ubXuH90MthjRxhXxJV5EldtWdFm0WQbS",
				"staffRole":1,
				"stampsBalance":0,
				"status":1,
				"updatedAt":"2026-05-01 21:45:13",
				"updatedBy":0
			}
		],
		"size":50,
		"total":0
	},
	"message":"OK",
	"success":true
} 
cn.nine.commons.data.page.PageData<cn.nine.pros.post.client.model.db.UserDTO>

[2026-05-02 02:23:55.297] [DEBUG] [] [6d24bc44635c4f03bd839a46055d8600]: =========================================
[2026-05-02 02:23:55.297] [DEBUG] [] [f877fe4615f947ac81eead3dd4f59772]: ==> leave RequestContextHolder.
[2026-05-02 02:23:55.297] [DEBUG] [] [f877fe4615f947ac81eead3dd4f59772]: ==> leave RequestContextHolder.
[2026-05-02 02:23:55.297] [DEBUG] [] [6d24bc44635c4f03bd839a46055d8600]: ==> leave RequestContextHolder.
[2026-05-02 02:23:55.297] [DEBUG] [] [6d24bc44635c4f03bd839a46055d8600]: ==> leave RequestContextHolder.
[2026-05-02 02:23:55.298] [DEBUG] [] []: ==》/webapi/auth/current -> into PreRequestContextFilter.
[2026-05-02 02:23:55.298] [DEBUG] [] [c5d6fe004d604560b83032fd20e0eee3]: 地址 /webapi/auth/current 进入过滤器
[2026-05-02 02:23:55.300] [DEBUG] [] [c5d6fe004d604560b83032fd20e0eee3]: ==>  Preparing: SELECT id,email,password_hash,nickname,birth_year,country_code,bio,avatar_url,stamps_balance,is_vip,vip_expire_at,status,staff_role,register_ip,last_login_at,created_at,created_by,updated_at,updated_by,del_flag FROM bu_user WHERE id=?
[2026-05-02 02:23:55.300] [DEBUG] [] [c5d6fe004d604560b83032fd20e0eee3]: ==> Parameters: 1(Long)
[2026-05-02 02:23:55.300] [DEBUG] [] [c5d6fe004d604560b83032fd20e0eee3]: <==      Total: 1
[2026-05-02 02:23:55.300] [DEBUG] [] [c5d6fe004d604560b83032fd20e0eee3]: ===> Supports JSON Message Converter : true
[2026-05-02 02:23:55.300] [DEBUG] [] [c5d6fe004d604560b83032fd20e0eee3]: Using 'application/json', given [application/json, text/plain, */*] and supported [application/json, application/*+json]
[2026-05-02 02:23:55.300] [DEBUG] [] [c5d6fe004d604560b83032fd20e0eee3]: ===> Supports JSON Message Converter : true
[2026-05-02 02:23:55.300] [DEBUG] [] [c5d6fe004d604560b83032fd20e0eee3]: Writing [UserDTO(super=AbstractAuditableDTO(createdAt=2026-05-01T21:18:50.206341, createdBy=0, updatedAt=2026 (truncated)...]
[2026-05-02 02:23:55.300] [DEBUG] [] [c5d6fe004d604560b83032fd20e0eee3]: =========================================
[2026-05-02 02:23:55.300] [DEBUG] [] [c5d6fe004d604560b83032fd20e0eee3]: ===>> Output object : 

{
	"alg":"SALT_MD5",
	"code":200,
	"data":{
		"birthYear":1990,
		"createdAt":"2026-05-01 21:18:50",
		"createdBy":0,
		"delFlag":false,
		"email":"admin@staff.local",
		"id":1,
		"isVip":false,
		"lastLoginAt":"2026-05-01 21:45:13.229045",
		"nickname":"超级管理员",
		"staffRole":1,
		"stampsBalance":0,
		"status":1,
		"updatedAt":"2026-05-01 21:45:13",
		"updatedBy":0
	},
	"message":"OK",
	"success":true
} 
class cn.nine.pros.post.client.model.db.UserDTO

[2026-05-02 02:23:55.300] [DEBUG] [] [c5d6fe004d604560b83032fd20e0eee3]: =========================================
[2026-05-02 02:23:55.300] [DEBUG] [] [c5d6fe004d604560b83032fd20e0eee3]: ==> leave RequestContextHolder.
[2026-05-02 02:23:55.300] [DEBUG] [] [c5d6fe004d604560b83032fd20e0eee3]: ==> leave RequestContextHolder.
[2026-05-02 02:29:21.295] [DEBUG] [] []: ==》/webapi/user/paging -> into PreRequestContextFilter.
[2026-05-02 02:29:21.296] [DEBUG] [] [53f9577196fa4726b57740aa938e9252]: 地址 /webapi/user/paging 进入过滤器
[2026-05-02 02:29:21.296] [DEBUG] [] []: ==》/webapi/user/paging -> into PreRequestContextFilter.
[2026-05-02 02:29:21.296] [DEBUG] [] [dbd094a16fc14d49834a4e766fc87e1e]: 地址 /webapi/user/paging 进入过滤器
[2026-05-02 02:29:21.296] [DEBUG] [] []: ==》/webapi/auth/current -> into PreRequestContextFilter.
[2026-05-02 02:29:21.296] [DEBUG] [] [c53b448e578b4a8780a9ca1f65fbcc5e]: 地址 /webapi/auth/current 进入过滤器
[2026-05-02 02:29:21.297] [DEBUG] [] [c53b448e578b4a8780a9ca1f65fbcc5e]: ==>  Preparing: SELECT id,email,password_hash,nickname,birth_year,country_code,bio,avatar_url,stamps_balance,is_vip,vip_expire_at,status,staff_role,register_ip,last_login_at,created_at,created_by,updated_at,updated_by,del_flag FROM bu_user WHERE id=?
[2026-05-02 02:29:21.297] [DEBUG] [] [c53b448e578b4a8780a9ca1f65fbcc5e]: ==> Parameters: 1(Long)
[2026-05-02 02:29:21.297] [DEBUG] [] [53f9577196fa4726b57740aa938e9252]: ==>  Preparing: SELECT id,email,password_hash,nickname,birth_year,country_code,bio,avatar_url,stamps_balance,is_vip,vip_expire_at,status,staff_role,register_ip,last_login_at,created_at,created_by,updated_at,updated_by,del_flag FROM bu_user WHERE (del_flag = ?) ORDER BY created_at DESC
[2026-05-02 02:29:21.299] [DEBUG] [] [dbd094a16fc14d49834a4e766fc87e1e]: ==>  Preparing: SELECT id,email,password_hash,nickname,birth_year,country_code,bio,avatar_url,stamps_balance,is_vip,vip_expire_at,status,staff_role,register_ip,last_login_at,created_at,created_by,updated_at,updated_by,del_flag FROM bu_user WHERE (del_flag = ?) ORDER BY created_at DESC
[2026-05-02 02:29:21.299] [DEBUG] [] [53f9577196fa4726b57740aa938e9252]: ==> Parameters: false(Boolean)
[2026-05-02 02:29:21.299] [DEBUG] [] [dbd094a16fc14d49834a4e766fc87e1e]: ==> Parameters: false(Boolean)
[2026-05-02 02:29:21.300] [DEBUG] [] [c53b448e578b4a8780a9ca1f65fbcc5e]: <==      Total: 1
[2026-05-02 02:29:21.300] [DEBUG] [] [c53b448e578b4a8780a9ca1f65fbcc5e]: ===> Supports JSON Message Converter : true
[2026-05-02 02:29:21.300] [DEBUG] [] [c53b448e578b4a8780a9ca1f65fbcc5e]: Using 'application/json', given [application/json, text/plain, */*] and supported [application/json, application/*+json]
[2026-05-02 02:29:21.300] [DEBUG] [] [c53b448e578b4a8780a9ca1f65fbcc5e]: ===> Supports JSON Message Converter : true
[2026-05-02 02:29:21.300] [DEBUG] [] [c53b448e578b4a8780a9ca1f65fbcc5e]: Writing [UserDTO(super=AbstractAuditableDTO(createdAt=2026-05-01T21:18:50.206341, createdBy=0, updatedAt=2026 (truncated)...]
[2026-05-02 02:29:21.300] [DEBUG] [] [dbd094a16fc14d49834a4e766fc87e1e]: <==      Total: 1
[2026-05-02 02:29:21.300] [DEBUG] [] [c53b448e578b4a8780a9ca1f65fbcc5e]: =========================================
[2026-05-02 02:29:21.300] [DEBUG] [] [c53b448e578b4a8780a9ca1f65fbcc5e]: ===>> Output object : 

{
	"alg":"SALT_MD5",
	"code":200,
	"data":{
		"birthYear":1990,
		"createdAt":"2026-05-01 21:18:50",
		"createdBy":0,
		"delFlag":false,
		"email":"admin@staff.local",
		"id":1,
		"isVip":false,
		"lastLoginAt":"2026-05-01 21:45:13.229045",
		"nickname":"超级管理员",
		"staffRole":1,
		"stampsBalance":0,
		"status":1,
		"updatedAt":"2026-05-01 21:45:13",
		"updatedBy":0
	},
	"message":"OK",
	"success":true
} 
class cn.nine.pros.post.client.model.db.UserDTO

[2026-05-02 02:29:21.300] [DEBUG] [] [c53b448e578b4a8780a9ca1f65fbcc5e]: =========================================
[2026-05-02 02:29:21.300] [DEBUG] [] [53f9577196fa4726b57740aa938e9252]: <==      Total: 1
[2026-05-02 02:29:21.300] [DEBUG] [] [dbd094a16fc14d49834a4e766fc87e1e]: ===> Supports JSON Message Converter : true
[2026-05-02 02:29:21.300] [DEBUG] [] [dbd094a16fc14d49834a4e766fc87e1e]: Using 'application/json', given [application/json, text/plain, */*] and supported [application/json, application/*+json]
[2026-05-02 02:29:21.300] [DEBUG] [] [dbd094a16fc14d49834a4e766fc87e1e]: ===> Supports JSON Message Converter : true
[2026-05-02 02:29:21.300] [DEBUG] [] [53f9577196fa4726b57740aa938e9252]: ===> Supports JSON Message Converter : true
[2026-05-02 02:29:21.300] [DEBUG] [] [dbd094a16fc14d49834a4e766fc87e1e]: Writing [PageData(total=0, page=1, size=50, pages=0, records=[UserDTO(super=AbstractAuditableDTO(createdAt=20 (truncated)...]
[2026-05-02 02:29:21.300] [DEBUG] [] [53f9577196fa4726b57740aa938e9252]: Using 'application/json', given [application/json, text/plain, */*] and supported [application/json, application/*+json]
[2026-05-02 02:29:21.300] [DEBUG] [] [dbd094a16fc14d49834a4e766fc87e1e]: =========================================
[2026-05-02 02:29:21.300] [DEBUG] [] [53f9577196fa4726b57740aa938e9252]: ===> Supports JSON Message Converter : true
[2026-05-02 02:29:21.300] [DEBUG] [] [53f9577196fa4726b57740aa938e9252]: Writing [PageData(total=0, page=1, size=50, pages=0, records=[UserDTO(super=AbstractAuditableDTO(createdAt=20 (truncated)...]
[2026-05-02 02:29:21.300] [DEBUG] [] [dbd094a16fc14d49834a4e766fc87e1e]: ===>> Output object : 

{
	"alg":"SALT_MD5",
	"code":200,
	"data":{
		"empty":false,
		"page":1,
		"pages":0,
		"recordCount":1,
		"records":[
			{
				"birthYear":1990,
				"createdAt":"2026-05-01 21:18:50",
				"createdBy":0,
				"delFlag":false,
				"email":"admin@staff.local",
				"id":1,
				"isVip":false,
				"lastLoginAt":"2026-05-01 21:45:13.229045",
				"nickname":"超级管理员",
				"passwordHash":"$2a$10$YTUeGZqQ/xrX1d9V26669ubXuH90MthjRxhXxJV5EldtWdFm0WQbS",
				"staffRole":1,
				"stampsBalance":0,
				"status":1,
				"updatedAt":"2026-05-01 21:45:13",
				"updatedBy":0
			}
		],
		"size":50,
		"total":0
	},
	"message":"OK",
	"success":true
} 
cn.nine.commons.data.page.PageData<cn.nine.pros.post.client.model.db.UserDTO>

[2026-05-02 02:29:21.300] [DEBUG] [] [c53b448e578b4a8780a9ca1f65fbcc5e]: ==> leave RequestContextHolder.
[2026-05-02 02:29:21.300] [DEBUG] [] [dbd094a16fc14d49834a4e766fc87e1e]: =========================================
[2026-05-02 02:29:21.300] [DEBUG] [] [c53b448e578b4a8780a9ca1f65fbcc5e]: ==> leave RequestContextHolder.
[2026-05-02 02:29:21.300] [DEBUG] [] [53f9577196fa4726b57740aa938e9252]: =========================================
[2026-05-02 02:29:21.300] [DEBUG] [] [53f9577196fa4726b57740aa938e9252]: ===>> Output object : 

{
	"alg":"SALT_MD5",
	"code":200,
	"data":{
		"empty":false,
		"page":1,
		"pages":0,
		"recordCount":1,
		"records":[
			{
				"birthYear":1990,
				"createdAt":"2026-05-01 21:18:50",
				"createdBy":0,
				"delFlag":false,
				"email":"admin@staff.local",
				"id":1,
				"isVip":false,
				"lastLoginAt":"2026-05-01 21:45:13.229045",
				"nickname":"超级管理员",
				"passwordHash":"$2a$10$YTUeGZqQ/xrX1d9V26669ubXuH90MthjRxhXxJV5EldtWdFm0WQbS",
				"staffRole":1,
				"stampsBalance":0,
				"status":1,
				"updatedAt":"2026-05-01 21:45:13",
				"updatedBy":0
			}
		],
		"size":50,
		"total":0
	},
	"message":"OK",
	"success":true
} 
cn.nine.commons.data.page.PageData<cn.nine.pros.post.client.model.db.UserDTO>

[2026-05-02 02:29:21.300] [DEBUG] [] [53f9577196fa4726b57740aa938e9252]: =========================================
[2026-05-02 02:29:21.300] [DEBUG] [] [dbd094a16fc14d49834a4e766fc87e1e]: ==> leave RequestContextHolder.
[2026-05-02 02:29:21.300] [DEBUG] [] [dbd094a16fc14d49834a4e766fc87e1e]: ==> leave RequestContextHolder.
[2026-05-02 02:29:21.301] [DEBUG] [] [53f9577196fa4726b57740aa938e9252]: ==> leave RequestContextHolder.
[2026-05-02 02:29:21.301] [DEBUG] [] [53f9577196fa4726b57740aa938e9252]: ==> leave RequestContextHolder.
[2026-05-02 02:29:21.303] [DEBUG] [] []: ==》/webapi/auth/current -> into PreRequestContextFilter.
[2026-05-02 02:29:21.303] [DEBUG] [] [11385b0647bc4fa4a5c29df55555955f]: 地址 /webapi/auth/current 进入过滤器
[2026-05-02 02:29:21.304] [DEBUG] [] [11385b0647bc4fa4a5c29df55555955f]: ==>  Preparing: SELECT id,email,password_hash,nickname,birth_year,country_code,bio,avatar_url,stamps_balance,is_vip,vip_expire_at,status,staff_role,register_ip,last_login_at,created_at,created_by,updated_at,updated_by,del_flag FROM bu_user WHERE id=?
[2026-05-02 02:29:21.304] [DEBUG] [] [11385b0647bc4fa4a5c29df55555955f]: ==> Parameters: 1(Long)
[2026-05-02 02:29:21.305] [DEBUG] [] [11385b0647bc4fa4a5c29df55555955f]: <==      Total: 1
[2026-05-02 02:29:21.305] [DEBUG] [] [11385b0647bc4fa4a5c29df55555955f]: ===> Supports JSON Message Converter : true
[2026-05-02 02:29:21.305] [DEBUG] [] [11385b0647bc4fa4a5c29df55555955f]: Using 'application/json', given [application/json, text/plain, */*] and supported [application/json, application/*+json]
[2026-05-02 02:29:21.305] [DEBUG] [] [11385b0647bc4fa4a5c29df55555955f]: ===> Supports JSON Message Converter : true
[2026-05-02 02:29:21.305] [DEBUG] [] [11385b0647bc4fa4a5c29df55555955f]: Writing [UserDTO(super=AbstractAuditableDTO(createdAt=2026-05-01T21:18:50.206341, createdBy=0, updatedAt=2026 (truncated)...]
[2026-05-02 02:29:21.305] [DEBUG] [] [11385b0647bc4fa4a5c29df55555955f]: =========================================
[2026-05-02 02:29:21.305] [DEBUG] [] [11385b0647bc4fa4a5c29df55555955f]: ===>> Output object : 

{
	"alg":"SALT_MD5",
	"code":200,
	"data":{
		"birthYear":1990,
		"createdAt":"2026-05-01 21:18:50",
		"createdBy":0,
		"delFlag":false,
		"email":"admin@staff.local",
		"id":1,
		"isVip":false,
		"lastLoginAt":"2026-05-01 21:45:13.229045",
		"nickname":"超级管理员",
		"staffRole":1,
		"stampsBalance":0,
		"status":1,
		"updatedAt":"2026-05-01 21:45:13",
		"updatedBy":0
	},
	"message":"OK",
	"success":true
} 
class cn.nine.pros.post.client.model.db.UserDTO

[2026-05-02 02:29:21.305] [DEBUG] [] [11385b0647bc4fa4a5c29df55555955f]: =========================================
[2026-05-02 02:29:21.305] [DEBUG] [] [11385b0647bc4fa4a5c29df55555955f]: ==> leave RequestContextHolder.
[2026-05-02 02:29:21.305] [DEBUG] [] [11385b0647bc4fa4a5c29df55555955f]: ==> leave RequestContextHolder.
[2026-05-02 02:33:55.332] [DEBUG] [] []: ==》/webapi/user/paging -> into PreRequestContextFilter.
[2026-05-02 02:33:55.332] [DEBUG] [] [e411c47915ba413c929e0d6d9918697e]: 地址 /webapi/user/paging 进入过滤器
[2026-05-02 02:33:55.332] [DEBUG] [] []: ==》/webapi/auth/current -> into PreRequestContextFilter.
[2026-05-02 02:33:55.332] [DEBUG] [] []: ==》/webapi/user/paging -> into PreRequestContextFilter.
[2026-05-02 02:33:55.332] [DEBUG] [] [edfb184237e74498991036afd4da379a]: 地址 /webapi/auth/current 进入过滤器
[2026-05-02 02:33:55.332] [DEBUG] [] [8cba75f1f5824a16b5b10a43b923d179]: 地址 /webapi/user/paging 进入过滤器
[2026-05-02 02:33:55.338] [DEBUG] [] [edfb184237e74498991036afd4da379a]: ==>  Preparing: SELECT id,email,password_hash,nickname,birth_year,country_code,bio,avatar_url,stamps_balance,is_vip,vip_expire_at,status,staff_role,register_ip,last_login_at,created_at,created_by,updated_at,updated_by,del_flag FROM bu_user WHERE id=?
[2026-05-02 02:33:55.338] [DEBUG] [] [edfb184237e74498991036afd4da379a]: ==> Parameters: 1(Long)
[2026-05-02 02:33:55.339] [DEBUG] [] [8cba75f1f5824a16b5b10a43b923d179]: ==>  Preparing: SELECT id,email,password_hash,nickname,birth_year,country_code,bio,avatar_url,stamps_balance,is_vip,vip_expire_at,status,staff_role,register_ip,last_login_at,created_at,created_by,updated_at,updated_by,del_flag FROM bu_user WHERE (del_flag = ?) ORDER BY created_at DESC
[2026-05-02 02:33:55.339] [DEBUG] [] [e411c47915ba413c929e0d6d9918697e]: ==>  Preparing: SELECT id,email,password_hash,nickname,birth_year,country_code,bio,avatar_url,stamps_balance,is_vip,vip_expire_at,status,staff_role,register_ip,last_login_at,created_at,created_by,updated_at,updated_by,del_flag FROM bu_user WHERE (del_flag = ?) ORDER BY created_at DESC
[2026-05-02 02:33:55.339] [DEBUG] [] [8cba75f1f5824a16b5b10a43b923d179]: ==> Parameters: false(Boolean)
[2026-05-02 02:33:55.339] [DEBUG] [] [edfb184237e74498991036afd4da379a]: <==      Total: 1
[2026-05-02 02:33:55.339] [DEBUG] [] [e411c47915ba413c929e0d6d9918697e]: ==> Parameters: false(Boolean)
[2026-05-02 02:33:55.339] [DEBUG] [] [edfb184237e74498991036afd4da379a]: ===> Supports JSON Message Converter : true
[2026-05-02 02:33:55.339] [DEBUG] [] [edfb184237e74498991036afd4da379a]: Using 'application/json', given [application/json, text/plain, */*] and supported [application/json, application/*+json]
[2026-05-02 02:33:55.339] [DEBUG] [] [edfb184237e74498991036afd4da379a]: ===> Supports JSON Message Converter : true
[2026-05-02 02:33:55.339] [DEBUG] [] [edfb184237e74498991036afd4da379a]: Writing [UserDTO(super=AbstractAuditableDTO(createdAt=2026-05-01T21:18:50.206341, createdBy=0, updatedAt=2026 (truncated)...]
[2026-05-02 02:33:55.339] [DEBUG] [] [edfb184237e74498991036afd4da379a]: =========================================
[2026-05-02 02:33:55.339] [DEBUG] [] [edfb184237e74498991036afd4da379a]: ===>> Output object : 

{
	"alg":"SALT_MD5",
	"code":200,
	"data":{
		"birthYear":1990,
		"createdAt":"2026-05-01 21:18:50",
		"createdBy":0,
		"delFlag":false,
		"email":"admin@staff.local",
		"id":1,
		"isVip":false,
		"lastLoginAt":"2026-05-01 21:45:13.229045",
		"nickname":"超级管理员",
		"staffRole":1,
		"stampsBalance":0,
		"status":1,
		"updatedAt":"2026-05-01 21:45:13",
		"updatedBy":0
	},
	"message":"OK",
	"success":true
} 
class cn.nine.pros.post.client.model.db.UserDTO

[2026-05-02 02:33:55.339] [DEBUG] [] [edfb184237e74498991036afd4da379a]: =========================================
[2026-05-02 02:33:55.339] [DEBUG] [] [8cba75f1f5824a16b5b10a43b923d179]: <==      Total: 1
[2026-05-02 02:33:55.339] [DEBUG] [] [e411c47915ba413c929e0d6d9918697e]: <==      Total: 1
[2026-05-02 02:33:55.339] [DEBUG] [] [8cba75f1f5824a16b5b10a43b923d179]: ===> Supports JSON Message Converter : true
[2026-05-02 02:33:55.339] [DEBUG] [] [e411c47915ba413c929e0d6d9918697e]: ===> Supports JSON Message Converter : true
[2026-05-02 02:33:55.339] [DEBUG] [] [edfb184237e74498991036afd4da379a]: ==> leave RequestContextHolder.
[2026-05-02 02:33:55.339] [DEBUG] [] [8cba75f1f5824a16b5b10a43b923d179]: Using 'application/json', given [application/json, text/plain, */*] and supported [application/json, application/*+json]
[2026-05-02 02:33:55.339] [DEBUG] [] [e411c47915ba413c929e0d6d9918697e]: Using 'application/json', given [application/json, text/plain, */*] and supported [application/json, application/*+json]
[2026-05-02 02:33:55.339] [DEBUG] [] [e411c47915ba413c929e0d6d9918697e]: ===> Supports JSON Message Converter : true
[2026-05-02 02:33:55.339] [DEBUG] [] [edfb184237e74498991036afd4da379a]: ==> leave RequestContextHolder.
[2026-05-02 02:33:55.339] [DEBUG] [] [8cba75f1f5824a16b5b10a43b923d179]: ===> Supports JSON Message Converter : true
[2026-05-02 02:33:55.339] [DEBUG] [] [8cba75f1f5824a16b5b10a43b923d179]: Writing [PageData(total=0, page=1, size=50, pages=0, records=[UserDTO(super=AbstractAuditableDTO(createdAt=20 (truncated)...]
[2026-05-02 02:33:55.339] [DEBUG] [] [e411c47915ba413c929e0d6d9918697e]: Writing [PageData(total=0, page=1, size=50, pages=0, records=[UserDTO(super=AbstractAuditableDTO(createdAt=20 (truncated)...]
[2026-05-02 02:33:55.340] [DEBUG] [] [e411c47915ba413c929e0d6d9918697e]: =========================================
[2026-05-02 02:33:55.340] [DEBUG] [] [e411c47915ba413c929e0d6d9918697e]: ===>> Output object : 

{
	"alg":"SALT_MD5",
	"code":200,
	"data":{
		"empty":false,
		"page":1,
		"pages":0,
		"recordCount":1,
		"records":[
			{
				"birthYear":1990,
				"createdAt":"2026-05-01 21:18:50",
				"createdBy":0,
				"delFlag":false,
				"email":"admin@staff.local",
				"id":1,
				"isVip":false,
				"lastLoginAt":"2026-05-01 21:45:13.229045",
				"nickname":"超级管理员",
				"passwordHash":"$2a$10$YTUeGZqQ/xrX1d9V26669ubXuH90MthjRxhXxJV5EldtWdFm0WQbS",
				"staffRole":1,
				"stampsBalance":0,
				"status":1,
				"updatedAt":"2026-05-01 21:45:13",
				"updatedBy":0
			}
		],
		"size":50,
		"total":0
	},
	"message":"OK",
	"success":true
} 
cn.nine.commons.data.page.PageData<cn.nine.pros.post.client.model.db.UserDTO>

[2026-05-02 02:33:55.340] [DEBUG] [] [e411c47915ba413c929e0d6d9918697e]: =========================================
[2026-05-02 02:33:55.340] [DEBUG] [] [8cba75f1f5824a16b5b10a43b923d179]: =========================================
[2026-05-02 02:33:55.340] [DEBUG] [] [8cba75f1f5824a16b5b10a43b923d179]: ===>> Output object : 

{
	"alg":"SALT_MD5",
	"code":200,
	"data":{
		"empty":false,
		"page":1,
		"pages":0,
		"recordCount":1,
		"records":[
			{
				"birthYear":1990,
				"createdAt":"2026-05-01 21:18:50",
				"createdBy":0,
				"delFlag":false,
				"email":"admin@staff.local",
				"id":1,
				"isVip":false,
				"lastLoginAt":"2026-05-01 21:45:13.229045",
				"nickname":"超级管理员",
				"passwordHash":"$2a$10$YTUeGZqQ/xrX1d9V26669ubXuH90MthjRxhXxJV5EldtWdFm0WQbS",
				"staffRole":1,
				"stampsBalance":0,
				"status":1,
				"updatedAt":"2026-05-01 21:45:13",
				"updatedBy":0
			}
		],
		"size":50,
		"total":0
	},
	"message":"OK",
	"success":true
} 
cn.nine.commons.data.page.PageData<cn.nine.pros.post.client.model.db.UserDTO>

[2026-05-02 02:33:55.340] [DEBUG] [] [8cba75f1f5824a16b5b10a43b923d179]: =========================================
[2026-05-02 02:33:55.340] [DEBUG] [] [e411c47915ba413c929e0d6d9918697e]: ==> leave RequestContextHolder.
[2026-05-02 02:33:55.340] [DEBUG] [] [e411c47915ba413c929e0d6d9918697e]: ==> leave RequestContextHolder.
[2026-05-02 02:33:55.340] [DEBUG] [] [8cba75f1f5824a16b5b10a43b923d179]: ==> leave RequestContextHolder.
[2026-05-02 02:33:55.340] [DEBUG] [] [8cba75f1f5824a16b5b10a43b923d179]: ==> leave RequestContextHolder.
[2026-05-02 02:33:55.342] [DEBUG] [] []: ==》/webapi/auth/current -> into PreRequestContextFilter.
[2026-05-02 02:33:55.342] [DEBUG] [] [108dd54b4ade43f0a08af7bb48cc00f3]: 地址 /webapi/auth/current 进入过滤器
[2026-05-02 02:33:55.344] [DEBUG] [] [108dd54b4ade43f0a08af7bb48cc00f3]: ==>  Preparing: SELECT id,email,password_hash,nickname,birth_year,country_code,bio,avatar_url,stamps_balance,is_vip,vip_expire_at,status,staff_role,register_ip,last_login_at,created_at,created_by,updated_at,updated_by,del_flag FROM bu_user WHERE id=?
[2026-05-02 02:33:55.344] [DEBUG] [] [108dd54b4ade43f0a08af7bb48cc00f3]: ==> Parameters: 1(Long)
[2026-05-02 02:33:55.344] [DEBUG] [] [108dd54b4ade43f0a08af7bb48cc00f3]: <==      Total: 1
[2026-05-02 02:33:55.344] [DEBUG] [] [108dd54b4ade43f0a08af7bb48cc00f3]: ===> Supports JSON Message Converter : true
[2026-05-02 02:33:55.344] [DEBUG] [] [108dd54b4ade43f0a08af7bb48cc00f3]: Using 'application/json', given [application/json, text/plain, */*] and supported [application/json, application/*+json]
[2026-05-02 02:33:55.344] [DEBUG] [] [108dd54b4ade43f0a08af7bb48cc00f3]: ===> Supports JSON Message Converter : true
[2026-05-02 02:33:55.344] [DEBUG] [] [108dd54b4ade43f0a08af7bb48cc00f3]: Writing [UserDTO(super=AbstractAuditableDTO(createdAt=2026-05-01T21:18:50.206341, createdBy=0, updatedAt=2026 (truncated)...]
[2026-05-02 02:33:55.344] [DEBUG] [] [108dd54b4ade43f0a08af7bb48cc00f3]: =========================================
[2026-05-02 02:33:55.344] [DEBUG] [] [108dd54b4ade43f0a08af7bb48cc00f3]: ===>> Output object : 

{
	"alg":"SALT_MD5",
	"code":200,
	"data":{
		"birthYear":1990,
		"createdAt":"2026-05-01 21:18:50",
		"createdBy":0,
		"delFlag":false,
		"email":"admin@staff.local",
		"id":1,
		"isVip":false,
		"lastLoginAt":"2026-05-01 21:45:13.229045",
		"nickname":"超级管理员",
		"staffRole":1,
		"stampsBalance":0,
		"status":1,
		"updatedAt":"2026-05-01 21:45:13",
		"updatedBy":0
	},
	"message":"OK",
	"success":true
} 
class cn.nine.pros.post.client.model.db.UserDTO

[2026-05-02 02:33:55.345] [DEBUG] [] [108dd54b4ade43f0a08af7bb48cc00f3]: =========================================
[2026-05-02 02:33:55.345] [DEBUG] [] [108dd54b4ade43f0a08af7bb48cc00f3]: ==> leave RequestContextHolder.
[2026-05-02 02:33:55.345] [DEBUG] [] [108dd54b4ade43f0a08af7bb48cc00f3]: ==> leave RequestContextHolder.
[2026-05-02 02:40:21.285] [DEBUG] [] []: ==》/webapi/auth/current -> into PreRequestContextFilter.
[2026-05-02 02:40:21.285] [DEBUG] [] []: ==》/webapi/user/paging -> into PreRequestContextFilter.
[2026-05-02 02:40:21.286] [DEBUG] [] [7c77c6b8f18045268f75bab4d686c94c]: 地址 /webapi/auth/current 进入过滤器
[2026-05-02 02:40:21.286] [DEBUG] [] [d4bf96fd13de4a87a4262db527b8531e]: 地址 /webapi/user/paging 进入过滤器
[2026-05-02 02:40:21.286] [DEBUG] [] []: ==》/webapi/user/paging -> into PreRequestContextFilter.
[2026-05-02 02:40:21.286] [DEBUG] [] [d60eb0da9441429f985bfa1e27d49250]: 地址 /webapi/user/paging 进入过滤器
[2026-05-02 02:40:21.288] [DEBUG] [] [7c77c6b8f18045268f75bab4d686c94c]: ==>  Preparing: SELECT id,email,password_hash,nickname,birth_year,country_code,bio,avatar_url,stamps_balance,is_vip,vip_expire_at,status,staff_role,register_ip,last_login_at,created_at,created_by,updated_at,updated_by,del_flag FROM bu_user WHERE id=?
[2026-05-02 02:40:21.289] [DEBUG] [] [7c77c6b8f18045268f75bab4d686c94c]: ==> Parameters: 1(Long)
[2026-05-02 02:40:21.289] [DEBUG] [] [d60eb0da9441429f985bfa1e27d49250]: ==>  Preparing: SELECT id,email,password_hash,nickname,birth_year,country_code,bio,avatar_url,stamps_balance,is_vip,vip_expire_at,status,staff_role,register_ip,last_login_at,created_at,created_by,updated_at,updated_by,del_flag FROM bu_user WHERE (del_flag = ?) ORDER BY created_at DESC
[2026-05-02 02:40:21.289] [DEBUG] [] [d4bf96fd13de4a87a4262db527b8531e]: ==>  Preparing: SELECT id,email,password_hash,nickname,birth_year,country_code,bio,avatar_url,stamps_balance,is_vip,vip_expire_at,status,staff_role,register_ip,last_login_at,created_at,created_by,updated_at,updated_by,del_flag FROM bu_user WHERE (del_flag = ?) ORDER BY created_at DESC
[2026-05-02 02:40:21.289] [DEBUG] [] [d60eb0da9441429f985bfa1e27d49250]: ==> Parameters: false(Boolean)
[2026-05-02 02:40:21.289] [DEBUG] [] [d4bf96fd13de4a87a4262db527b8531e]: ==> Parameters: false(Boolean)
[2026-05-02 02:40:21.290] [DEBUG] [] [7c77c6b8f18045268f75bab4d686c94c]: <==      Total: 1
[2026-05-02 02:40:21.290] [DEBUG] [] [d4bf96fd13de4a87a4262db527b8531e]: <==      Total: 1
[2026-05-02 02:40:21.290] [DEBUG] [] [7c77c6b8f18045268f75bab4d686c94c]: ===> Supports JSON Message Converter : true
[2026-05-02 02:40:21.290] [DEBUG] [] [7c77c6b8f18045268f75bab4d686c94c]: Using 'application/json', given [application/json, text/plain, */*] and supported [application/json, application/*+json]
[2026-05-02 02:40:21.290] [DEBUG] [] [7c77c6b8f18045268f75bab4d686c94c]: ===> Supports JSON Message Converter : true
[2026-05-02 02:40:21.291] [DEBUG] [] [d4bf96fd13de4a87a4262db527b8531e]: ===> Supports JSON Message Converter : true
[2026-05-02 02:40:21.291] [DEBUG] [] [d4bf96fd13de4a87a4262db527b8531e]: Using 'application/json', given [application/json, text/plain, */*] and supported [application/json, application/*+json]
[2026-05-02 02:40:21.291] [DEBUG] [] [d4bf96fd13de4a87a4262db527b8531e]: ===> Supports JSON Message Converter : true
[2026-05-02 02:40:21.291] [DEBUG] [] [7c77c6b8f18045268f75bab4d686c94c]: Writing [UserDTO(super=AbstractAuditableDTO(createdAt=2026-05-01T21:18:50.206341, createdBy=0, updatedAt=2026 (truncated)...]
[2026-05-02 02:40:21.291] [DEBUG] [] [d4bf96fd13de4a87a4262db527b8531e]: Writing [PageData(total=0, page=1, size=50, pages=0, records=[UserDTO(super=AbstractAuditableDTO(createdAt=20 (truncated)...]
[2026-05-02 02:40:21.291] [DEBUG] [] [7c77c6b8f18045268f75bab4d686c94c]: =========================================
[2026-05-02 02:40:21.291] [DEBUG] [] [7c77c6b8f18045268f75bab4d686c94c]: ===>> Output object : 

{
	"alg":"SALT_MD5",
	"code":200,
	"data":{
		"birthYear":1990,
		"createdAt":"2026-05-01 21:18:50",
		"createdBy":0,
		"delFlag":false,
		"email":"admin@staff.local",
		"id":1,
		"isVip":false,
		"lastLoginAt":"2026-05-01 21:45:13.229045",
		"nickname":"超级管理员",
		"staffRole":1,
		"stampsBalance":0,
		"status":1,
		"updatedAt":"2026-05-01 21:45:13",
		"updatedBy":0
	},
	"message":"OK",
	"success":true
} 
class cn.nine.pros.post.client.model.db.UserDTO

[2026-05-02 02:40:21.291] [DEBUG] [] [7c77c6b8f18045268f75bab4d686c94c]: =========================================
[2026-05-02 02:40:21.291] [DEBUG] [] [d4bf96fd13de4a87a4262db527b8531e]: =========================================
[2026-05-02 02:40:21.291] [DEBUG] [] [d4bf96fd13de4a87a4262db527b8531e]: ===>> Output object : 

{
	"alg":"SALT_MD5",
	"code":200,
	"data":{
		"empty":false,
		"page":1,
		"pages":0,
		"recordCount":1,
		"records":[
			{
				"birthYear":1990,
				"createdAt":"2026-05-01 21:18:50",
				"createdBy":0,
				"delFlag":false,
				"email":"admin@staff.local",
				"id":1,
				"isVip":false,
				"lastLoginAt":"2026-05-01 21:45:13.229045",
				"nickname":"超级管理员",
				"passwordHash":"$2a$10$YTUeGZqQ/xrX1d9V26669ubXuH90MthjRxhXxJV5EldtWdFm0WQbS",
				"staffRole":1,
				"stampsBalance":0,
				"status":1,
				"updatedAt":"2026-05-01 21:45:13",
				"updatedBy":0
			}
		],
		"size":50,
		"total":0
	},
	"message":"OK",
	"success":true
} 
cn.nine.commons.data.page.PageData<cn.nine.pros.post.client.model.db.UserDTO>

[2026-05-02 02:40:21.291] [DEBUG] [] [d4bf96fd13de4a87a4262db527b8531e]: =========================================
[2026-05-02 02:40:21.291] [DEBUG] [] [7c77c6b8f18045268f75bab4d686c94c]: ==> leave RequestContextHolder.
[2026-05-02 02:40:21.291] [DEBUG] [] [d4bf96fd13de4a87a4262db527b8531e]: ==> leave RequestContextHolder.
[2026-05-02 02:40:21.291] [DEBUG] [] [7c77c6b8f18045268f75bab4d686c94c]: ==> leave RequestContextHolder.
[2026-05-02 02:40:21.291] [DEBUG] [] [d4bf96fd13de4a87a4262db527b8531e]: ==> leave RequestContextHolder.
[2026-05-02 02:40:21.295] [DEBUG] [] []: ==》/webapi/auth/current -> into PreRequestContextFilter.
[2026-05-02 02:40:21.295] [DEBUG] [] [d60eb0da9441429f985bfa1e27d49250]: <==      Total: 1
[2026-05-02 02:40:21.295] [DEBUG] [] [58cc4f36a216440fbf03c673a9aac769]: 地址 /webapi/auth/current 进入过滤器
[2026-05-02 02:40:21.295] [DEBUG] [] [d60eb0da9441429f985bfa1e27d49250]: ===> Supports JSON Message Converter : true
[2026-05-02 02:40:21.295] [DEBUG] [] [d60eb0da9441429f985bfa1e27d49250]: Using 'application/json', given [application/json, text/plain, */*] and supported [application/json, application/*+json]
[2026-05-02 02:40:21.295] [DEBUG] [] [d60eb0da9441429f985bfa1e27d49250]: ===> Supports JSON Message Converter : true
[2026-05-02 02:40:21.296] [DEBUG] [] [d60eb0da9441429f985bfa1e27d49250]: Writing [PageData(total=0, page=1, size=50, pages=0, records=[UserDTO(super=AbstractAuditableDTO(createdAt=20 (truncated)...]
[2026-05-02 02:40:21.296] [DEBUG] [] [d60eb0da9441429f985bfa1e27d49250]: =========================================
[2026-05-02 02:40:21.296] [DEBUG] [] [d60eb0da9441429f985bfa1e27d49250]: ===>> Output object : 

{
	"alg":"SALT_MD5",
	"code":200,
	"data":{
		"empty":false,
		"page":1,
		"pages":0,
		"recordCount":1,
		"records":[
			{
				"birthYear":1990,
				"createdAt":"2026-05-01 21:18:50",
				"createdBy":0,
				"delFlag":false,
				"email":"admin@staff.local",
				"id":1,
				"isVip":false,
				"lastLoginAt":"2026-05-01 21:45:13.229045",
				"nickname":"超级管理员",
				"passwordHash":"$2a$10$YTUeGZqQ/xrX1d9V26669ubXuH90MthjRxhXxJV5EldtWdFm0WQbS",
				"staffRole":1,
				"stampsBalance":0,
				"status":1,
				"updatedAt":"2026-05-01 21:45:13",
				"updatedBy":0
			}
		],
		"size":50,
		"total":0
	},
	"message":"OK",
	"success":true
} 
cn.nine.commons.data.page.PageData<cn.nine.pros.post.client.model.db.UserDTO>

[2026-05-02 02:40:21.296] [DEBUG] [] [d60eb0da9441429f985bfa1e27d49250]: =========================================
[2026-05-02 02:40:21.296] [DEBUG] [] [d60eb0da9441429f985bfa1e27d49250]: ==> leave RequestContextHolder.
[2026-05-02 02:40:21.296] [DEBUG] [] [d60eb0da9441429f985bfa1e27d49250]: ==> leave RequestContextHolder.
[2026-05-02 02:40:21.298] [DEBUG] [] [58cc4f36a216440fbf03c673a9aac769]: ==>  Preparing: SELECT id,email,password_hash,nickname,birth_year,country_code,bio,avatar_url,stamps_balance,is_vip,vip_expire_at,status,staff_role,register_ip,last_login_at,created_at,created_by,updated_at,updated_by,del_flag FROM bu_user WHERE id=?
[2026-05-02 02:40:21.298] [DEBUG] [] [58cc4f36a216440fbf03c673a9aac769]: ==> Parameters: 1(Long)
[2026-05-02 02:40:21.300] [DEBUG] [] [58cc4f36a216440fbf03c673a9aac769]: <==      Total: 1
[2026-05-02 02:40:21.301] [DEBUG] [] [58cc4f36a216440fbf03c673a9aac769]: ===> Supports JSON Message Converter : true
[2026-05-02 02:40:21.301] [DEBUG] [] [58cc4f36a216440fbf03c673a9aac769]: Using 'application/json', given [application/json, text/plain, */*] and supported [application/json, application/*+json]
[2026-05-02 02:40:21.301] [DEBUG] [] [58cc4f36a216440fbf03c673a9aac769]: ===> Supports JSON Message Converter : true
[2026-05-02 02:40:21.301] [DEBUG] [] [58cc4f36a216440fbf03c673a9aac769]: Writing [UserDTO(super=AbstractAuditableDTO(createdAt=2026-05-01T21:18:50.206341, createdBy=0, updatedAt=2026 (truncated)...]
[2026-05-02 02:40:21.301] [DEBUG] [] [58cc4f36a216440fbf03c673a9aac769]: =========================================
[2026-05-02 02:40:21.301] [DEBUG] [] [58cc4f36a216440fbf03c673a9aac769]: ===>> Output object : 

{
	"alg":"SALT_MD5",
	"code":200,
	"data":{
		"birthYear":1990,
		"createdAt":"2026-05-01 21:18:50",
		"createdBy":0,
		"delFlag":false,
		"email":"admin@staff.local",
		"id":1,
		"isVip":false,
		"lastLoginAt":"2026-05-01 21:45:13.229045",
		"nickname":"超级管理员",
		"staffRole":1,
		"stampsBalance":0,
		"status":1,
		"updatedAt":"2026-05-01 21:45:13",
		"updatedBy":0
	},
	"message":"OK",
	"success":true
} 
class cn.nine.pros.post.client.model.db.UserDTO

[2026-05-02 02:40:21.301] [DEBUG] [] [58cc4f36a216440fbf03c673a9aac769]: =========================================
[2026-05-02 02:40:21.301] [DEBUG] [] [58cc4f36a216440fbf03c673a9aac769]: ==> leave RequestContextHolder.
[2026-05-02 02:40:21.301] [DEBUG] [] [58cc4f36a216440fbf03c673a9aac769]: ==> leave RequestContextHolder.
[2026-05-02 02:44:55.311] [DEBUG] [] []: ==》/webapi/user/paging -> into PreRequestContextFilter.
[2026-05-02 02:44:55.311] [DEBUG] [] []: ==》/webapi/auth/current -> into PreRequestContextFilter.
[2026-05-02 02:44:55.311] [DEBUG] [] [6a2adda7156e4d579f33e633fbe7e120]: 地址 /webapi/user/paging 进入过滤器
[2026-05-02 02:44:55.311] [DEBUG] [] [f26877d3d7794244abd5f9d3c4eb33d9]: 地址 /webapi/auth/current 进入过滤器
[2026-05-02 02:44:55.313] [DEBUG] [] []: ==》/webapi/user/paging -> into PreRequestContextFilter.
[2026-05-02 02:44:55.313] [DEBUG] [] [c1e499aa5cd1433ba519ad53eeeea6b7]: 地址 /webapi/user/paging 进入过滤器
[2026-05-02 02:44:55.319] [DEBUG] [] [f26877d3d7794244abd5f9d3c4eb33d9]: ==>  Preparing: SELECT id,email,password_hash,nickname,birth_year,country_code,bio,avatar_url,stamps_balance,is_vip,vip_expire_at,status,staff_role,register_ip,last_login_at,created_at,created_by,updated_at,updated_by,del_flag FROM bu_user WHERE id=?
[2026-05-02 02:44:55.319] [DEBUG] [] [f26877d3d7794244abd5f9d3c4eb33d9]: ==> Parameters: 1(Long)
[2026-05-02 02:44:55.320] [DEBUG] [] [c1e499aa5cd1433ba519ad53eeeea6b7]: ==>  Preparing: SELECT id,email,password_hash,nickname,birth_year,country_code,bio,avatar_url,stamps_balance,is_vip,vip_expire_at,status,staff_role,register_ip,last_login_at,created_at,created_by,updated_at,updated_by,del_flag FROM bu_user WHERE (del_flag = ?) ORDER BY created_at DESC
[2026-05-02 02:44:55.320] [DEBUG] [] [c1e499aa5cd1433ba519ad53eeeea6b7]: ==> Parameters: false(Boolean)
[2026-05-02 02:44:55.320] [DEBUG] [] [6a2adda7156e4d579f33e633fbe7e120]: ==>  Preparing: SELECT id,email,password_hash,nickname,birth_year,country_code,bio,avatar_url,stamps_balance,is_vip,vip_expire_at,status,staff_role,register_ip,last_login_at,created_at,created_by,updated_at,updated_by,del_flag FROM bu_user WHERE (del_flag = ?) ORDER BY created_at DESC
[2026-05-02 02:44:55.320] [DEBUG] [] [6a2adda7156e4d579f33e633fbe7e120]: ==> Parameters: false(Boolean)
[2026-05-02 02:44:55.324] [DEBUG] [] [6a2adda7156e4d579f33e633fbe7e120]: <==      Total: 1
[2026-05-02 02:44:55.324] [DEBUG] [] [c1e499aa5cd1433ba519ad53eeeea6b7]: <==      Total: 1
[2026-05-02 02:44:55.324] [DEBUG] [] [f26877d3d7794244abd5f9d3c4eb33d9]: <==      Total: 1
[2026-05-02 02:44:55.325] [DEBUG] [] [f26877d3d7794244abd5f9d3c4eb33d9]: ===> Supports JSON Message Converter : true
[2026-05-02 02:44:55.325] [DEBUG] [] [c1e499aa5cd1433ba519ad53eeeea6b7]: ===> Supports JSON Message Converter : true
[2026-05-02 02:44:55.325] [DEBUG] [] [c1e499aa5cd1433ba519ad53eeeea6b7]: Using 'application/json', given [application/json, text/plain, */*] and supported [application/json, application/*+json]
[2026-05-02 02:44:55.325] [DEBUG] [] [6a2adda7156e4d579f33e633fbe7e120]: ===> Supports JSON Message Converter : true
[2026-05-02 02:44:55.325] [DEBUG] [] [f26877d3d7794244abd5f9d3c4eb33d9]: Using 'application/json', given [application/json, text/plain, */*] and supported [application/json, application/*+json]
[2026-05-02 02:44:55.325] [DEBUG] [] [c1e499aa5cd1433ba519ad53eeeea6b7]: ===> Supports JSON Message Converter : true
[2026-05-02 02:44:55.325] [DEBUG] [] [f26877d3d7794244abd5f9d3c4eb33d9]: ===> Supports JSON Message Converter : true
[2026-05-02 02:44:55.325] [DEBUG] [] [6a2adda7156e4d579f33e633fbe7e120]: Using 'application/json', given [application/json, text/plain, */*] and supported [application/json, application/*+json]
[2026-05-02 02:44:55.325] [DEBUG] [] [f26877d3d7794244abd5f9d3c4eb33d9]: Writing [UserDTO(super=AbstractAuditableDTO(createdAt=2026-05-01T21:18:50.206341, createdBy=0, updatedAt=2026 (truncated)...]
[2026-05-02 02:44:55.325] [DEBUG] [] [6a2adda7156e4d579f33e633fbe7e120]: ===> Supports JSON Message Converter : true
[2026-05-02 02:44:55.325] [DEBUG] [] [f26877d3d7794244abd5f9d3c4eb33d9]: =========================================
[2026-05-02 02:44:55.325] [DEBUG] [] [6a2adda7156e4d579f33e633fbe7e120]: Writing [PageData(total=0, page=1, size=50, pages=0, records=[UserDTO(super=AbstractAuditableDTO(createdAt=20 (truncated)...]
[2026-05-02 02:44:55.325] [DEBUG] [] [c1e499aa5cd1433ba519ad53eeeea6b7]: Writing [PageData(total=0, page=1, size=50, pages=0, records=[UserDTO(super=AbstractAuditableDTO(createdAt=20 (truncated)...]
[2026-05-02 02:44:55.325] [DEBUG] [] [f26877d3d7794244abd5f9d3c4eb33d9]: ===>> Output object : 

{
	"alg":"SALT_MD5",
	"code":200,
	"data":{
		"birthYear":1990,
		"createdAt":"2026-05-01 21:18:50",
		"createdBy":0,
		"delFlag":false,
		"email":"admin@staff.local",
		"id":1,
		"isVip":false,
		"lastLoginAt":"2026-05-01 21:45:13.229045",
		"nickname":"超级管理员",
		"staffRole":1,
		"stampsBalance":0,
		"status":1,
		"updatedAt":"2026-05-01 21:45:13",
		"updatedBy":0
	},
	"message":"OK",
	"success":true
} 
class cn.nine.pros.post.client.model.db.UserDTO

[2026-05-02 02:44:55.325] [DEBUG] [] [f26877d3d7794244abd5f9d3c4eb33d9]: =========================================
[2026-05-02 02:44:55.325] [DEBUG] [] [c1e499aa5cd1433ba519ad53eeeea6b7]: =========================================
[2026-05-02 02:44:55.326] [DEBUG] [] [c1e499aa5cd1433ba519ad53eeeea6b7]: ===>> Output object : 

{
	"alg":"SALT_MD5",
	"code":200,
	"data":{
		"empty":false,
		"page":1,
		"pages":0,
		"recordCount":1,
		"records":[
			{
				"birthYear":1990,
				"createdAt":"2026-05-01 21:18:50",
				"createdBy":0,
				"delFlag":false,
				"email":"admin@staff.local",
				"id":1,
				"isVip":false,
				"lastLoginAt":"2026-05-01 21:45:13.229045",
				"nickname":"超级管理员",
				"passwordHash":"$2a$10$YTUeGZqQ/xrX1d9V26669ubXuH90MthjRxhXxJV5EldtWdFm0WQbS",
				"staffRole":1,
				"stampsBalance":0,
				"status":1,
				"updatedAt":"2026-05-01 21:45:13",
				"updatedBy":0
			}
		],
		"size":50,
		"total":0
	},
	"message":"OK",
	"success":true
} 
cn.nine.commons.data.page.PageData<cn.nine.pros.post.client.model.db.UserDTO>

[2026-05-02 02:44:55.326] [DEBUG] [] [c1e499aa5cd1433ba519ad53eeeea6b7]: =========================================
[2026-05-02 02:44:55.326] [DEBUG] [] [6a2adda7156e4d579f33e633fbe7e120]: =========================================
[2026-05-02 02:44:55.326] [DEBUG] [] [6a2adda7156e4d579f33e633fbe7e120]: ===>> Output object : 

{
	"alg":"SALT_MD5",
	"code":200,
	"data":{
		"empty":false,
		"page":1,
		"pages":0,
		"recordCount":1,
		"records":[
			{
				"birthYear":1990,
				"createdAt":"2026-05-01 21:18:50",
				"createdBy":0,
				"delFlag":false,
				"email":"admin@staff.local",
				"id":1,
				"isVip":false,
				"lastLoginAt":"2026-05-01 21:45:13.229045",
				"nickname":"超级管理员",
				"passwordHash":"$2a$10$YTUeGZqQ/xrX1d9V26669ubXuH90MthjRxhXxJV5EldtWdFm0WQbS",
				"staffRole":1,
				"stampsBalance":0,
				"status":1,
				"updatedAt":"2026-05-01 21:45:13",
				"updatedBy":0
			}
		],
		"size":50,
		"total":0
	},
	"message":"OK",
	"success":true
} 
cn.nine.commons.data.page.PageData<cn.nine.pros.post.client.model.db.UserDTO>

[2026-05-02 02:44:55.326] [DEBUG] [] [6a2adda7156e4d579f33e633fbe7e120]: =========================================
[2026-05-02 02:44:55.327] [DEBUG] [] [6a2adda7156e4d579f33e633fbe7e120]: ==> leave RequestContextHolder.
[2026-05-02 02:44:55.327] [DEBUG] [] [c1e499aa5cd1433ba519ad53eeeea6b7]: ==> leave RequestContextHolder.
[2026-05-02 02:44:55.327] [DEBUG] [] [f26877d3d7794244abd5f9d3c4eb33d9]: ==> leave RequestContextHolder.
[2026-05-02 02:44:55.327] [DEBUG] [] [c1e499aa5cd1433ba519ad53eeeea6b7]: ==> leave RequestContextHolder.
[2026-05-02 02:44:55.327] [DEBUG] [] [f26877d3d7794244abd5f9d3c4eb33d9]: ==> leave RequestContextHolder.
[2026-05-02 02:44:55.327] [DEBUG] [] [6a2adda7156e4d579f33e633fbe7e120]: ==> leave RequestContextHolder.
[2026-05-02 02:44:55.330] [DEBUG] [] []: ==》/webapi/auth/current -> into PreRequestContextFilter.
[2026-05-02 02:44:55.331] [DEBUG] [] [2e35af14ae8c4ff5af3670a57fc7fc17]: 地址 /webapi/auth/current 进入过滤器
[2026-05-02 02:44:55.333] [DEBUG] [] [2e35af14ae8c4ff5af3670a57fc7fc17]: ==>  Preparing: SELECT id,email,password_hash,nickname,birth_year,country_code,bio,avatar_url,stamps_balance,is_vip,vip_expire_at,status,staff_role,register_ip,last_login_at,created_at,created_by,updated_at,updated_by,del_flag FROM bu_user WHERE id=?
[2026-05-02 02:44:55.333] [DEBUG] [] [2e35af14ae8c4ff5af3670a57fc7fc17]: ==> Parameters: 1(Long)
[2026-05-02 02:44:55.333] [DEBUG] [] [2e35af14ae8c4ff5af3670a57fc7fc17]: <==      Total: 1
[2026-05-02 02:44:55.333] [DEBUG] [] [2e35af14ae8c4ff5af3670a57fc7fc17]: ===> Supports JSON Message Converter : true
[2026-05-02 02:44:55.333] [DEBUG] [] [2e35af14ae8c4ff5af3670a57fc7fc17]: Using 'application/json', given [application/json, text/plain, */*] and supported [application/json, application/*+json]
[2026-05-02 02:44:55.333] [DEBUG] [] [2e35af14ae8c4ff5af3670a57fc7fc17]: ===> Supports JSON Message Converter : true
[2026-05-02 02:44:55.333] [DEBUG] [] [2e35af14ae8c4ff5af3670a57fc7fc17]: Writing [UserDTO(super=AbstractAuditableDTO(createdAt=2026-05-01T21:18:50.206341, createdBy=0, updatedAt=2026 (truncated)...]
[2026-05-02 02:44:55.333] [DEBUG] [] [2e35af14ae8c4ff5af3670a57fc7fc17]: =========================================
[2026-05-02 02:44:55.333] [DEBUG] [] [2e35af14ae8c4ff5af3670a57fc7fc17]: ===>> Output object : 

{
	"alg":"SALT_MD5",
	"code":200,
	"data":{
		"birthYear":1990,
		"createdAt":"2026-05-01 21:18:50",
		"createdBy":0,
		"delFlag":false,
		"email":"admin@staff.local",
		"id":1,
		"isVip":false,
		"lastLoginAt":"2026-05-01 21:45:13.229045",
		"nickname":"超级管理员",
		"staffRole":1,
		"stampsBalance":0,
		"status":1,
		"updatedAt":"2026-05-01 21:45:13",
		"updatedBy":0
	},
	"message":"OK",
	"success":true
} 
class cn.nine.pros.post.client.model.db.UserDTO

[2026-05-02 02:44:55.333] [DEBUG] [] [2e35af14ae8c4ff5af3670a57fc7fc17]: =========================================
[2026-05-02 02:44:55.333] [DEBUG] [] [2e35af14ae8c4ff5af3670a57fc7fc17]: ==> leave RequestContextHolder.
[2026-05-02 02:44:55.334] [DEBUG] [] [2e35af14ae8c4ff5af3670a57fc7fc17]: ==> leave RequestContextHolder.
[2026-05-02 02:50:21.327] [DEBUG] [] []: ==》/webapi/user/paging -> into PreRequestContextFilter.
[2026-05-02 02:50:21.327] [DEBUG] [] [cceb5dc07ab34942b70b29a5c05946da]: 地址 /webapi/user/paging 进入过滤器
[2026-05-02 02:50:21.327] [DEBUG] [] []: ==》/webapi/auth/current -> into PreRequestContextFilter.
[2026-05-02 02:50:21.327] [DEBUG] [] []: ==》/webapi/user/paging -> into PreRequestContextFilter.
[2026-05-02 02:50:21.328] [DEBUG] [] [0957a0fbeeab45a995cdf8ad52cdecfa]: 地址 /webapi/auth/current 进入过滤器
[2026-05-02 02:50:21.328] [DEBUG] [] [6be60604a99a4d8ba3fa4385abe0735c]: 地址 /webapi/user/paging 进入过滤器
[2026-05-02 02:50:21.333] [DEBUG] [] [0957a0fbeeab45a995cdf8ad52cdecfa]: ==>  Preparing: SELECT id,email,password_hash,nickname,birth_year,country_code,bio,avatar_url,stamps_balance,is_vip,vip_expire_at,status,staff_role,register_ip,last_login_at,created_at,created_by,updated_at,updated_by,del_flag FROM bu_user WHERE id=?
[2026-05-02 02:50:21.333] [DEBUG] [] [0957a0fbeeab45a995cdf8ad52cdecfa]: ==> Parameters: 1(Long)
[2026-05-02 02:50:21.334] [DEBUG] [] [cceb5dc07ab34942b70b29a5c05946da]: ==>  Preparing: SELECT id,email,password_hash,nickname,birth_year,country_code,bio,avatar_url,stamps_balance,is_vip,vip_expire_at,status,staff_role,register_ip,last_login_at,created_at,created_by,updated_at,updated_by,del_flag FROM bu_user WHERE (del_flag = ?) ORDER BY created_at DESC
[2026-05-02 02:50:21.334] [DEBUG] [] [cceb5dc07ab34942b70b29a5c05946da]: ==> Parameters: false(Boolean)
[2026-05-02 02:50:21.334] [DEBUG] [] [6be60604a99a4d8ba3fa4385abe0735c]: ==>  Preparing: SELECT id,email,password_hash,nickname,birth_year,country_code,bio,avatar_url,stamps_balance,is_vip,vip_expire_at,status,staff_role,register_ip,last_login_at,created_at,created_by,updated_at,updated_by,del_flag FROM bu_user WHERE (del_flag = ?) ORDER BY created_at DESC
[2026-05-02 02:50:21.334] [DEBUG] [] [6be60604a99a4d8ba3fa4385abe0735c]: ==> Parameters: false(Boolean)
[2026-05-02 02:50:21.334] [DEBUG] [] [0957a0fbeeab45a995cdf8ad52cdecfa]: <==      Total: 1
[2026-05-02 02:50:21.334] [DEBUG] [] [0957a0fbeeab45a995cdf8ad52cdecfa]: ===> Supports JSON Message Converter : true
[2026-05-02 02:50:21.334] [DEBUG] [] [0957a0fbeeab45a995cdf8ad52cdecfa]: Using 'application/json', given [application/json, text/plain, */*] and supported [application/json, application/*+json]
[2026-05-02 02:50:21.334] [DEBUG] [] [0957a0fbeeab45a995cdf8ad52cdecfa]: ===> Supports JSON Message Converter : true
[2026-05-02 02:50:21.334] [DEBUG] [] [0957a0fbeeab45a995cdf8ad52cdecfa]: Writing [UserDTO(super=AbstractAuditableDTO(createdAt=2026-05-01T21:18:50.206341, createdBy=0, updatedAt=2026 (truncated)...]
[2026-05-02 02:50:21.334] [DEBUG] [] [0957a0fbeeab45a995cdf8ad52cdecfa]: =========================================
[2026-05-02 02:50:21.334] [DEBUG] [] [0957a0fbeeab45a995cdf8ad52cdecfa]: ===>> Output object : 

{
	"alg":"SALT_MD5",
	"code":200,
	"data":{
		"birthYear":1990,
		"createdAt":"2026-05-01 21:18:50",
		"createdBy":0,
		"delFlag":false,
		"email":"admin@staff.local",
		"id":1,
		"isVip":false,
		"lastLoginAt":"2026-05-01 21:45:13.229045",
		"nickname":"超级管理员",
		"staffRole":1,
		"stampsBalance":0,
		"status":1,
		"updatedAt":"2026-05-01 21:45:13",
		"updatedBy":0
	},
	"message":"OK",
	"success":true
} 
class cn.nine.pros.post.client.model.db.UserDTO

[2026-05-02 02:50:21.334] [DEBUG] [] [0957a0fbeeab45a995cdf8ad52cdecfa]: =========================================
[2026-05-02 02:50:21.334] [DEBUG] [] [6be60604a99a4d8ba3fa4385abe0735c]: <==      Total: 1
[2026-05-02 02:50:21.334] [DEBUG] [] [cceb5dc07ab34942b70b29a5c05946da]: <==      Total: 1
[2026-05-02 02:50:21.335] [DEBUG] [] [cceb5dc07ab34942b70b29a5c05946da]: ===> Supports JSON Message Converter : true
[2026-05-02 02:50:21.335] [DEBUG] [] [6be60604a99a4d8ba3fa4385abe0735c]: ===> Supports JSON Message Converter : true
[2026-05-02 02:50:21.335] [DEBUG] [] [cceb5dc07ab34942b70b29a5c05946da]: Using 'application/json', given [application/json, text/plain, */*] and supported [application/json, application/*+json]
[2026-05-02 02:50:21.335] [DEBUG] [] [6be60604a99a4d8ba3fa4385abe0735c]: Using 'application/json', given [application/json, text/plain, */*] and supported [application/json, application/*+json]
[2026-05-02 02:50:21.335] [DEBUG] [] [cceb5dc07ab34942b70b29a5c05946da]: ===> Supports JSON Message Converter : true
[2026-05-02 02:50:21.335] [DEBUG] [] [6be60604a99a4d8ba3fa4385abe0735c]: ===> Supports JSON Message Converter : true
[2026-05-02 02:50:21.335] [DEBUG] [] [cceb5dc07ab34942b70b29a5c05946da]: Writing [PageData(total=0, page=1, size=50, pages=0, records=[UserDTO(super=AbstractAuditableDTO(createdAt=20 (truncated)...]
[2026-05-02 02:50:21.335] [DEBUG] [] [6be60604a99a4d8ba3fa4385abe0735c]: Writing [PageData(total=0, page=1, size=50, pages=0, records=[UserDTO(super=AbstractAuditableDTO(createdAt=20 (truncated)...]
[2026-05-02 02:50:21.335] [DEBUG] [] [cceb5dc07ab34942b70b29a5c05946da]: =========================================
[2026-05-02 02:50:21.335] [DEBUG] [] [0957a0fbeeab45a995cdf8ad52cdecfa]: ==> leave RequestContextHolder.
[2026-05-02 02:50:21.335] [DEBUG] [] [0957a0fbeeab45a995cdf8ad52cdecfa]: ==> leave RequestContextHolder.
[2026-05-02 02:50:21.335] [DEBUG] [] [cceb5dc07ab34942b70b29a5c05946da]: ===>> Output object : 

{
	"alg":"SALT_MD5",
	"code":200,
	"data":{
		"empty":false,
		"page":1,
		"pages":0,
		"recordCount":1,
		"records":[
			{
				"birthYear":1990,
				"createdAt":"2026-05-01 21:18:50",
				"createdBy":0,
				"delFlag":false,
				"email":"admin@staff.local",
				"id":1,
				"isVip":false,
				"lastLoginAt":"2026-05-01 21:45:13.229045",
				"nickname":"超级管理员",
				"passwordHash":"$2a$10$YTUeGZqQ/xrX1d9V26669ubXuH90MthjRxhXxJV5EldtWdFm0WQbS",
				"staffRole":1,
				"stampsBalance":0,
				"status":1,
				"updatedAt":"2026-05-01 21:45:13",
				"updatedBy":0
			}
		],
		"size":50,
		"total":0
	},
	"message":"OK",
	"success":true
} 
cn.nine.commons.data.page.PageData<cn.nine.pros.post.client.model.db.UserDTO>

[2026-05-02 02:50:21.335] [DEBUG] [] [cceb5dc07ab34942b70b29a5c05946da]: =========================================
[2026-05-02 02:50:21.335] [DEBUG] [] [6be60604a99a4d8ba3fa4385abe0735c]: =========================================
[2026-05-02 02:50:21.335] [DEBUG] [] [6be60604a99a4d8ba3fa4385abe0735c]: ===>> Output object : 

{
	"alg":"SALT_MD5",
	"code":200,
	"data":{
		"empty":false,
		"page":1,
		"pages":0,
		"recordCount":1,
		"records":[
			{
				"birthYear":1990,
				"createdAt":"2026-05-01 21:18:50",
				"createdBy":0,
				"delFlag":false,
				"email":"admin@staff.local",
				"id":1,
				"isVip":false,
				"lastLoginAt":"2026-05-01 21:45:13.229045",
				"nickname":"超级管理员",
				"passwordHash":"$2a$10$YTUeGZqQ/xrX1d9V26669ubXuH90MthjRxhXxJV5EldtWdFm0WQbS",
				"staffRole":1,
				"stampsBalance":0,
				"status":1,
				"updatedAt":"2026-05-01 21:45:13",
				"updatedBy":0
			}
		],
		"size":50,
		"total":0
	},
	"message":"OK",
	"success":true
} 
cn.nine.commons.data.page.PageData<cn.nine.pros.post.client.model.db.UserDTO>

[2026-05-02 02:50:21.335] [DEBUG] [] [6be60604a99a4d8ba3fa4385abe0735c]: =========================================
[2026-05-02 02:50:21.335] [DEBUG] [] [cceb5dc07ab34942b70b29a5c05946da]: ==> leave RequestContextHolder.
[2026-05-02 02:50:21.335] [DEBUG] [] [cceb5dc07ab34942b70b29a5c05946da]: ==> leave RequestContextHolder.
[2026-05-02 02:50:21.335] [DEBUG] [] [6be60604a99a4d8ba3fa4385abe0735c]: ==> leave RequestContextHolder.
[2026-05-02 02:50:21.335] [DEBUG] [] [6be60604a99a4d8ba3fa4385abe0735c]: ==> leave RequestContextHolder.
[2026-05-02 02:50:21.337] [DEBUG] [] []: ==》/webapi/auth/current -> into PreRequestContextFilter.
[2026-05-02 02:50:21.337] [DEBUG] [] [ccfd2aca594049f3a913a33663bb3aa7]: 地址 /webapi/auth/current 进入过滤器
[2026-05-02 02:50:21.338] [DEBUG] [] [ccfd2aca594049f3a913a33663bb3aa7]: ==>  Preparing: SELECT id,email,password_hash,nickname,birth_year,country_code,bio,avatar_url,stamps_balance,is_vip,vip_expire_at,status,staff_role,register_ip,last_login_at,created_at,created_by,updated_at,updated_by,del_flag FROM bu_user WHERE id=?
[2026-05-02 02:50:21.338] [DEBUG] [] [ccfd2aca594049f3a913a33663bb3aa7]: ==> Parameters: 1(Long)
[2026-05-02 02:50:21.339] [DEBUG] [] [ccfd2aca594049f3a913a33663bb3aa7]: <==      Total: 1
[2026-05-02 02:50:21.339] [DEBUG] [] [ccfd2aca594049f3a913a33663bb3aa7]: ===> Supports JSON Message Converter : true
[2026-05-02 02:50:21.339] [DEBUG] [] [ccfd2aca594049f3a913a33663bb3aa7]: Using 'application/json', given [application/json, text/plain, */*] and supported [application/json, application/*+json]
[2026-05-02 02:50:21.339] [DEBUG] [] [ccfd2aca594049f3a913a33663bb3aa7]: ===> Supports JSON Message Converter : true
[2026-05-02 02:50:21.339] [DEBUG] [] [ccfd2aca594049f3a913a33663bb3aa7]: Writing [UserDTO(super=AbstractAuditableDTO(createdAt=2026-05-01T21:18:50.206341, createdBy=0, updatedAt=2026 (truncated)...]
[2026-05-02 02:50:21.339] [DEBUG] [] [ccfd2aca594049f3a913a33663bb3aa7]: =========================================
[2026-05-02 02:50:21.339] [DEBUG] [] [ccfd2aca594049f3a913a33663bb3aa7]: ===>> Output object : 

{
	"alg":"SALT_MD5",
	"code":200,
	"data":{
		"birthYear":1990,
		"createdAt":"2026-05-01 21:18:50",
		"createdBy":0,
		"delFlag":false,
		"email":"admin@staff.local",
		"id":1,
		"isVip":false,
		"lastLoginAt":"2026-05-01 21:45:13.229045",
		"nickname":"超级管理员",
		"staffRole":1,
		"stampsBalance":0,
		"status":1,
		"updatedAt":"2026-05-01 21:45:13",
		"updatedBy":0
	},
	"message":"OK",
	"success":true
} 
class cn.nine.pros.post.client.model.db.UserDTO

[2026-05-02 02:50:21.339] [DEBUG] [] [ccfd2aca594049f3a913a33663bb3aa7]: =========================================
[2026-05-02 02:50:21.339] [DEBUG] [] [ccfd2aca594049f3a913a33663bb3aa7]: ==> leave RequestContextHolder.
[2026-05-02 02:50:21.339] [DEBUG] [] [ccfd2aca594049f3a913a33663bb3aa7]: ==> leave RequestContextHolder.
[2026-05-02 02:54:55.294] [DEBUG] [] []: ==》/webapi/user/paging -> into PreRequestContextFilter.
[2026-05-02 02:54:55.294] [DEBUG] [] [65df9e339b234a2f8e5d40f66a0b651e]: 地址 /webapi/user/paging 进入过滤器
[2026-05-02 02:54:55.297] [DEBUG] [] [65df9e339b234a2f8e5d40f66a0b651e]: ==>  Preparing: SELECT id,email,password_hash,nickname,birth_year,country_code,bio,avatar_url,stamps_balance,is_vip,vip_expire_at,status,staff_role,register_ip,last_login_at,created_at,created_by,updated_at,updated_by,del_flag FROM bu_user WHERE (del_flag = ?) ORDER BY created_at DESC
[2026-05-02 02:54:55.297] [DEBUG] [] [65df9e339b234a2f8e5d40f66a0b651e]: ==> Parameters: false(Boolean)
[2026-05-02 02:54:55.297] [DEBUG] [] [65df9e339b234a2f8e5d40f66a0b651e]: <==      Total: 1
[2026-05-02 02:54:55.298] [DEBUG] [] [65df9e339b234a2f8e5d40f66a0b651e]: ===> Supports JSON Message Converter : true
[2026-05-02 02:54:55.298] [DEBUG] [] [65df9e339b234a2f8e5d40f66a0b651e]: Using 'application/json', given [application/json, text/plain, */*] and supported [application/json, application/*+json]
[2026-05-02 02:54:55.298] [DEBUG] [] [65df9e339b234a2f8e5d40f66a0b651e]: ===> Supports JSON Message Converter : true
[2026-05-02 02:54:55.298] [DEBUG] [] [65df9e339b234a2f8e5d40f66a0b651e]: Writing [PageData(total=0, page=1, size=50, pages=0, records=[UserDTO(super=AbstractAuditableDTO(createdAt=20 (truncated)...]
[2026-05-02 02:54:55.298] [DEBUG] [] [65df9e339b234a2f8e5d40f66a0b651e]: =========================================
[2026-05-02 02:54:55.298] [DEBUG] [] [65df9e339b234a2f8e5d40f66a0b651e]: ===>> Output object : 

{
	"alg":"SALT_MD5",
	"code":200,
	"data":{
		"empty":false,
		"page":1,
		"pages":0,
		"recordCount":1,
		"records":[
			{
				"birthYear":1990,
				"createdAt":"2026-05-01 21:18:50",
				"createdBy":0,
				"delFlag":false,
				"email":"admin@staff.local",
				"id":1,
				"isVip":false,
				"lastLoginAt":"2026-05-01 21:45:13.229045",
				"nickname":"超级管理员",
				"passwordHash":"$2a$10$YTUeGZqQ/xrX1d9V26669ubXuH90MthjRxhXxJV5EldtWdFm0WQbS",
				"staffRole":1,
				"stampsBalance":0,
				"status":1,
				"updatedAt":"2026-05-01 21:45:13",
				"updatedBy":0
			}
		],
		"size":50,
		"total":0
	},
	"message":"OK",
	"success":true
} 
cn.nine.commons.data.page.PageData<cn.nine.pros.post.client.model.db.UserDTO>

[2026-05-02 02:54:55.298] [DEBUG] [] [65df9e339b234a2f8e5d40f66a0b651e]: =========================================
[2026-05-02 02:54:55.298] [DEBUG] [] [65df9e339b234a2f8e5d40f66a0b651e]: ==> leave RequestContextHolder.
[2026-05-02 02:54:55.298] [DEBUG] [] [65df9e339b234a2f8e5d40f66a0b651e]: ==> leave RequestContextHolder.
[2026-05-02 02:54:55.318] [DEBUG] [] []: ==》/webapi/user/paging -> into PreRequestContextFilter.
[2026-05-02 02:54:55.318] [DEBUG] [] [8ddc37a92ad1492cb0a835fd8328740e]: 地址 /webapi/user/paging 进入过滤器
[2026-05-02 02:54:55.318] [DEBUG] [] []: ==》/webapi/auth/current -> into PreRequestContextFilter.
[2026-05-02 02:54:55.318] [DEBUG] [] [d34f4e740ddf403693b8dd3a39d157d7]: 地址 /webapi/auth/current 进入过滤器
[2026-05-02 02:54:55.320] [DEBUG] [] [d34f4e740ddf403693b8dd3a39d157d7]: ==>  Preparing: SELECT id,email,password_hash,nickname,birth_year,country_code,bio,avatar_url,stamps_balance,is_vip,vip_expire_at,status,staff_role,register_ip,last_login_at,created_at,created_by,updated_at,updated_by,del_flag FROM bu_user WHERE id=?
[2026-05-02 02:54:55.320] [DEBUG] [] [d34f4e740ddf403693b8dd3a39d157d7]: ==> Parameters: 1(Long)
[2026-05-02 02:54:55.320] [DEBUG] [] [8ddc37a92ad1492cb0a835fd8328740e]: ==>  Preparing: SELECT id,email,password_hash,nickname,birth_year,country_code,bio,avatar_url,stamps_balance,is_vip,vip_expire_at,status,staff_role,register_ip,last_login_at,created_at,created_by,updated_at,updated_by,del_flag FROM bu_user WHERE (del_flag = ?) ORDER BY created_at DESC
[2026-05-02 02:54:55.320] [DEBUG] [] [8ddc37a92ad1492cb0a835fd8328740e]: ==> Parameters: false(Boolean)
[2026-05-02 02:54:55.321] [DEBUG] [] [d34f4e740ddf403693b8dd3a39d157d7]: <==      Total: 1
[2026-05-02 02:54:55.321] [DEBUG] [] [d34f4e740ddf403693b8dd3a39d157d7]: ===> Supports JSON Message Converter : true
[2026-05-02 02:54:55.321] [DEBUG] [] [d34f4e740ddf403693b8dd3a39d157d7]: Using 'application/json', given [application/json, text/plain, */*] and supported [application/json, application/*+json]
[2026-05-02 02:54:55.321] [DEBUG] [] [d34f4e740ddf403693b8dd3a39d157d7]: ===> Supports JSON Message Converter : true
[2026-05-02 02:54:55.321] [DEBUG] [] [8ddc37a92ad1492cb0a835fd8328740e]: <==      Total: 1
[2026-05-02 02:54:55.321] [DEBUG] [] [d34f4e740ddf403693b8dd3a39d157d7]: Writing [UserDTO(super=AbstractAuditableDTO(createdAt=2026-05-01T21:18:50.206341, createdBy=0, updatedAt=2026 (truncated)...]
[2026-05-02 02:54:55.321] [DEBUG] [] [d34f4e740ddf403693b8dd3a39d157d7]: =========================================
[2026-05-02 02:54:55.321] [DEBUG] [] [d34f4e740ddf403693b8dd3a39d157d7]: ===>> Output object : 

{
	"alg":"SALT_MD5",
	"code":200,
	"data":{
		"birthYear":1990,
		"createdAt":"2026-05-01 21:18:50",
		"createdBy":0,
		"delFlag":false,
		"email":"admin@staff.local",
		"id":1,
		"isVip":false,
		"lastLoginAt":"2026-05-01 21:45:13.229045",
		"nickname":"超级管理员",
		"staffRole":1,
		"stampsBalance":0,
		"status":1,
		"updatedAt":"2026-05-01 21:45:13",
		"updatedBy":0
	},
	"message":"OK",
	"success":true
} 
class cn.nine.pros.post.client.model.db.UserDTO

[2026-05-02 02:54:55.321] [DEBUG] [] [d34f4e740ddf403693b8dd3a39d157d7]: =========================================
[2026-05-02 02:54:55.321] [DEBUG] [] [8ddc37a92ad1492cb0a835fd8328740e]: ===> Supports JSON Message Converter : true
[2026-05-02 02:54:55.321] [DEBUG] [] [8ddc37a92ad1492cb0a835fd8328740e]: Using 'application/json', given [application/json, text/plain, */*] and supported [application/json, application/*+json]
[2026-05-02 02:54:55.321] [DEBUG] [] [8ddc37a92ad1492cb0a835fd8328740e]: ===> Supports JSON Message Converter : true
[2026-05-02 02:54:55.321] [DEBUG] [] [8ddc37a92ad1492cb0a835fd8328740e]: Writing [PageData(total=0, page=1, size=50, pages=0, records=[UserDTO(super=AbstractAuditableDTO(createdAt=20 (truncated)...]
[2026-05-02 02:54:55.321] [DEBUG] [] [8ddc37a92ad1492cb0a835fd8328740e]: =========================================
[2026-05-02 02:54:55.321] [DEBUG] [] [8ddc37a92ad1492cb0a835fd8328740e]: ===>> Output object : 

{
	"alg":"SALT_MD5",
	"code":200,
	"data":{
		"empty":false,
		"page":1,
		"pages":0,
		"recordCount":1,
		"records":[
			{
				"birthYear":1990,
				"createdAt":"2026-05-01 21:18:50",
				"createdBy":0,
				"delFlag":false,
				"email":"admin@staff.local",
				"id":1,
				"isVip":false,
				"lastLoginAt":"2026-05-01 21:45:13.229045",
				"nickname":"超级管理员",
				"passwordHash":"$2a$10$YTUeGZqQ/xrX1d9V26669ubXuH90MthjRxhXxJV5EldtWdFm0WQbS",
				"staffRole":1,
				"stampsBalance":0,
				"status":1,
				"updatedAt":"2026-05-01 21:45:13",
				"updatedBy":0
			}
		],
		"size":50,
		"total":0
	},
	"message":"OK",
	"success":true
} 
cn.nine.commons.data.page.PageData<cn.nine.pros.post.client.model.db.UserDTO>

[2026-05-02 02:54:55.321] [DEBUG] [] [d34f4e740ddf403693b8dd3a39d157d7]: ==> leave RequestContextHolder.
[2026-05-02 02:54:55.321] [DEBUG] [] [8ddc37a92ad1492cb0a835fd8328740e]: =========================================
[2026-05-02 02:54:55.321] [DEBUG] [] [d34f4e740ddf403693b8dd3a39d157d7]: ==> leave RequestContextHolder.
[2026-05-02 02:54:55.322] [DEBUG] [] [8ddc37a92ad1492cb0a835fd8328740e]: ==> leave RequestContextHolder.
[2026-05-02 02:54:55.322] [DEBUG] [] [8ddc37a92ad1492cb0a835fd8328740e]: ==> leave RequestContextHolder.
[2026-05-02 02:54:55.323] [DEBUG] [] []: ==》/webapi/auth/current -> into PreRequestContextFilter.
[2026-05-02 02:54:55.324] [DEBUG] [] [76de6766e91149088595f3d683306ea7]: 地址 /webapi/auth/current 进入过滤器
[2026-05-02 02:54:55.325] [DEBUG] [] [76de6766e91149088595f3d683306ea7]: ==>  Preparing: SELECT id,email,password_hash,nickname,birth_year,country_code,bio,avatar_url,stamps_balance,is_vip,vip_expire_at,status,staff_role,register_ip,last_login_at,created_at,created_by,updated_at,updated_by,del_flag FROM bu_user WHERE id=?
[2026-05-02 02:54:55.325] [DEBUG] [] [76de6766e91149088595f3d683306ea7]: ==> Parameters: 1(Long)
[2026-05-02 02:54:55.326] [DEBUG] [] [76de6766e91149088595f3d683306ea7]: <==      Total: 1
[2026-05-02 02:54:55.326] [DEBUG] [] [76de6766e91149088595f3d683306ea7]: ===> Supports JSON Message Converter : true
[2026-05-02 02:54:55.326] [DEBUG] [] [76de6766e91149088595f3d683306ea7]: Using 'application/json', given [application/json, text/plain, */*] and supported [application/json, application/*+json]
[2026-05-02 02:54:55.326] [DEBUG] [] [76de6766e91149088595f3d683306ea7]: ===> Supports JSON Message Converter : true
[2026-05-02 02:54:55.326] [DEBUG] [] [76de6766e91149088595f3d683306ea7]: Writing [UserDTO(super=AbstractAuditableDTO(createdAt=2026-05-01T21:18:50.206341, createdBy=0, updatedAt=2026 (truncated)...]
[2026-05-02 02:54:55.326] [DEBUG] [] [76de6766e91149088595f3d683306ea7]: =========================================
[2026-05-02 02:54:55.327] [DEBUG] [] [76de6766e91149088595f3d683306ea7]: ===>> Output object : 

{
	"alg":"SALT_MD5",
	"code":200,
	"data":{
		"birthYear":1990,
		"createdAt":"2026-05-01 21:18:50",
		"createdBy":0,
		"delFlag":false,
		"email":"admin@staff.local",
		"id":1,
		"isVip":false,
		"lastLoginAt":"2026-05-01 21:45:13.229045",
		"nickname":"超级管理员",
		"staffRole":1,
		"stampsBalance":0,
		"status":1,
		"updatedAt":"2026-05-01 21:45:13",
		"updatedBy":0
	},
	"message":"OK",
	"success":true
} 
class cn.nine.pros.post.client.model.db.UserDTO

[2026-05-02 02:54:55.327] [DEBUG] [] [76de6766e91149088595f3d683306ea7]: =========================================
[2026-05-02 02:54:55.327] [DEBUG] [] [76de6766e91149088595f3d683306ea7]: ==> leave RequestContextHolder.
[2026-05-02 02:54:55.327] [DEBUG] [] [76de6766e91149088595f3d683306ea7]: ==> leave RequestContextHolder.
[2026-05-02 03:00:21.304] [DEBUG] [] []: ==》/webapi/user/paging -> into PreRequestContextFilter.
[2026-05-02 03:00:21.304] [DEBUG] [] [7c433d29f7f848828a57be9e66c3debe]: 地址 /webapi/user/paging 进入过滤器
[2026-05-02 03:00:21.304] [DEBUG] [] []: ==》/webapi/user/paging -> into PreRequestContextFilter.
[2026-05-02 03:00:21.304] [DEBUG] [] []: ==》/webapi/auth/current -> into PreRequestContextFilter.
[2026-05-02 03:00:21.304] [DEBUG] [] [930fdd0e52064973a54aed99c435fe0f]: 地址 /webapi/user/paging 进入过滤器
[2026-05-02 03:00:21.304] [DEBUG] [] [53090336f79f4306a85840e4bf283a5f]: 地址 /webapi/auth/current 进入过滤器
[2026-05-02 03:00:21.312] [DEBUG] [] [53090336f79f4306a85840e4bf283a5f]: ==>  Preparing: SELECT id,email,password_hash,nickname,birth_year,country_code,bio,avatar_url,stamps_balance,is_vip,vip_expire_at,status,staff_role,register_ip,last_login_at,created_at,created_by,updated_at,updated_by,del_flag FROM bu_user WHERE id=?
[2026-05-02 03:00:21.313] [DEBUG] [] [53090336f79f4306a85840e4bf283a5f]: ==> Parameters: 1(Long)
[2026-05-02 03:00:21.313] [DEBUG] [] [930fdd0e52064973a54aed99c435fe0f]: ==>  Preparing: SELECT id,email,password_hash,nickname,birth_year,country_code,bio,avatar_url,stamps_balance,is_vip,vip_expire_at,status,staff_role,register_ip,last_login_at,created_at,created_by,updated_at,updated_by,del_flag FROM bu_user WHERE (del_flag = ?) ORDER BY created_at DESC
[2026-05-02 03:00:21.313] [DEBUG] [] [930fdd0e52064973a54aed99c435fe0f]: ==> Parameters: false(Boolean)
[2026-05-02 03:00:21.313] [DEBUG] [] [7c433d29f7f848828a57be9e66c3debe]: ==>  Preparing: SELECT id,email,password_hash,nickname,birth_year,country_code,bio,avatar_url,stamps_balance,is_vip,vip_expire_at,status,staff_role,register_ip,last_login_at,created_at,created_by,updated_at,updated_by,del_flag FROM bu_user WHERE (del_flag = ?) ORDER BY created_at DESC
[2026-05-02 03:00:21.314] [DEBUG] [] [53090336f79f4306a85840e4bf283a5f]: <==      Total: 1
[2026-05-02 03:00:21.314] [DEBUG] [] [7c433d29f7f848828a57be9e66c3debe]: ==> Parameters: false(Boolean)
[2026-05-02 03:00:21.314] [DEBUG] [] [930fdd0e52064973a54aed99c435fe0f]: <==      Total: 1
[2026-05-02 03:00:21.314] [DEBUG] [] [53090336f79f4306a85840e4bf283a5f]: ===> Supports JSON Message Converter : true
[2026-05-02 03:00:21.314] [DEBUG] [] [53090336f79f4306a85840e4bf283a5f]: Using 'application/json', given [application/json, text/plain, */*] and supported [application/json, application/*+json]
[2026-05-02 03:00:21.314] [DEBUG] [] [930fdd0e52064973a54aed99c435fe0f]: ===> Supports JSON Message Converter : true
[2026-05-02 03:00:21.314] [DEBUG] [] [53090336f79f4306a85840e4bf283a5f]: ===> Supports JSON Message Converter : true
[2026-05-02 03:00:21.314] [DEBUG] [] [930fdd0e52064973a54aed99c435fe0f]: Using 'application/json', given [application/json, text/plain, */*] and supported [application/json, application/*+json]
[2026-05-02 03:00:21.314] [DEBUG] [] [930fdd0e52064973a54aed99c435fe0f]: ===> Supports JSON Message Converter : true
[2026-05-02 03:00:21.314] [DEBUG] [] [53090336f79f4306a85840e4bf283a5f]: Writing [UserDTO(super=AbstractAuditableDTO(createdAt=2026-05-01T21:18:50.206341, createdBy=0, updatedAt=2026 (truncated)...]
[2026-05-02 03:00:21.314] [DEBUG] [] [930fdd0e52064973a54aed99c435fe0f]: Writing [PageData(total=0, page=1, size=50, pages=0, records=[UserDTO(super=AbstractAuditableDTO(createdAt=20 (truncated)...]
[2026-05-02 03:00:21.314] [DEBUG] [] [53090336f79f4306a85840e4bf283a5f]: =========================================
[2026-05-02 03:00:21.314] [DEBUG] [] [7c433d29f7f848828a57be9e66c3debe]: <==      Total: 1
[2026-05-02 03:00:21.314] [DEBUG] [] [53090336f79f4306a85840e4bf283a5f]: ===>> Output object : 

{
	"alg":"SALT_MD5",
	"code":200,
	"data":{
		"birthYear":1990,
		"createdAt":"2026-05-01 21:18:50",
		"createdBy":0,
		"delFlag":false,
		"email":"admin@staff.local",
		"id":1,
		"isVip":false,
		"lastLoginAt":"2026-05-01 21:45:13.229045",
		"nickname":"超级管理员",
		"staffRole":1,
		"stampsBalance":0,
		"status":1,
		"updatedAt":"2026-05-01 21:45:13",
		"updatedBy":0
	},
	"message":"OK",
	"success":true
} 
class cn.nine.pros.post.client.model.db.UserDTO

[2026-05-02 03:00:21.314] [DEBUG] [] [53090336f79f4306a85840e4bf283a5f]: =========================================
[2026-05-02 03:00:21.314] [DEBUG] [] [930fdd0e52064973a54aed99c435fe0f]: =========================================
[2026-05-02 03:00:21.314] [DEBUG] [] [7c433d29f7f848828a57be9e66c3debe]: ===> Supports JSON Message Converter : true
[2026-05-02 03:00:21.314] [DEBUG] [] [7c433d29f7f848828a57be9e66c3debe]: Using 'application/json', given [application/json, text/plain, */*] and supported [application/json, application/*+json]
[2026-05-02 03:00:21.314] [DEBUG] [] [7c433d29f7f848828a57be9e66c3debe]: ===> Supports JSON Message Converter : true
[2026-05-02 03:00:21.314] [DEBUG] [] [7c433d29f7f848828a57be9e66c3debe]: Writing [PageData(total=0, page=1, size=50, pages=0, records=[UserDTO(super=AbstractAuditableDTO(createdAt=20 (truncated)...]
[2026-05-02 03:00:21.314] [DEBUG] [] [930fdd0e52064973a54aed99c435fe0f]: ===>> Output object : 

{
	"alg":"SALT_MD5",
	"code":200,
	"data":{
		"empty":false,
		"page":1,
		"pages":0,
		"recordCount":1,
		"records":[
			{
				"birthYear":1990,
				"createdAt":"2026-05-01 21:18:50",
				"createdBy":0,
				"delFlag":false,
				"email":"admin@staff.local",
				"id":1,
				"isVip":false,
				"lastLoginAt":"2026-05-01 21:45:13.229045",
				"nickname":"超级管理员",
				"passwordHash":"$2a$10$YTUeGZqQ/xrX1d9V26669ubXuH90MthjRxhXxJV5EldtWdFm0WQbS",
				"staffRole":1,
				"stampsBalance":0,
				"status":1,
				"updatedAt":"2026-05-01 21:45:13",
				"updatedBy":0
			}
		],
		"size":50,
		"total":0
	},
	"message":"OK",
	"success":true
} 
cn.nine.commons.data.page.PageData<cn.nine.pros.post.client.model.db.UserDTO>

[2026-05-02 03:00:21.314] [DEBUG] [] [930fdd0e52064973a54aed99c435fe0f]: =========================================
[2026-05-02 03:00:21.314] [DEBUG] [] [7c433d29f7f848828a57be9e66c3debe]: =========================================
[2026-05-02 03:00:21.314] [DEBUG] [] [7c433d29f7f848828a57be9e66c3debe]: ===>> Output object : 

{
	"alg":"SALT_MD5",
	"code":200,
	"data":{
		"empty":false,
		"page":1,
		"pages":0,
		"recordCount":1,
		"records":[
			{
				"birthYear":1990,
				"createdAt":"2026-05-01 21:18:50",
				"createdBy":0,
				"delFlag":false,
				"email":"admin@staff.local",
				"id":1,
				"isVip":false,
				"lastLoginAt":"2026-05-01 21:45:13.229045",
				"nickname":"超级管理员",
				"passwordHash":"$2a$10$YTUeGZqQ/xrX1d9V26669ubXuH90MthjRxhXxJV5EldtWdFm0WQbS",
				"staffRole":1,
				"stampsBalance":0,
				"status":1,
				"updatedAt":"2026-05-01 21:45:13",
				"updatedBy":0
			}
		],
		"size":50,
		"total":0
	},
	"message":"OK",
	"success":true
} 
cn.nine.commons.data.page.PageData<cn.nine.pros.post.client.model.db.UserDTO>

[2026-05-02 03:00:21.314] [DEBUG] [] [7c433d29f7f848828a57be9e66c3debe]: =========================================
[2026-05-02 03:00:21.314] [DEBUG] [] [53090336f79f4306a85840e4bf283a5f]: ==> leave RequestContextHolder.
[2026-05-02 03:00:21.314] [DEBUG] [] [53090336f79f4306a85840e4bf283a5f]: ==> leave RequestContextHolder.
[2026-05-02 03:00:21.315] [DEBUG] [] [7c433d29f7f848828a57be9e66c3debe]: ==> leave RequestContextHolder.
[2026-05-02 03:00:21.315] [DEBUG] [] [930fdd0e52064973a54aed99c435fe0f]: ==> leave RequestContextHolder.
[2026-05-02 03:00:21.315] [DEBUG] [] [7c433d29f7f848828a57be9e66c3debe]: ==> leave RequestContextHolder.
[2026-05-02 03:00:21.315] [DEBUG] [] [930fdd0e52064973a54aed99c435fe0f]: ==> leave RequestContextHolder.
[2026-05-02 03:00:21.322] [DEBUG] [] []: ==》/webapi/auth/current -> into PreRequestContextFilter.
[2026-05-02 03:00:21.323] [DEBUG] [] [7e589a9c15374bbf903cbeeba9cf89a6]: 地址 /webapi/auth/current 进入过滤器
[2026-05-02 03:00:21.327] [DEBUG] [] [7e589a9c15374bbf903cbeeba9cf89a6]: ==>  Preparing: SELECT id,email,password_hash,nickname,birth_year,country_code,bio,avatar_url,stamps_balance,is_vip,vip_expire_at,status,staff_role,register_ip,last_login_at,created_at,created_by,updated_at,updated_by,del_flag FROM bu_user WHERE id=?
[2026-05-02 03:00:21.327] [DEBUG] [] [7e589a9c15374bbf903cbeeba9cf89a6]: ==> Parameters: 1(Long)
[2026-05-02 03:00:21.329] [DEBUG] [] [7e589a9c15374bbf903cbeeba9cf89a6]: <==      Total: 1
[2026-05-02 03:00:21.330] [DEBUG] [] [7e589a9c15374bbf903cbeeba9cf89a6]: ===> Supports JSON Message Converter : true
[2026-05-02 03:00:21.330] [DEBUG] [] [7e589a9c15374bbf903cbeeba9cf89a6]: Using 'application/json', given [application/json, text/plain, */*] and supported [application/json, application/*+json]
[2026-05-02 03:00:21.330] [DEBUG] [] [7e589a9c15374bbf903cbeeba9cf89a6]: ===> Supports JSON Message Converter : true
[2026-05-02 03:00:21.330] [DEBUG] [] [7e589a9c15374bbf903cbeeba9cf89a6]: Writing [UserDTO(super=AbstractAuditableDTO(createdAt=2026-05-01T21:18:50.206341, createdBy=0, updatedAt=2026 (truncated)...]
[2026-05-02 03:00:21.330] [DEBUG] [] [7e589a9c15374bbf903cbeeba9cf89a6]: =========================================
[2026-05-02 03:00:21.330] [DEBUG] [] [7e589a9c15374bbf903cbeeba9cf89a6]: ===>> Output object : 

{
	"alg":"SALT_MD5",
	"code":200,
	"data":{
		"birthYear":1990,
		"createdAt":"2026-05-01 21:18:50",
		"createdBy":0,
		"delFlag":false,
		"email":"admin@staff.local",
		"id":1,
		"isVip":false,
		"lastLoginAt":"2026-05-01 21:45:13.229045",
		"nickname":"超级管理员",
		"staffRole":1,
		"stampsBalance":0,
		"status":1,
		"updatedAt":"2026-05-01 21:45:13",
		"updatedBy":0
	},
	"message":"OK",
	"success":true
} 
class cn.nine.pros.post.client.model.db.UserDTO

[2026-05-02 03:00:21.330] [DEBUG] [] [7e589a9c15374bbf903cbeeba9cf89a6]: =========================================
[2026-05-02 03:00:21.331] [DEBUG] [] [7e589a9c15374bbf903cbeeba9cf89a6]: ==> leave RequestContextHolder.
[2026-05-02 03:00:21.331] [DEBUG] [] [7e589a9c15374bbf903cbeeba9cf89a6]: ==> leave RequestContextHolder.
[2026-05-02 03:04:55.285] [DEBUG] [] []: ==》/webapi/user/paging -> into PreRequestContextFilter.
[2026-05-02 03:04:55.285] [DEBUG] [] []: ==》/webapi/user/paging -> into PreRequestContextFilter.
[2026-05-02 03:04:55.285] [DEBUG] [] [1392570bfbdc4e3e9bb58e63d30ea4b0]: 地址 /webapi/user/paging 进入过滤器
[2026-05-02 03:04:55.285] [DEBUG] [] [d992c836142444a0b00d2517af6c6cc3]: 地址 /webapi/user/paging 进入过滤器
[2026-05-02 03:04:55.285] [DEBUG] [] []: ==》/webapi/auth/current -> into PreRequestContextFilter.
[2026-05-02 03:04:55.285] [DEBUG] [] [b6262fd77ab74495bc11b4b01788a949]: 地址 /webapi/auth/current 进入过滤器
[2026-05-02 03:04:55.286] [DEBUG] [] [b6262fd77ab74495bc11b4b01788a949]: ==>  Preparing: SELECT id,email,password_hash,nickname,birth_year,country_code,bio,avatar_url,stamps_balance,is_vip,vip_expire_at,status,staff_role,register_ip,last_login_at,created_at,created_by,updated_at,updated_by,del_flag FROM bu_user WHERE id=?
[2026-05-02 03:04:55.286] [DEBUG] [] [b6262fd77ab74495bc11b4b01788a949]: ==> Parameters: 1(Long)
[2026-05-02 03:04:55.287] [DEBUG] [] [1392570bfbdc4e3e9bb58e63d30ea4b0]: ==>  Preparing: SELECT id,email,password_hash,nickname,birth_year,country_code,bio,avatar_url,stamps_balance,is_vip,vip_expire_at,status,staff_role,register_ip,last_login_at,created_at,created_by,updated_at,updated_by,del_flag FROM bu_user WHERE (del_flag = ?) ORDER BY created_at DESC
[2026-05-02 03:04:55.287] [DEBUG] [] [d992c836142444a0b00d2517af6c6cc3]: ==>  Preparing: SELECT id,email,password_hash,nickname,birth_year,country_code,bio,avatar_url,stamps_balance,is_vip,vip_expire_at,status,staff_role,register_ip,last_login_at,created_at,created_by,updated_at,updated_by,del_flag FROM bu_user WHERE (del_flag = ?) ORDER BY created_at DESC
[2026-05-02 03:04:55.287] [DEBUG] [] [1392570bfbdc4e3e9bb58e63d30ea4b0]: ==> Parameters: false(Boolean)
[2026-05-02 03:04:55.287] [DEBUG] [] [d992c836142444a0b00d2517af6c6cc3]: ==> Parameters: false(Boolean)
[2026-05-02 03:04:55.287] [DEBUG] [] [b6262fd77ab74495bc11b4b01788a949]: <==      Total: 1
[2026-05-02 03:04:55.287] [DEBUG] [] [b6262fd77ab74495bc11b4b01788a949]: ===> Supports JSON Message Converter : true
[2026-05-02 03:04:55.287] [DEBUG] [] [d992c836142444a0b00d2517af6c6cc3]: <==      Total: 1
[2026-05-02 03:04:55.287] [DEBUG] [] [b6262fd77ab74495bc11b4b01788a949]: Using 'application/json', given [application/json, text/plain, */*] and supported [application/json, application/*+json]
[2026-05-02 03:04:55.287] [DEBUG] [] [1392570bfbdc4e3e9bb58e63d30ea4b0]: <==      Total: 1
[2026-05-02 03:04:55.287] [DEBUG] [] [b6262fd77ab74495bc11b4b01788a949]: ===> Supports JSON Message Converter : true
[2026-05-02 03:04:55.287] [DEBUG] [] [b6262fd77ab74495bc11b4b01788a949]: Writing [UserDTO(super=AbstractAuditableDTO(createdAt=2026-05-01T21:18:50.206341, createdBy=0, updatedAt=2026 (truncated)...]
[2026-05-02 03:04:55.287] [DEBUG] [] [b6262fd77ab74495bc11b4b01788a949]: =========================================
[2026-05-02 03:04:55.287] [DEBUG] [] [d992c836142444a0b00d2517af6c6cc3]: ===> Supports JSON Message Converter : true
[2026-05-02 03:04:55.287] [DEBUG] [] [1392570bfbdc4e3e9bb58e63d30ea4b0]: ===> Supports JSON Message Converter : true
[2026-05-02 03:04:55.287] [DEBUG] [] [d992c836142444a0b00d2517af6c6cc3]: Using 'application/json', given [application/json, text/plain, */*] and supported [application/json, application/*+json]
[2026-05-02 03:04:55.287] [DEBUG] [] [d992c836142444a0b00d2517af6c6cc3]: ===> Supports JSON Message Converter : true
[2026-05-02 03:04:55.287] [DEBUG] [] [1392570bfbdc4e3e9bb58e63d30ea4b0]: Using 'application/json', given [application/json, text/plain, */*] and supported [application/json, application/*+json]
[2026-05-02 03:04:55.287] [DEBUG] [] [b6262fd77ab74495bc11b4b01788a949]: ===>> Output object : 

{
	"alg":"SALT_MD5",
	"code":200,
	"data":{
		"birthYear":1990,
		"createdAt":"2026-05-01 21:18:50",
		"createdBy":0,
		"delFlag":false,
		"email":"admin@staff.local",
		"id":1,
		"isVip":false,
		"lastLoginAt":"2026-05-01 21:45:13.229045",
		"nickname":"超级管理员",
		"staffRole":1,
		"stampsBalance":0,
		"status":1,
		"updatedAt":"2026-05-01 21:45:13",
		"updatedBy":0
	},
	"message":"OK",
	"success":true
} 
class cn.nine.pros.post.client.model.db.UserDTO

[2026-05-02 03:04:55.288] [DEBUG] [] [b6262fd77ab74495bc11b4b01788a949]: =========================================
[2026-05-02 03:04:55.288] [DEBUG] [] [d992c836142444a0b00d2517af6c6cc3]: Writing [PageData(total=0, page=1, size=50, pages=0, records=[UserDTO(super=AbstractAuditableDTO(createdAt=20 (truncated)...]
[2026-05-02 03:04:55.288] [DEBUG] [] [d992c836142444a0b00d2517af6c6cc3]: =========================================
[2026-05-02 03:04:55.288] [DEBUG] [] [1392570bfbdc4e3e9bb58e63d30ea4b0]: ===> Supports JSON Message Converter : true
[2026-05-02 03:04:55.288] [DEBUG] [] [1392570bfbdc4e3e9bb58e63d30ea4b0]: Writing [PageData(total=0, page=1, size=50, pages=0, records=[UserDTO(super=AbstractAuditableDTO(createdAt=20 (truncated)...]
[2026-05-02 03:04:55.288] [DEBUG] [] [d992c836142444a0b00d2517af6c6cc3]: ===>> Output object : 

{
	"alg":"SALT_MD5",
	"code":200,
	"data":{
		"empty":false,
		"page":1,
		"pages":0,
		"recordCount":1,
		"records":[
			{
				"birthYear":1990,
				"createdAt":"2026-05-01 21:18:50",
				"createdBy":0,
				"delFlag":false,
				"email":"admin@staff.local",
				"id":1,
				"isVip":false,
				"lastLoginAt":"2026-05-01 21:45:13.229045",
				"nickname":"超级管理员",
				"passwordHash":"$2a$10$YTUeGZqQ/xrX1d9V26669ubXuH90MthjRxhXxJV5EldtWdFm0WQbS",
				"staffRole":1,
				"stampsBalance":0,
				"status":1,
				"updatedAt":"2026-05-01 21:45:13",
				"updatedBy":0
			}
		],
		"size":50,
		"total":0
	},
	"message":"OK",
	"success":true
} 
cn.nine.commons.data.page.PageData<cn.nine.pros.post.client.model.db.UserDTO>

[2026-05-02 03:04:55.288] [DEBUG] [] [d992c836142444a0b00d2517af6c6cc3]: =========================================
[2026-05-02 03:04:55.288] [DEBUG] [] [1392570bfbdc4e3e9bb58e63d30ea4b0]: =========================================
[2026-05-02 03:04:55.288] [DEBUG] [] [1392570bfbdc4e3e9bb58e63d30ea4b0]: ===>> Output object : 

{
	"alg":"SALT_MD5",
	"code":200,
	"data":{
		"empty":false,
		"page":1,
		"pages":0,
		"recordCount":1,
		"records":[
			{
				"birthYear":1990,
				"createdAt":"2026-05-01 21:18:50",
				"createdBy":0,
				"delFlag":false,
				"email":"admin@staff.local",
				"id":1,
				"isVip":false,
				"lastLoginAt":"2026-05-01 21:45:13.229045",
				"nickname":"超级管理员",
				"passwordHash":"$2a$10$YTUeGZqQ/xrX1d9V26669ubXuH90MthjRxhXxJV5EldtWdFm0WQbS",
				"staffRole":1,
				"stampsBalance":0,
				"status":1,
				"updatedAt":"2026-05-01 21:45:13",
				"updatedBy":0
			}
		],
		"size":50,
		"total":0
	},
	"message":"OK",
	"success":true
} 
cn.nine.commons.data.page.PageData<cn.nine.pros.post.client.model.db.UserDTO>

[2026-05-02 03:04:55.288] [DEBUG] [] [1392570bfbdc4e3e9bb58e63d30ea4b0]: =========================================
[2026-05-02 03:04:55.288] [DEBUG] [] [b6262fd77ab74495bc11b4b01788a949]: ==> leave RequestContextHolder.
[2026-05-02 03:04:55.288] [DEBUG] [] [d992c836142444a0b00d2517af6c6cc3]: ==> leave RequestContextHolder.
[2026-05-02 03:04:55.288] [DEBUG] [] [b6262fd77ab74495bc11b4b01788a949]: ==> leave RequestContextHolder.
[2026-05-02 03:04:55.288] [DEBUG] [] [d992c836142444a0b00d2517af6c6cc3]: ==> leave RequestContextHolder.
[2026-05-02 03:04:55.289] [DEBUG] [] [1392570bfbdc4e3e9bb58e63d30ea4b0]: ==> leave RequestContextHolder.
[2026-05-02 03:04:55.289] [DEBUG] [] [1392570bfbdc4e3e9bb58e63d30ea4b0]: ==> leave RequestContextHolder.
[2026-05-02 03:04:55.290] [DEBUG] [] []: ==》/webapi/auth/current -> into PreRequestContextFilter.
[2026-05-02 03:04:55.290] [DEBUG] [] [349c71fe2bcc480187a285888647507b]: 地址 /webapi/auth/current 进入过滤器
[2026-05-02 03:04:55.293] [DEBUG] [] [349c71fe2bcc480187a285888647507b]: ==>  Preparing: SELECT id,email,password_hash,nickname,birth_year,country_code,bio,avatar_url,stamps_balance,is_vip,vip_expire_at,status,staff_role,register_ip,last_login_at,created_at,created_by,updated_at,updated_by,del_flag FROM bu_user WHERE id=?
[2026-05-02 03:04:55.293] [DEBUG] [] [349c71fe2bcc480187a285888647507b]: ==> Parameters: 1(Long)
[2026-05-02 03:04:55.293] [DEBUG] [] [349c71fe2bcc480187a285888647507b]: <==      Total: 1
[2026-05-02 03:04:55.293] [DEBUG] [] [349c71fe2bcc480187a285888647507b]: ===> Supports JSON Message Converter : true
[2026-05-02 03:04:55.293] [DEBUG] [] [349c71fe2bcc480187a285888647507b]: Using 'application/json', given [application/json, text/plain, */*] and supported [application/json, application/*+json]
[2026-05-02 03:04:55.293] [DEBUG] [] [349c71fe2bcc480187a285888647507b]: ===> Supports JSON Message Converter : true
[2026-05-02 03:04:55.294] [DEBUG] [] [349c71fe2bcc480187a285888647507b]: Writing [UserDTO(super=AbstractAuditableDTO(createdAt=2026-05-01T21:18:50.206341, createdBy=0, updatedAt=2026 (truncated)...]
[2026-05-02 03:04:55.294] [DEBUG] [] [349c71fe2bcc480187a285888647507b]: =========================================
[2026-05-02 03:04:55.294] [DEBUG] [] [349c71fe2bcc480187a285888647507b]: ===>> Output object : 

{
	"alg":"SALT_MD5",
	"code":200,
	"data":{
		"birthYear":1990,
		"createdAt":"2026-05-01 21:18:50",
		"createdBy":0,
		"delFlag":false,
		"email":"admin@staff.local",
		"id":1,
		"isVip":false,
		"lastLoginAt":"2026-05-01 21:45:13.229045",
		"nickname":"超级管理员",
		"staffRole":1,
		"stampsBalance":0,
		"status":1,
		"updatedAt":"2026-05-01 21:45:13",
		"updatedBy":0
	},
	"message":"OK",
	"success":true
} 
class cn.nine.pros.post.client.model.db.UserDTO

[2026-05-02 03:04:55.294] [DEBUG] [] [349c71fe2bcc480187a285888647507b]: =========================================
[2026-05-02 03:04:55.294] [DEBUG] [] [349c71fe2bcc480187a285888647507b]: ==> leave RequestContextHolder.
[2026-05-02 03:04:55.294] [DEBUG] [] [349c71fe2bcc480187a285888647507b]: ==> leave RequestContextHolder.
[2026-05-02 03:10:21.281] [DEBUG] [] []: ==》/webapi/user/paging -> into PreRequestContextFilter.
[2026-05-02 03:10:21.281] [DEBUG] [] []: ==》/webapi/user/paging -> into PreRequestContextFilter.
[2026-05-02 03:10:21.281] [DEBUG] [] []: ==》/webapi/auth/current -> into PreRequestContextFilter.
[2026-05-02 03:10:21.281] [DEBUG] [] [6eb70f5326ca46fab8852980ac5ade9d]: 地址 /webapi/user/paging 进入过滤器
[2026-05-02 03:10:21.281] [DEBUG] [] [2087729e4ef94f15984f4c11d9d7e2e0]: 地址 /webapi/user/paging 进入过滤器
[2026-05-02 03:10:21.281] [DEBUG] [] [83d7f3afe2db4100a6480c3cdd81cb2f]: 地址 /webapi/auth/current 进入过滤器
[2026-05-02 03:10:21.289] [DEBUG] [] [83d7f3afe2db4100a6480c3cdd81cb2f]: ==>  Preparing: SELECT id,email,password_hash,nickname,birth_year,country_code,bio,avatar_url,stamps_balance,is_vip,vip_expire_at,status,staff_role,register_ip,last_login_at,created_at,created_by,updated_at,updated_by,del_flag FROM bu_user WHERE id=?
[2026-05-02 03:10:21.289] [DEBUG] [] [83d7f3afe2db4100a6480c3cdd81cb2f]: ==> Parameters: 1(Long)
[2026-05-02 03:10:21.289] [DEBUG] [] [6eb70f5326ca46fab8852980ac5ade9d]: ==>  Preparing: SELECT id,email,password_hash,nickname,birth_year,country_code,bio,avatar_url,stamps_balance,is_vip,vip_expire_at,status,staff_role,register_ip,last_login_at,created_at,created_by,updated_at,updated_by,del_flag FROM bu_user WHERE (del_flag = ?) ORDER BY created_at DESC
[2026-05-02 03:10:21.289] [DEBUG] [] [6eb70f5326ca46fab8852980ac5ade9d]: ==> Parameters: false(Boolean)
[2026-05-02 03:10:21.289] [DEBUG] [] [83d7f3afe2db4100a6480c3cdd81cb2f]: <==      Total: 1
[2026-05-02 03:10:21.289] [DEBUG] [] [2087729e4ef94f15984f4c11d9d7e2e0]: ==>  Preparing: SELECT id,email,password_hash,nickname,birth_year,country_code,bio,avatar_url,stamps_balance,is_vip,vip_expire_at,status,staff_role,register_ip,last_login_at,created_at,created_by,updated_at,updated_by,del_flag FROM bu_user WHERE (del_flag = ?) ORDER BY created_at DESC
[2026-05-02 03:10:21.289] [DEBUG] [] [2087729e4ef94f15984f4c11d9d7e2e0]: ==> Parameters: false(Boolean)
[2026-05-02 03:10:21.289] [DEBUG] [] [83d7f3afe2db4100a6480c3cdd81cb2f]: ===> Supports JSON Message Converter : true
[2026-05-02 03:10:21.289] [DEBUG] [] [83d7f3afe2db4100a6480c3cdd81cb2f]: Using 'application/json', given [application/json, text/plain, */*] and supported [application/json, application/*+json]
[2026-05-02 03:10:21.289] [DEBUG] [] [83d7f3afe2db4100a6480c3cdd81cb2f]: ===> Supports JSON Message Converter : true
[2026-05-02 03:10:21.289] [DEBUG] [] [83d7f3afe2db4100a6480c3cdd81cb2f]: Writing [UserDTO(super=AbstractAuditableDTO(createdAt=2026-05-01T21:18:50.206341, createdBy=0, updatedAt=2026 (truncated)...]
[2026-05-02 03:10:21.289] [DEBUG] [] [83d7f3afe2db4100a6480c3cdd81cb2f]: =========================================
[2026-05-02 03:10:21.290] [DEBUG] [] [83d7f3afe2db4100a6480c3cdd81cb2f]: ===>> Output object : 

{
	"alg":"SALT_MD5",
	"code":200,
	"data":{
		"birthYear":1990,
		"createdAt":"2026-05-01 21:18:50",
		"createdBy":0,
		"delFlag":false,
		"email":"admin@staff.local",
		"id":1,
		"isVip":false,
		"lastLoginAt":"2026-05-01 21:45:13.229045",
		"nickname":"超级管理员",
		"staffRole":1,
		"stampsBalance":0,
		"status":1,
		"updatedAt":"2026-05-01 21:45:13",
		"updatedBy":0
	},
	"message":"OK",
	"success":true
} 
class cn.nine.pros.post.client.model.db.UserDTO

[2026-05-02 03:10:21.290] [DEBUG] [] [83d7f3afe2db4100a6480c3cdd81cb2f]: =========================================
[2026-05-02 03:10:21.290] [DEBUG] [] [83d7f3afe2db4100a6480c3cdd81cb2f]: ==> leave RequestContextHolder.
[2026-05-02 03:10:21.290] [DEBUG] [] [83d7f3afe2db4100a6480c3cdd81cb2f]: ==> leave RequestContextHolder.
[2026-05-02 03:10:21.294] [DEBUG] [] [6eb70f5326ca46fab8852980ac5ade9d]: <==      Total: 1
[2026-05-02 03:10:21.294] [DEBUG] [] [2087729e4ef94f15984f4c11d9d7e2e0]: <==      Total: 1
[2026-05-02 03:10:21.294] [DEBUG] [] [6eb70f5326ca46fab8852980ac5ade9d]: ===> Supports JSON Message Converter : true
[2026-05-02 03:10:21.294] [DEBUG] [] [2087729e4ef94f15984f4c11d9d7e2e0]: ===> Supports JSON Message Converter : true
[2026-05-02 03:10:21.294] [DEBUG] [] [6eb70f5326ca46fab8852980ac5ade9d]: Using 'application/json', given [application/json, text/plain, */*] and supported [application/json, application/*+json]
[2026-05-02 03:10:21.294] [DEBUG] [] [2087729e4ef94f15984f4c11d9d7e2e0]: Using 'application/json', given [application/json, text/plain, */*] and supported [application/json, application/*+json]
[2026-05-02 03:10:21.294] [DEBUG] [] [6eb70f5326ca46fab8852980ac5ade9d]: ===> Supports JSON Message Converter : true
[2026-05-02 03:10:21.294] [DEBUG] [] [2087729e4ef94f15984f4c11d9d7e2e0]: ===> Supports JSON Message Converter : true
[2026-05-02 03:10:21.294] [DEBUG] [] [2087729e4ef94f15984f4c11d9d7e2e0]: Writing [PageData(total=0, page=1, size=50, pages=0, records=[UserDTO(super=AbstractAuditableDTO(createdAt=20 (truncated)...]
[2026-05-02 03:10:21.294] [DEBUG] [] [6eb70f5326ca46fab8852980ac5ade9d]: Writing [PageData(total=0, page=1, size=50, pages=0, records=[UserDTO(super=AbstractAuditableDTO(createdAt=20 (truncated)...]
[2026-05-02 03:10:21.294] [DEBUG] [] [2087729e4ef94f15984f4c11d9d7e2e0]: =========================================
[2026-05-02 03:10:21.294] [DEBUG] [] [2087729e4ef94f15984f4c11d9d7e2e0]: ===>> Output object : 

{
	"alg":"SALT_MD5",
	"code":200,
	"data":{
		"empty":false,
		"page":1,
		"pages":0,
		"recordCount":1,
		"records":[
			{
				"birthYear":1990,
				"createdAt":"2026-05-01 21:18:50",
				"createdBy":0,
				"delFlag":false,
				"email":"admin@staff.local",
				"id":1,
				"isVip":false,
				"lastLoginAt":"2026-05-01 21:45:13.229045",
				"nickname":"超级管理员",
				"passwordHash":"$2a$10$YTUeGZqQ/xrX1d9V26669ubXuH90MthjRxhXxJV5EldtWdFm0WQbS",
				"staffRole":1,
				"stampsBalance":0,
				"status":1,
				"updatedAt":"2026-05-01 21:45:13",
				"updatedBy":0
			}
		],
		"size":50,
		"total":0
	},
	"message":"OK",
	"success":true
} 
cn.nine.commons.data.page.PageData<cn.nine.pros.post.client.model.db.UserDTO>

[2026-05-02 03:10:21.294] [DEBUG] [] [2087729e4ef94f15984f4c11d9d7e2e0]: =========================================
[2026-05-02 03:10:21.294] [DEBUG] [] [6eb70f5326ca46fab8852980ac5ade9d]: =========================================
[2026-05-02 03:10:21.294] [DEBUG] [] [6eb70f5326ca46fab8852980ac5ade9d]: ===>> Output object : 

{
	"alg":"SALT_MD5",
	"code":200,
	"data":{
		"empty":false,
		"page":1,
		"pages":0,
		"recordCount":1,
		"records":[
			{
				"birthYear":1990,
				"createdAt":"2026-05-01 21:18:50",
				"createdBy":0,
				"delFlag":false,
				"email":"admin@staff.local",
				"id":1,
				"isVip":false,
				"lastLoginAt":"2026-05-01 21:45:13.229045",
				"nickname":"超级管理员",
				"passwordHash":"$2a$10$YTUeGZqQ/xrX1d9V26669ubXuH90MthjRxhXxJV5EldtWdFm0WQbS",
				"staffRole":1,
				"stampsBalance":0,
				"status":1,
				"updatedAt":"2026-05-01 21:45:13",
				"updatedBy":0
			}
		],
		"size":50,
		"total":0
	},
	"message":"OK",
	"success":true
} 
cn.nine.commons.data.page.PageData<cn.nine.pros.post.client.model.db.UserDTO>

[2026-05-02 03:10:21.294] [DEBUG] [] [6eb70f5326ca46fab8852980ac5ade9d]: =========================================
[2026-05-02 03:10:21.294] [DEBUG] [] [2087729e4ef94f15984f4c11d9d7e2e0]: ==> leave RequestContextHolder.
[2026-05-02 03:10:21.294] [DEBUG] [] [2087729e4ef94f15984f4c11d9d7e2e0]: ==> leave RequestContextHolder.
[2026-05-02 03:10:21.294] [DEBUG] [] [6eb70f5326ca46fab8852980ac5ade9d]: ==> leave RequestContextHolder.
[2026-05-02 03:10:21.295] [DEBUG] [] [6eb70f5326ca46fab8852980ac5ade9d]: ==> leave RequestContextHolder.
[2026-05-02 03:10:21.314] [DEBUG] [] []: ==》/webapi/auth/current -> into PreRequestContextFilter.
[2026-05-02 03:10:21.314] [DEBUG] [] [fc77d29d207a4430a6be97f3f8eedfe9]: 地址 /webapi/auth/current 进入过滤器
[2026-05-02 03:10:21.316] [DEBUG] [] [fc77d29d207a4430a6be97f3f8eedfe9]: ==>  Preparing: SELECT id,email,password_hash,nickname,birth_year,country_code,bio,avatar_url,stamps_balance,is_vip,vip_expire_at,status,staff_role,register_ip,last_login_at,created_at,created_by,updated_at,updated_by,del_flag FROM bu_user WHERE id=?
[2026-05-02 03:10:21.316] [DEBUG] [] [fc77d29d207a4430a6be97f3f8eedfe9]: ==> Parameters: 1(Long)
[2026-05-02 03:10:21.317] [DEBUG] [] [fc77d29d207a4430a6be97f3f8eedfe9]: <==      Total: 1
[2026-05-02 03:10:21.317] [DEBUG] [] [fc77d29d207a4430a6be97f3f8eedfe9]: ===> Supports JSON Message Converter : true
[2026-05-02 03:10:21.317] [DEBUG] [] [fc77d29d207a4430a6be97f3f8eedfe9]: Using 'application/json', given [application/json, text/plain, */*] and supported [application/json, application/*+json]
[2026-05-02 03:10:21.317] [DEBUG] [] [fc77d29d207a4430a6be97f3f8eedfe9]: ===> Supports JSON Message Converter : true
[2026-05-02 03:10:21.317] [DEBUG] [] [fc77d29d207a4430a6be97f3f8eedfe9]: Writing [UserDTO(super=AbstractAuditableDTO(createdAt=2026-05-01T21:18:50.206341, createdBy=0, updatedAt=2026 (truncated)...]
[2026-05-02 03:10:21.317] [DEBUG] [] [fc77d29d207a4430a6be97f3f8eedfe9]: =========================================
[2026-05-02 03:10:21.317] [DEBUG] [] [fc77d29d207a4430a6be97f3f8eedfe9]: ===>> Output object : 

{
	"alg":"SALT_MD5",
	"code":200,
	"data":{
		"birthYear":1990,
		"createdAt":"2026-05-01 21:18:50",
		"createdBy":0,
		"delFlag":false,
		"email":"admin@staff.local",
		"id":1,
		"isVip":false,
		"lastLoginAt":"2026-05-01 21:45:13.229045",
		"nickname":"超级管理员",
		"staffRole":1,
		"stampsBalance":0,
		"status":1,
		"updatedAt":"2026-05-01 21:45:13",
		"updatedBy":0
	},
	"message":"OK",
	"success":true
} 
class cn.nine.pros.post.client.model.db.UserDTO

[2026-05-02 03:10:21.317] [DEBUG] [] [fc77d29d207a4430a6be97f3f8eedfe9]: =========================================
[2026-05-02 03:10:21.317] [DEBUG] [] [fc77d29d207a4430a6be97f3f8eedfe9]: ==> leave RequestContextHolder.
[2026-05-02 03:10:21.317] [DEBUG] [] [fc77d29d207a4430a6be97f3f8eedfe9]: ==> leave RequestContextHolder.
[2026-05-02 03:14:55.290] [DEBUG] [] []: ==》/webapi/user/paging -> into PreRequestContextFilter.
[2026-05-02 03:14:55.290] [DEBUG] [] []: ==》/webapi/user/paging -> into PreRequestContextFilter.
[2026-05-02 03:14:55.290] [DEBUG] [] []: ==》/webapi/auth/current -> into PreRequestContextFilter.
[2026-05-02 03:14:55.290] [DEBUG] [] [25ecb1ea1d9d411c8007890909bceb9b]: 地址 /webapi/user/paging 进入过滤器
[2026-05-02 03:14:55.290] [DEBUG] [] [68691c5a193841468b388ddc2a7a75dd]: 地址 /webapi/auth/current 进入过滤器
[2026-05-02 03:14:55.290] [DEBUG] [] [e39e6b42df6f4d99839e990340273189]: 地址 /webapi/user/paging 进入过滤器
[2026-05-02 03:14:55.292] [DEBUG] [] [68691c5a193841468b388ddc2a7a75dd]: ==>  Preparing: SELECT id,email,password_hash,nickname,birth_year,country_code,bio,avatar_url,stamps_balance,is_vip,vip_expire_at,status,staff_role,register_ip,last_login_at,created_at,created_by,updated_at,updated_by,del_flag FROM bu_user WHERE id=?
[2026-05-02 03:14:55.292] [DEBUG] [] [68691c5a193841468b388ddc2a7a75dd]: ==> Parameters: 1(Long)
[2026-05-02 03:14:55.302] [DEBUG] [] [68691c5a193841468b388ddc2a7a75dd]: <==      Total: 1
[2026-05-02 03:14:55.302] [DEBUG] [] [25ecb1ea1d9d411c8007890909bceb9b]: ==>  Preparing: SELECT id,email,password_hash,nickname,birth_year,country_code,bio,avatar_url,stamps_balance,is_vip,vip_expire_at,status,staff_role,register_ip,last_login_at,created_at,created_by,updated_at,updated_by,del_flag FROM bu_user WHERE (del_flag = ?) ORDER BY created_at DESC
[2026-05-02 03:14:55.302] [DEBUG] [] [e39e6b42df6f4d99839e990340273189]: ==>  Preparing: SELECT id,email,password_hash,nickname,birth_year,country_code,bio,avatar_url,stamps_balance,is_vip,vip_expire_at,status,staff_role,register_ip,last_login_at,created_at,created_by,updated_at,updated_by,del_flag FROM bu_user WHERE (del_flag = ?) ORDER BY created_at DESC
[2026-05-02 03:14:55.302] [DEBUG] [] [25ecb1ea1d9d411c8007890909bceb9b]: ==> Parameters: false(Boolean)
[2026-05-02 03:14:55.302] [DEBUG] [] [e39e6b42df6f4d99839e990340273189]: ==> Parameters: false(Boolean)
[2026-05-02 03:14:55.303] [DEBUG] [] [68691c5a193841468b388ddc2a7a75dd]: ===> Supports JSON Message Converter : true
[2026-05-02 03:14:55.303] [DEBUG] [] [68691c5a193841468b388ddc2a7a75dd]: Using 'application/json', given [application/json, text/plain, */*] and supported [application/json, application/*+json]
[2026-05-02 03:14:55.303] [DEBUG] [] [68691c5a193841468b388ddc2a7a75dd]: ===> Supports JSON Message Converter : true
[2026-05-02 03:14:55.303] [DEBUG] [] [68691c5a193841468b388ddc2a7a75dd]: Writing [UserDTO(super=AbstractAuditableDTO(createdAt=2026-05-01T21:18:50.206341, createdBy=0, updatedAt=2026 (truncated)...]
[2026-05-02 03:14:55.303] [DEBUG] [] [68691c5a193841468b388ddc2a7a75dd]: =========================================
[2026-05-02 03:14:55.303] [DEBUG] [] [68691c5a193841468b388ddc2a7a75dd]: ===>> Output object : 

{
	"alg":"SALT_MD5",
	"code":200,
	"data":{
		"birthYear":1990,
		"createdAt":"2026-05-01 21:18:50",
		"createdBy":0,
		"delFlag":false,
		"email":"admin@staff.local",
		"id":1,
		"isVip":false,
		"lastLoginAt":"2026-05-01 21:45:13.229045",
		"nickname":"超级管理员",
		"staffRole":1,
		"stampsBalance":0,
		"status":1,
		"updatedAt":"2026-05-01 21:45:13",
		"updatedBy":0
	},
	"message":"OK",
	"success":true
} 
class cn.nine.pros.post.client.model.db.UserDTO

[2026-05-02 03:14:55.303] [DEBUG] [] [68691c5a193841468b388ddc2a7a75dd]: =========================================
[2026-05-02 03:14:55.303] [DEBUG] [] [68691c5a193841468b388ddc2a7a75dd]: ==> leave RequestContextHolder.
[2026-05-02 03:14:55.303] [DEBUG] [] [68691c5a193841468b388ddc2a7a75dd]: ==> leave RequestContextHolder.
[2026-05-02 03:14:55.306] [DEBUG] [] []: ==》/webapi/auth/current -> into PreRequestContextFilter.
[2026-05-02 03:14:55.306] [DEBUG] [] [f9bc61a2ebd94fb4901fd8d0e9e31368]: 地址 /webapi/auth/current 进入过滤器
[2026-05-02 03:14:55.307] [DEBUG] [] [e39e6b42df6f4d99839e990340273189]: <==      Total: 1
[2026-05-02 03:14:55.307] [DEBUG] [] [25ecb1ea1d9d411c8007890909bceb9b]: <==      Total: 1
[2026-05-02 03:14:55.307] [DEBUG] [] [25ecb1ea1d9d411c8007890909bceb9b]: ===> Supports JSON Message Converter : true
[2026-05-02 03:14:55.307] [DEBUG] [] [e39e6b42df6f4d99839e990340273189]: ===> Supports JSON Message Converter : true
[2026-05-02 03:14:55.307] [DEBUG] [] [e39e6b42df6f4d99839e990340273189]: Using 'application/json', given [application/json, text/plain, */*] and supported [application/json, application/*+json]
[2026-05-02 03:14:55.307] [DEBUG] [] [e39e6b42df6f4d99839e990340273189]: ===> Supports JSON Message Converter : true
[2026-05-02 03:14:55.307] [DEBUG] [] [25ecb1ea1d9d411c8007890909bceb9b]: Using 'application/json', given [application/json, text/plain, */*] and supported [application/json, application/*+json]
[2026-05-02 03:14:55.307] [DEBUG] [] [25ecb1ea1d9d411c8007890909bceb9b]: ===> Supports JSON Message Converter : true
[2026-05-02 03:14:55.307] [DEBUG] [] [e39e6b42df6f4d99839e990340273189]: Writing [PageData(total=0, page=1, size=50, pages=0, records=[UserDTO(super=AbstractAuditableDTO(createdAt=20 (truncated)...]
[2026-05-02 03:14:55.307] [DEBUG] [] [25ecb1ea1d9d411c8007890909bceb9b]: Writing [PageData(total=0, page=1, size=50, pages=0, records=[UserDTO(super=AbstractAuditableDTO(createdAt=20 (truncated)...]
[2026-05-02 03:14:55.307] [DEBUG] [] [25ecb1ea1d9d411c8007890909bceb9b]: =========================================
[2026-05-02 03:14:55.307] [DEBUG] [] [25ecb1ea1d9d411c8007890909bceb9b]: ===>> Output object : 

{
	"alg":"SALT_MD5",
	"code":200,
	"data":{
		"empty":false,
		"page":1,
		"pages":0,
		"recordCount":1,
		"records":[
			{
				"birthYear":1990,
				"createdAt":"2026-05-01 21:18:50",
				"createdBy":0,
				"delFlag":false,
				"email":"admin@staff.local",
				"id":1,
				"isVip":false,
				"lastLoginAt":"2026-05-01 21:45:13.229045",
				"nickname":"超级管理员",
				"passwordHash":"$2a$10$YTUeGZqQ/xrX1d9V26669ubXuH90MthjRxhXxJV5EldtWdFm0WQbS",
				"staffRole":1,
				"stampsBalance":0,
				"status":1,
				"updatedAt":"2026-05-01 21:45:13",
				"updatedBy":0
			}
		],
		"size":50,
		"total":0
	},
	"message":"OK",
	"success":true
} 
cn.nine.commons.data.page.PageData<cn.nine.pros.post.client.model.db.UserDTO>

[2026-05-02 03:14:55.307] [DEBUG] [] [25ecb1ea1d9d411c8007890909bceb9b]: =========================================
[2026-05-02 03:14:55.307] [DEBUG] [] [e39e6b42df6f4d99839e990340273189]: =========================================
[2026-05-02 03:14:55.307] [DEBUG] [] [e39e6b42df6f4d99839e990340273189]: ===>> Output object : 

{
	"alg":"SALT_MD5",
	"code":200,
	"data":{
		"empty":false,
		"page":1,
		"pages":0,
		"recordCount":1,
		"records":[
			{
				"birthYear":1990,
				"createdAt":"2026-05-01 21:18:50",
				"createdBy":0,
				"delFlag":false,
				"email":"admin@staff.local",
				"id":1,
				"isVip":false,
				"lastLoginAt":"2026-05-01 21:45:13.229045",
				"nickname":"超级管理员",
				"passwordHash":"$2a$10$YTUeGZqQ/xrX1d9V26669ubXuH90MthjRxhXxJV5EldtWdFm0WQbS",
				"staffRole":1,
				"stampsBalance":0,
				"status":1,
				"updatedAt":"2026-05-01 21:45:13",
				"updatedBy":0
			}
		],
		"size":50,
		"total":0
	},
	"message":"OK",
	"success":true
} 
cn.nine.commons.data.page.PageData<cn.nine.pros.post.client.model.db.UserDTO>

[2026-05-02 03:14:55.307] [DEBUG] [] [e39e6b42df6f4d99839e990340273189]: =========================================
[2026-05-02 03:14:55.307] [DEBUG] [] [25ecb1ea1d9d411c8007890909bceb9b]: ==> leave RequestContextHolder.
[2026-05-02 03:14:55.307] [DEBUG] [] [25ecb1ea1d9d411c8007890909bceb9b]: ==> leave RequestContextHolder.
[2026-05-02 03:14:55.307] [DEBUG] [] [e39e6b42df6f4d99839e990340273189]: ==> leave RequestContextHolder.
[2026-05-02 03:14:55.308] [DEBUG] [] [e39e6b42df6f4d99839e990340273189]: ==> leave RequestContextHolder.
[2026-05-02 03:14:55.308] [DEBUG] [] [f9bc61a2ebd94fb4901fd8d0e9e31368]: ==>  Preparing: SELECT id,email,password_hash,nickname,birth_year,country_code,bio,avatar_url,stamps_balance,is_vip,vip_expire_at,status,staff_role,register_ip,last_login_at,created_at,created_by,updated_at,updated_by,del_flag FROM bu_user WHERE id=?
[2026-05-02 03:14:55.308] [DEBUG] [] [f9bc61a2ebd94fb4901fd8d0e9e31368]: ==> Parameters: 1(Long)
[2026-05-02 03:14:55.309] [DEBUG] [] [f9bc61a2ebd94fb4901fd8d0e9e31368]: <==      Total: 1
[2026-05-02 03:14:55.309] [DEBUG] [] [f9bc61a2ebd94fb4901fd8d0e9e31368]: ===> Supports JSON Message Converter : true
[2026-05-02 03:14:55.309] [DEBUG] [] [f9bc61a2ebd94fb4901fd8d0e9e31368]: Using 'application/json', given [application/json, text/plain, */*] and supported [application/json, application/*+json]
[2026-05-02 03:14:55.309] [DEBUG] [] [f9bc61a2ebd94fb4901fd8d0e9e31368]: ===> Supports JSON Message Converter : true
[2026-05-02 03:14:55.309] [DEBUG] [] [f9bc61a2ebd94fb4901fd8d0e9e31368]: Writing [UserDTO(super=AbstractAuditableDTO(createdAt=2026-05-01T21:18:50.206341, createdBy=0, updatedAt=2026 (truncated)...]
[2026-05-02 03:14:55.309] [DEBUG] [] [f9bc61a2ebd94fb4901fd8d0e9e31368]: =========================================
[2026-05-02 03:14:55.309] [DEBUG] [] [f9bc61a2ebd94fb4901fd8d0e9e31368]: ===>> Output object : 

{
	"alg":"SALT_MD5",
	"code":200,
	"data":{
		"birthYear":1990,
		"createdAt":"2026-05-01 21:18:50",
		"createdBy":0,
		"delFlag":false,
		"email":"admin@staff.local",
		"id":1,
		"isVip":false,
		"lastLoginAt":"2026-05-01 21:45:13.229045",
		"nickname":"超级管理员",
		"staffRole":1,
		"stampsBalance":0,
		"status":1,
		"updatedAt":"2026-05-01 21:45:13",
		"updatedBy":0
	},
	"message":"OK",
	"success":true
} 
class cn.nine.pros.post.client.model.db.UserDTO

[2026-05-02 03:14:55.309] [DEBUG] [] [f9bc61a2ebd94fb4901fd8d0e9e31368]: =========================================
[2026-05-02 03:14:55.309] [DEBUG] [] [f9bc61a2ebd94fb4901fd8d0e9e31368]: ==> leave RequestContextHolder.
[2026-05-02 03:14:55.309] [DEBUG] [] [f9bc61a2ebd94fb4901fd8d0e9e31368]: ==> leave RequestContextHolder.
[2026-05-02 03:20:21.273] [DEBUG] [] []: ==》/webapi/user/paging -> into PreRequestContextFilter.
[2026-05-02 03:20:21.273] [DEBUG] [] [24f442cd407047dd9744cefac42b3609]: 地址 /webapi/user/paging 进入过滤器
[2026-05-02 03:20:21.273] [DEBUG] [] []: ==》/webapi/user/paging -> into PreRequestContextFilter.
[2026-05-02 03:20:21.273] [DEBUG] [] []: ==》/webapi/auth/current -> into PreRequestContextFilter.
[2026-05-02 03:20:21.273] [DEBUG] [] [49e5ed1b54c443eb9cf87cf0f3a1aa12]: 地址 /webapi/user/paging 进入过滤器
[2026-05-02 03:20:21.273] [DEBUG] [] [b9fb9ce323a44eee9a6a9fce42e32a6f]: 地址 /webapi/auth/current 进入过滤器
[2026-05-02 03:20:21.275] [DEBUG] [] [b9fb9ce323a44eee9a6a9fce42e32a6f]: ==>  Preparing: SELECT id,email,password_hash,nickname,birth_year,country_code,bio,avatar_url,stamps_balance,is_vip,vip_expire_at,status,staff_role,register_ip,last_login_at,created_at,created_by,updated_at,updated_by,del_flag FROM bu_user WHERE id=?
[2026-05-02 03:20:21.275] [DEBUG] [] [b9fb9ce323a44eee9a6a9fce42e32a6f]: ==> Parameters: 1(Long)
[2026-05-02 03:20:21.275] [DEBUG] [] [b9fb9ce323a44eee9a6a9fce42e32a6f]: <==      Total: 1
[2026-05-02 03:20:21.277] [DEBUG] [] [49e5ed1b54c443eb9cf87cf0f3a1aa12]: ==>  Preparing: SELECT id,email,password_hash,nickname,birth_year,country_code,bio,avatar_url,stamps_balance,is_vip,vip_expire_at,status,staff_role,register_ip,last_login_at,created_at,created_by,updated_at,updated_by,del_flag FROM bu_user WHERE (del_flag = ?) ORDER BY created_at DESC
[2026-05-02 03:20:21.277] [DEBUG] [] [49e5ed1b54c443eb9cf87cf0f3a1aa12]: ==> Parameters: false(Boolean)
[2026-05-02 03:20:21.277] [DEBUG] [] [24f442cd407047dd9744cefac42b3609]: ==>  Preparing: SELECT id,email,password_hash,nickname,birth_year,country_code,bio,avatar_url,stamps_balance,is_vip,vip_expire_at,status,staff_role,register_ip,last_login_at,created_at,created_by,updated_at,updated_by,del_flag FROM bu_user WHERE (del_flag = ?) ORDER BY created_at DESC
[2026-05-02 03:20:21.277] [DEBUG] [] [24f442cd407047dd9744cefac42b3609]: ==> Parameters: false(Boolean)
[2026-05-02 03:20:21.277] [DEBUG] [] [49e5ed1b54c443eb9cf87cf0f3a1aa12]: <==      Total: 1
[2026-05-02 03:20:21.277] [DEBUG] [] [24f442cd407047dd9744cefac42b3609]: <==      Total: 1
[2026-05-02 03:20:21.277] [DEBUG] [] [49e5ed1b54c443eb9cf87cf0f3a1aa12]: ===> Supports JSON Message Converter : true
[2026-05-02 03:20:21.277] [DEBUG] [] [49e5ed1b54c443eb9cf87cf0f3a1aa12]: Using 'application/json', given [application/json, text/plain, */*] and supported [application/json, application/*+json]
[2026-05-02 03:20:21.277] [DEBUG] [] [49e5ed1b54c443eb9cf87cf0f3a1aa12]: ===> Supports JSON Message Converter : true
[2026-05-02 03:20:21.277] [DEBUG] [] [24f442cd407047dd9744cefac42b3609]: ===> Supports JSON Message Converter : true
[2026-05-02 03:20:21.277] [DEBUG] [] [24f442cd407047dd9744cefac42b3609]: Using 'application/json', given [application/json, text/plain, */*] and supported [application/json, application/*+json]
[2026-05-02 03:20:21.277] [DEBUG] [] [24f442cd407047dd9744cefac42b3609]: ===> Supports JSON Message Converter : true
[2026-05-02 03:20:21.277] [DEBUG] [] [49e5ed1b54c443eb9cf87cf0f3a1aa12]: Writing [PageData(total=0, page=1, size=50, pages=0, records=[UserDTO(super=AbstractAuditableDTO(createdAt=20 (truncated)...]
[2026-05-02 03:20:21.277] [DEBUG] [] [24f442cd407047dd9744cefac42b3609]: Writing [PageData(total=0, page=1, size=50, pages=0, records=[UserDTO(super=AbstractAuditableDTO(createdAt=20 (truncated)...]
[2026-05-02 03:20:21.277] [DEBUG] [] [49e5ed1b54c443eb9cf87cf0f3a1aa12]: =========================================
[2026-05-02 03:20:21.277] [DEBUG] [] [49e5ed1b54c443eb9cf87cf0f3a1aa12]: ===>> Output object : 

{
	"alg":"SALT_MD5",
	"code":200,
	"data":{
		"empty":false,
		"page":1,
		"pages":0,
		"recordCount":1,
		"records":[
			{
				"birthYear":1990,
				"createdAt":"2026-05-01 21:18:50",
				"createdBy":0,
				"delFlag":false,
				"email":"admin@staff.local",
				"id":1,
				"isVip":false,
				"lastLoginAt":"2026-05-01 21:45:13.229045",
				"nickname":"超级管理员",
				"passwordHash":"$2a$10$YTUeGZqQ/xrX1d9V26669ubXuH90MthjRxhXxJV5EldtWdFm0WQbS",
				"staffRole":1,
				"stampsBalance":0,
				"status":1,
				"updatedAt":"2026-05-01 21:45:13",
				"updatedBy":0
			}
		],
		"size":50,
		"total":0
	},
	"message":"OK",
	"success":true
} 
cn.nine.commons.data.page.PageData<cn.nine.pros.post.client.model.db.UserDTO>

[2026-05-02 03:20:21.277] [DEBUG] [] [49e5ed1b54c443eb9cf87cf0f3a1aa12]: =========================================
[2026-05-02 03:20:21.277] [DEBUG] [] [24f442cd407047dd9744cefac42b3609]: =========================================
[2026-05-02 03:20:21.277] [DEBUG] [] [24f442cd407047dd9744cefac42b3609]: ===>> Output object : 

{
	"alg":"SALT_MD5",
	"code":200,
	"data":{
		"empty":false,
		"page":1,
		"pages":0,
		"recordCount":1,
		"records":[
			{
				"birthYear":1990,
				"createdAt":"2026-05-01 21:18:50",
				"createdBy":0,
				"delFlag":false,
				"email":"admin@staff.local",
				"id":1,
				"isVip":false,
				"lastLoginAt":"2026-05-01 21:45:13.229045",
				"nickname":"超级管理员",
				"passwordHash":"$2a$10$YTUeGZqQ/xrX1d9V26669ubXuH90MthjRxhXxJV5EldtWdFm0WQbS",
				"staffRole":1,
				"stampsBalance":0,
				"status":1,
				"updatedAt":"2026-05-01 21:45:13",
				"updatedBy":0
			}
		],
		"size":50,
		"total":0
	},
	"message":"OK",
	"success":true
} 
cn.nine.commons.data.page.PageData<cn.nine.pros.post.client.model.db.UserDTO>

[2026-05-02 03:20:21.277] [DEBUG] [] [24f442cd407047dd9744cefac42b3609]: =========================================
[2026-05-02 03:20:21.277] [DEBUG] [] [49e5ed1b54c443eb9cf87cf0f3a1aa12]: ==> leave RequestContextHolder.
[2026-05-02 03:20:21.277] [DEBUG] [] [49e5ed1b54c443eb9cf87cf0f3a1aa12]: ==> leave RequestContextHolder.
[2026-05-02 03:20:21.277] [DEBUG] [] [24f442cd407047dd9744cefac42b3609]: ==> leave RequestContextHolder.
[2026-05-02 03:20:21.277] [DEBUG] [] [24f442cd407047dd9744cefac42b3609]: ==> leave RequestContextHolder.
[2026-05-02 03:20:21.282] [DEBUG] [] [b9fb9ce323a44eee9a6a9fce42e32a6f]: ===> Supports JSON Message Converter : true
[2026-05-02 03:20:21.282] [DEBUG] [] [b9fb9ce323a44eee9a6a9fce42e32a6f]: Using 'application/json', given [application/json, text/plain, */*] and supported [application/json, application/*+json]
[2026-05-02 03:20:21.282] [DEBUG] [] [b9fb9ce323a44eee9a6a9fce42e32a6f]: ===> Supports JSON Message Converter : true
[2026-05-02 03:20:21.282] [DEBUG] [] [b9fb9ce323a44eee9a6a9fce42e32a6f]: Writing [UserDTO(super=AbstractAuditableDTO(createdAt=2026-05-01T21:18:50.206341, createdBy=0, updatedAt=2026 (truncated)...]
[2026-05-02 03:20:21.282] [DEBUG] [] [b9fb9ce323a44eee9a6a9fce42e32a6f]: =========================================
[2026-05-02 03:20:21.282] [DEBUG] [] [b9fb9ce323a44eee9a6a9fce42e32a6f]: ===>> Output object : 

{
	"alg":"SALT_MD5",
	"code":200,
	"data":{
		"birthYear":1990,
		"createdAt":"2026-05-01 21:18:50",
		"createdBy":0,
		"delFlag":false,
		"email":"admin@staff.local",
		"id":1,
		"isVip":false,
		"lastLoginAt":"2026-05-01 21:45:13.229045",
		"nickname":"超级管理员",
		"staffRole":1,
		"stampsBalance":0,
		"status":1,
		"updatedAt":"2026-05-01 21:45:13",
		"updatedBy":0
	},
	"message":"OK",
	"success":true
} 
class cn.nine.pros.post.client.model.db.UserDTO

[2026-05-02 03:20:21.282] [DEBUG] [] [b9fb9ce323a44eee9a6a9fce42e32a6f]: =========================================
[2026-05-02 03:20:21.282] [DEBUG] [] [b9fb9ce323a44eee9a6a9fce42e32a6f]: ==> leave RequestContextHolder.
[2026-05-02 03:20:21.282] [DEBUG] [] [b9fb9ce323a44eee9a6a9fce42e32a6f]: ==> leave RequestContextHolder.
[2026-05-02 03:20:21.287] [DEBUG] [] []: ==》/webapi/auth/current -> into PreRequestContextFilter.
[2026-05-02 03:20:21.287] [DEBUG] [] [cefae37df82c4529b31f0a795abe7b16]: 地址 /webapi/auth/current 进入过滤器
[2026-05-02 03:20:21.290] [DEBUG] [] [cefae37df82c4529b31f0a795abe7b16]: ==>  Preparing: SELECT id,email,password_hash,nickname,birth_year,country_code,bio,avatar_url,stamps_balance,is_vip,vip_expire_at,status,staff_role,register_ip,last_login_at,created_at,created_by,updated_at,updated_by,del_flag FROM bu_user WHERE id=?
[2026-05-02 03:20:21.290] [DEBUG] [] [cefae37df82c4529b31f0a795abe7b16]: ==> Parameters: 1(Long)
[2026-05-02 03:20:21.291] [DEBUG] [] [cefae37df82c4529b31f0a795abe7b16]: <==      Total: 1
[2026-05-02 03:20:21.292] [DEBUG] [] [cefae37df82c4529b31f0a795abe7b16]: ===> Supports JSON Message Converter : true
[2026-05-02 03:20:21.292] [DEBUG] [] [cefae37df82c4529b31f0a795abe7b16]: Using 'application/json', given [application/json, text/plain, */*] and supported [application/json, application/*+json]
[2026-05-02 03:20:21.292] [DEBUG] [] [cefae37df82c4529b31f0a795abe7b16]: ===> Supports JSON Message Converter : true
[2026-05-02 03:20:21.292] [DEBUG] [] [cefae37df82c4529b31f0a795abe7b16]: Writing [UserDTO(super=AbstractAuditableDTO(createdAt=2026-05-01T21:18:50.206341, createdBy=0, updatedAt=2026 (truncated)...]
[2026-05-02 03:20:21.292] [DEBUG] [] [cefae37df82c4529b31f0a795abe7b16]: =========================================
[2026-05-02 03:20:21.292] [DEBUG] [] [cefae37df82c4529b31f0a795abe7b16]: ===>> Output object : 

{
	"alg":"SALT_MD5",
	"code":200,
	"data":{
		"birthYear":1990,
		"createdAt":"2026-05-01 21:18:50",
		"createdBy":0,
		"delFlag":false,
		"email":"admin@staff.local",
		"id":1,
		"isVip":false,
		"lastLoginAt":"2026-05-01 21:45:13.229045",
		"nickname":"超级管理员",
		"staffRole":1,
		"stampsBalance":0,
		"status":1,
		"updatedAt":"2026-05-01 21:45:13",
		"updatedBy":0
	},
	"message":"OK",
	"success":true
} 
class cn.nine.pros.post.client.model.db.UserDTO

[2026-05-02 03:20:21.292] [DEBUG] [] [cefae37df82c4529b31f0a795abe7b16]: =========================================
[2026-05-02 03:20:21.292] [DEBUG] [] [cefae37df82c4529b31f0a795abe7b16]: ==> leave RequestContextHolder.
[2026-05-02 03:20:21.292] [DEBUG] [] [cefae37df82c4529b31f0a795abe7b16]: ==> leave RequestContextHolder.
[2026-05-02 03:24:55.306] [DEBUG] [] []: ==》/webapi/user/paging -> into PreRequestContextFilter.
[2026-05-02 03:24:55.306] [DEBUG] [] []: ==》/webapi/user/paging -> into PreRequestContextFilter.
[2026-05-02 03:24:55.307] [DEBUG] [] [32f8c66286914d39b82f3989cf042203]: 地址 /webapi/user/paging 进入过滤器
[2026-05-02 03:24:55.307] [DEBUG] [] [27370e9882444cecbfa98421df776cf1]: 地址 /webapi/user/paging 进入过滤器
[2026-05-02 03:24:55.307] [DEBUG] [] []: ==》/webapi/auth/current -> into PreRequestContextFilter.
[2026-05-02 03:24:55.307] [DEBUG] [] [e5956cea56bb4ebc82b1a3ce0d04884a]: 地址 /webapi/auth/current 进入过滤器
[2026-05-02 03:24:55.309] [DEBUG] [] [e5956cea56bb4ebc82b1a3ce0d04884a]: ==>  Preparing: SELECT id,email,password_hash,nickname,birth_year,country_code,bio,avatar_url,stamps_balance,is_vip,vip_expire_at,status,staff_role,register_ip,last_login_at,created_at,created_by,updated_at,updated_by,del_flag FROM bu_user WHERE id=?
[2026-05-02 03:24:55.309] [DEBUG] [] [e5956cea56bb4ebc82b1a3ce0d04884a]: ==> Parameters: 1(Long)
[2026-05-02 03:24:55.310] [DEBUG] [] [32f8c66286914d39b82f3989cf042203]: ==>  Preparing: SELECT id,email,password_hash,nickname,birth_year,country_code,bio,avatar_url,stamps_balance,is_vip,vip_expire_at,status,staff_role,register_ip,last_login_at,created_at,created_by,updated_at,updated_by,del_flag FROM bu_user WHERE (del_flag = ?) ORDER BY created_at DESC
[2026-05-02 03:24:55.310] [DEBUG] [] [32f8c66286914d39b82f3989cf042203]: ==> Parameters: false(Boolean)
[2026-05-02 03:24:55.310] [DEBUG] [] [27370e9882444cecbfa98421df776cf1]: ==>  Preparing: SELECT id,email,password_hash,nickname,birth_year,country_code,bio,avatar_url,stamps_balance,is_vip,vip_expire_at,status,staff_role,register_ip,last_login_at,created_at,created_by,updated_at,updated_by,del_flag FROM bu_user WHERE (del_flag = ?) ORDER BY created_at DESC
[2026-05-02 03:24:55.310] [DEBUG] [] [27370e9882444cecbfa98421df776cf1]: ==> Parameters: false(Boolean)
[2026-05-02 03:24:55.310] [DEBUG] [] [32f8c66286914d39b82f3989cf042203]: <==      Total: 1
[2026-05-02 03:24:55.310] [DEBUG] [] [e5956cea56bb4ebc82b1a3ce0d04884a]: <==      Total: 1
[2026-05-02 03:24:55.310] [DEBUG] [] [27370e9882444cecbfa98421df776cf1]: <==      Total: 1
[2026-05-02 03:24:55.310] [DEBUG] [] [27370e9882444cecbfa98421df776cf1]: ===> Supports JSON Message Converter : true
[2026-05-02 03:24:55.310] [DEBUG] [] [32f8c66286914d39b82f3989cf042203]: ===> Supports JSON Message Converter : true
[2026-05-02 03:24:55.310] [DEBUG] [] [27370e9882444cecbfa98421df776cf1]: Using 'application/json', given [application/json, text/plain, */*] and supported [application/json, application/*+json]
[2026-05-02 03:24:55.310] [DEBUG] [] [e5956cea56bb4ebc82b1a3ce0d04884a]: ===> Supports JSON Message Converter : true
[2026-05-02 03:24:55.310] [DEBUG] [] [27370e9882444cecbfa98421df776cf1]: ===> Supports JSON Message Converter : true
[2026-05-02 03:24:55.311] [DEBUG] [] [e5956cea56bb4ebc82b1a3ce0d04884a]: Using 'application/json', given [application/json, text/plain, */*] and supported [application/json, application/*+json]
[2026-05-02 03:24:55.310] [DEBUG] [] [32f8c66286914d39b82f3989cf042203]: Using 'application/json', given [application/json, text/plain, */*] and supported [application/json, application/*+json]
[2026-05-02 03:24:55.311] [DEBUG] [] [e5956cea56bb4ebc82b1a3ce0d04884a]: ===> Supports JSON Message Converter : true
[2026-05-02 03:24:55.311] [DEBUG] [] [32f8c66286914d39b82f3989cf042203]: ===> Supports JSON Message Converter : true
[2026-05-02 03:24:55.311] [DEBUG] [] [e5956cea56bb4ebc82b1a3ce0d04884a]: Writing [UserDTO(super=AbstractAuditableDTO(createdAt=2026-05-01T21:18:50.206341, createdBy=0, updatedAt=2026 (truncated)...]
[2026-05-02 03:24:55.311] [DEBUG] [] [27370e9882444cecbfa98421df776cf1]: Writing [PageData(total=0, page=1, size=50, pages=0, records=[UserDTO(super=AbstractAuditableDTO(createdAt=20 (truncated)...]
[2026-05-02 03:24:55.311] [DEBUG] [] [32f8c66286914d39b82f3989cf042203]: Writing [PageData(total=0, page=1, size=50, pages=0, records=[UserDTO(super=AbstractAuditableDTO(createdAt=20 (truncated)...]
[2026-05-02 03:24:55.311] [DEBUG] [] [27370e9882444cecbfa98421df776cf1]: =========================================
[2026-05-02 03:24:55.311] [DEBUG] [] [27370e9882444cecbfa98421df776cf1]: ===>> Output object : 

{
	"alg":"SALT_MD5",
	"code":200,
	"data":{
		"empty":false,
		"page":1,
		"pages":0,
		"recordCount":1,
		"records":[
			{
				"birthYear":1990,
				"createdAt":"2026-05-01 21:18:50",
				"createdBy":0,
				"delFlag":false,
				"email":"admin@staff.local",
				"id":1,
				"isVip":false,
				"lastLoginAt":"2026-05-01 21:45:13.229045",
				"nickname":"超级管理员",
				"passwordHash":"$2a$10$YTUeGZqQ/xrX1d9V26669ubXuH90MthjRxhXxJV5EldtWdFm0WQbS",
				"staffRole":1,
				"stampsBalance":0,
				"status":1,
				"updatedAt":"2026-05-01 21:45:13",
				"updatedBy":0
			}
		],
		"size":50,
		"total":0
	},
	"message":"OK",
	"success":true
} 
cn.nine.commons.data.page.PageData<cn.nine.pros.post.client.model.db.UserDTO>

[2026-05-02 03:24:55.311] [DEBUG] [] [27370e9882444cecbfa98421df776cf1]: =========================================
[2026-05-02 03:24:55.311] [DEBUG] [] [e5956cea56bb4ebc82b1a3ce0d04884a]: =========================================
[2026-05-02 03:24:55.311] [DEBUG] [] [e5956cea56bb4ebc82b1a3ce0d04884a]: ===>> Output object : 

{
	"alg":"SALT_MD5",
	"code":200,
	"data":{
		"birthYear":1990,
		"createdAt":"2026-05-01 21:18:50",
		"createdBy":0,
		"delFlag":false,
		"email":"admin@staff.local",
		"id":1,
		"isVip":false,
		"lastLoginAt":"2026-05-01 21:45:13.229045",
		"nickname":"超级管理员",
		"staffRole":1,
		"stampsBalance":0,
		"status":1,
		"updatedAt":"2026-05-01 21:45:13",
		"updatedBy":0
	},
	"message":"OK",
	"success":true
} 
class cn.nine.pros.post.client.model.db.UserDTO

[2026-05-02 03:24:55.311] [DEBUG] [] [e5956cea56bb4ebc82b1a3ce0d04884a]: =========================================
[2026-05-02 03:24:55.311] [DEBUG] [] [32f8c66286914d39b82f3989cf042203]: =========================================
[2026-05-02 03:24:55.311] [DEBUG] [] [32f8c66286914d39b82f3989cf042203]: ===>> Output object : 

{
	"alg":"SALT_MD5",
	"code":200,
	"data":{
		"empty":false,
		"page":1,
		"pages":0,
		"recordCount":1,
		"records":[
			{
				"birthYear":1990,
				"createdAt":"2026-05-01 21:18:50",
				"createdBy":0,
				"delFlag":false,
				"email":"admin@staff.local",
				"id":1,
				"isVip":false,
				"lastLoginAt":"2026-05-01 21:45:13.229045",
				"nickname":"超级管理员",
				"passwordHash":"$2a$10$YTUeGZqQ/xrX1d9V26669ubXuH90MthjRxhXxJV5EldtWdFm0WQbS",
				"staffRole":1,
				"stampsBalance":0,
				"status":1,
				"updatedAt":"2026-05-01 21:45:13",
				"updatedBy":0
			}
		],
		"size":50,
		"total":0
	},
	"message":"OK",
	"success":true
} 
cn.nine.commons.data.page.PageData<cn.nine.pros.post.client.model.db.UserDTO>

[2026-05-02 03:24:55.311] [DEBUG] [] [32f8c66286914d39b82f3989cf042203]: =========================================
[2026-05-02 03:24:55.311] [DEBUG] [] [27370e9882444cecbfa98421df776cf1]: ==> leave RequestContextHolder.
[2026-05-02 03:24:55.311] [DEBUG] [] [e5956cea56bb4ebc82b1a3ce0d04884a]: ==> leave RequestContextHolder.
[2026-05-02 03:24:55.311] [DEBUG] [] [27370e9882444cecbfa98421df776cf1]: ==> leave RequestContextHolder.
[2026-05-02 03:24:55.311] [DEBUG] [] [e5956cea56bb4ebc82b1a3ce0d04884a]: ==> leave RequestContextHolder.
[2026-05-02 03:24:55.311] [DEBUG] [] [32f8c66286914d39b82f3989cf042203]: ==> leave RequestContextHolder.
[2026-05-02 03:24:55.311] [DEBUG] [] [32f8c66286914d39b82f3989cf042203]: ==> leave RequestContextHolder.
[2026-05-02 03:24:55.313] [DEBUG] [] []: ==》/webapi/auth/current -> into PreRequestContextFilter.
[2026-05-02 03:24:55.314] [DEBUG] [] [32b50a0f75c94a76a96d433a9ecd4953]: 地址 /webapi/auth/current 进入过滤器
[2026-05-02 03:24:55.316] [DEBUG] [] [32b50a0f75c94a76a96d433a9ecd4953]: ==>  Preparing: SELECT id,email,password_hash,nickname,birth_year,country_code,bio,avatar_url,stamps_balance,is_vip,vip_expire_at,status,staff_role,register_ip,last_login_at,created_at,created_by,updated_at,updated_by,del_flag FROM bu_user WHERE id=?
[2026-05-02 03:24:55.316] [DEBUG] [] [32b50a0f75c94a76a96d433a9ecd4953]: ==> Parameters: 1(Long)
[2026-05-02 03:24:55.317] [DEBUG] [] [32b50a0f75c94a76a96d433a9ecd4953]: <==      Total: 1
[2026-05-02 03:24:55.317] [DEBUG] [] [32b50a0f75c94a76a96d433a9ecd4953]: ===> Supports JSON Message Converter : true
[2026-05-02 03:24:55.317] [DEBUG] [] [32b50a0f75c94a76a96d433a9ecd4953]: Using 'application/json', given [application/json, text/plain, */*] and supported [application/json, application/*+json]
[2026-05-02 03:24:55.317] [DEBUG] [] [32b50a0f75c94a76a96d433a9ecd4953]: ===> Supports JSON Message Converter : true
[2026-05-02 03:24:55.317] [DEBUG] [] [32b50a0f75c94a76a96d433a9ecd4953]: Writing [UserDTO(super=AbstractAuditableDTO(createdAt=2026-05-01T21:18:50.206341, createdBy=0, updatedAt=2026 (truncated)...]
[2026-05-02 03:24:55.317] [DEBUG] [] [32b50a0f75c94a76a96d433a9ecd4953]: =========================================
[2026-05-02 03:24:55.317] [DEBUG] [] [32b50a0f75c94a76a96d433a9ecd4953]: ===>> Output object : 

{
	"alg":"SALT_MD5",
	"code":200,
	"data":{
		"birthYear":1990,
		"createdAt":"2026-05-01 21:18:50",
		"createdBy":0,
		"delFlag":false,
		"email":"admin@staff.local",
		"id":1,
		"isVip":false,
		"lastLoginAt":"2026-05-01 21:45:13.229045",
		"nickname":"超级管理员",
		"staffRole":1,
		"stampsBalance":0,
		"status":1,
		"updatedAt":"2026-05-01 21:45:13",
		"updatedBy":0
	},
	"message":"OK",
	"success":true
} 
class cn.nine.pros.post.client.model.db.UserDTO

[2026-05-02 03:24:55.317] [DEBUG] [] [32b50a0f75c94a76a96d433a9ecd4953]: =========================================
[2026-05-02 03:24:55.318] [DEBUG] [] [32b50a0f75c94a76a96d433a9ecd4953]: ==> leave RequestContextHolder.
[2026-05-02 03:24:55.318] [DEBUG] [] [32b50a0f75c94a76a96d433a9ecd4953]: ==> leave RequestContextHolder.
[2026-05-02 03:30:21.308] [DEBUG] [] []: ==》/webapi/user/paging -> into PreRequestContextFilter.
[2026-05-02 03:30:21.308] [DEBUG] [] [f6ed6f96b48d45358ffb3f76096606dd]: 地址 /webapi/user/paging 进入过滤器
[2026-05-02 03:30:21.308] [DEBUG] [] []: ==》/webapi/user/paging -> into PreRequestContextFilter.
[2026-05-02 03:30:21.310] [DEBUG] [] [14c4e40a47e24dd2802b2b3b583ea528]: 地址 /webapi/user/paging 进入过滤器
[2026-05-02 03:30:21.310] [DEBUG] [] []: ==》/webapi/auth/current -> into PreRequestContextFilter.
[2026-05-02 03:30:21.310] [DEBUG] [] [1837a76614d243549c6890c0fa8e06e9]: 地址 /webapi/auth/current 进入过滤器
[2026-05-02 03:30:21.317] [DEBUG] [] [1837a76614d243549c6890c0fa8e06e9]: ==>  Preparing: SELECT id,email,password_hash,nickname,birth_year,country_code,bio,avatar_url,stamps_balance,is_vip,vip_expire_at,status,staff_role,register_ip,last_login_at,created_at,created_by,updated_at,updated_by,del_flag FROM bu_user WHERE id=?
[2026-05-02 03:30:21.317] [DEBUG] [] [1837a76614d243549c6890c0fa8e06e9]: ==> Parameters: 1(Long)
[2026-05-02 03:30:21.317] [DEBUG] [] [f6ed6f96b48d45358ffb3f76096606dd]: ==>  Preparing: SELECT id,email,password_hash,nickname,birth_year,country_code,bio,avatar_url,stamps_balance,is_vip,vip_expire_at,status,staff_role,register_ip,last_login_at,created_at,created_by,updated_at,updated_by,del_flag FROM bu_user WHERE (del_flag = ?) ORDER BY created_at DESC
[2026-05-02 03:30:21.317] [DEBUG] [] [14c4e40a47e24dd2802b2b3b583ea528]: ==>  Preparing: SELECT id,email,password_hash,nickname,birth_year,country_code,bio,avatar_url,stamps_balance,is_vip,vip_expire_at,status,staff_role,register_ip,last_login_at,created_at,created_by,updated_at,updated_by,del_flag FROM bu_user WHERE (del_flag = ?) ORDER BY created_at DESC
[2026-05-02 03:30:21.317] [DEBUG] [] [f6ed6f96b48d45358ffb3f76096606dd]: ==> Parameters: false(Boolean)
[2026-05-02 03:30:21.317] [DEBUG] [] [14c4e40a47e24dd2802b2b3b583ea528]: ==> Parameters: false(Boolean)
[2026-05-02 03:30:21.317] [DEBUG] [] [1837a76614d243549c6890c0fa8e06e9]: <==      Total: 1
[2026-05-02 03:30:21.317] [DEBUG] [] [f6ed6f96b48d45358ffb3f76096606dd]: <==      Total: 1
[2026-05-02 03:30:21.317] [DEBUG] [] [1837a76614d243549c6890c0fa8e06e9]: ===> Supports JSON Message Converter : true
[2026-05-02 03:30:21.317] [DEBUG] [] [f6ed6f96b48d45358ffb3f76096606dd]: ===> Supports JSON Message Converter : true
[2026-05-02 03:30:21.317] [DEBUG] [] [1837a76614d243549c6890c0fa8e06e9]: Using 'application/json', given [application/json, text/plain, */*] and supported [application/json, application/*+json]
[2026-05-02 03:30:21.317] [DEBUG] [] [f6ed6f96b48d45358ffb3f76096606dd]: Using 'application/json', given [application/json, text/plain, */*] and supported [application/json, application/*+json]
[2026-05-02 03:30:21.317] [DEBUG] [] [1837a76614d243549c6890c0fa8e06e9]: ===> Supports JSON Message Converter : true
[2026-05-02 03:30:21.317] [DEBUG] [] [f6ed6f96b48d45358ffb3f76096606dd]: ===> Supports JSON Message Converter : true
[2026-05-02 03:30:21.317] [DEBUG] [] [1837a76614d243549c6890c0fa8e06e9]: Writing [UserDTO(super=AbstractAuditableDTO(createdAt=2026-05-01T21:18:50.206341, createdBy=0, updatedAt=2026 (truncated)...]
[2026-05-02 03:30:21.317] [DEBUG] [] [f6ed6f96b48d45358ffb3f76096606dd]: Writing [PageData(total=0, page=1, size=50, pages=0, records=[UserDTO(super=AbstractAuditableDTO(createdAt=20 (truncated)...]
[2026-05-02 03:30:21.317] [DEBUG] [] [14c4e40a47e24dd2802b2b3b583ea528]: <==      Total: 1
[2026-05-02 03:30:21.317] [DEBUG] [] [1837a76614d243549c6890c0fa8e06e9]: =========================================
[2026-05-02 03:30:21.317] [DEBUG] [] [1837a76614d243549c6890c0fa8e06e9]: ===>> Output object : 

{
	"alg":"SALT_MD5",
	"code":200,
	"data":{
		"birthYear":1990,
		"createdAt":"2026-05-01 21:18:50",
		"createdBy":0,
		"delFlag":false,
		"email":"admin@staff.local",
		"id":1,
		"isVip":false,
		"lastLoginAt":"2026-05-01 21:45:13.229045",
		"nickname":"超级管理员",
		"staffRole":1,
		"stampsBalance":0,
		"status":1,
		"updatedAt":"2026-05-01 21:45:13",
		"updatedBy":0
	},
	"message":"OK",
	"success":true
} 
class cn.nine.pros.post.client.model.db.UserDTO

[2026-05-02 03:30:21.317] [DEBUG] [] [1837a76614d243549c6890c0fa8e06e9]: =========================================
[2026-05-02 03:30:21.317] [DEBUG] [] [14c4e40a47e24dd2802b2b3b583ea528]: ===> Supports JSON Message Converter : true
[2026-05-02 03:30:21.317] [DEBUG] [] [14c4e40a47e24dd2802b2b3b583ea528]: Using 'application/json', given [application/json, text/plain, */*] and supported [application/json, application/*+json]
[2026-05-02 03:30:21.317] [DEBUG] [] [14c4e40a47e24dd2802b2b3b583ea528]: ===> Supports JSON Message Converter : true
[2026-05-02 03:30:21.317] [DEBUG] [] [f6ed6f96b48d45358ffb3f76096606dd]: =========================================
[2026-05-02 03:30:21.317] [DEBUG] [] [14c4e40a47e24dd2802b2b3b583ea528]: Writing [PageData(total=0, page=1, size=50, pages=0, records=[UserDTO(super=AbstractAuditableDTO(createdAt=20 (truncated)...]
[2026-05-02 03:30:21.317] [DEBUG] [] [f6ed6f96b48d45358ffb3f76096606dd]: ===>> Output object : 

{
	"alg":"SALT_MD5",
	"code":200,
	"data":{
		"empty":false,
		"page":1,
		"pages":0,
		"recordCount":1,
		"records":[
			{
				"birthYear":1990,
				"createdAt":"2026-05-01 21:18:50",
				"createdBy":0,
				"delFlag":false,
				"email":"admin@staff.local",
				"id":1,
				"isVip":false,
				"lastLoginAt":"2026-05-01 21:45:13.229045",
				"nickname":"超级管理员",
				"passwordHash":"$2a$10$YTUeGZqQ/xrX1d9V26669ubXuH90MthjRxhXxJV5EldtWdFm0WQbS",
				"staffRole":1,
				"stampsBalance":0,
				"status":1,
				"updatedAt":"2026-05-01 21:45:13",
				"updatedBy":0
			}
		],
		"size":50,
		"total":0
	},
	"message":"OK",
	"success":true
} 
cn.nine.commons.data.page.PageData<cn.nine.pros.post.client.model.db.UserDTO>

[2026-05-02 03:30:21.317] [DEBUG] [] [f6ed6f96b48d45358ffb3f76096606dd]: =========================================
[2026-05-02 03:30:21.317] [DEBUG] [] [14c4e40a47e24dd2802b2b3b583ea528]: =========================================
[2026-05-02 03:30:21.319] [DEBUG] [] [14c4e40a47e24dd2802b2b3b583ea528]: ===>> Output object : 

{
	"alg":"SALT_MD5",
	"code":200,
	"data":{
		"empty":false,
		"page":1,
		"pages":0,
		"recordCount":1,
		"records":[
			{
				"birthYear":1990,
				"createdAt":"2026-05-01 21:18:50",
				"createdBy":0,
				"delFlag":false,
				"email":"admin@staff.local",
				"id":1,
				"isVip":false,
				"lastLoginAt":"2026-05-01 21:45:13.229045",
				"nickname":"超级管理员",
				"passwordHash":"$2a$10$YTUeGZqQ/xrX1d9V26669ubXuH90MthjRxhXxJV5EldtWdFm0WQbS",
				"staffRole":1,
				"stampsBalance":0,
				"status":1,
				"updatedAt":"2026-05-01 21:45:13",
				"updatedBy":0
			}
		],
		"size":50,
		"total":0
	},
	"message":"OK",
	"success":true
} 
cn.nine.commons.data.page.PageData<cn.nine.pros.post.client.model.db.UserDTO>

[2026-05-02 03:30:21.319] [DEBUG] [] [14c4e40a47e24dd2802b2b3b583ea528]: =========================================
[2026-05-02 03:30:21.319] [DEBUG] [] [1837a76614d243549c6890c0fa8e06e9]: ==> leave RequestContextHolder.
[2026-05-02 03:30:21.319] [DEBUG] [] [1837a76614d243549c6890c0fa8e06e9]: ==> leave RequestContextHolder.
[2026-05-02 03:30:21.319] [DEBUG] [] [f6ed6f96b48d45358ffb3f76096606dd]: ==> leave RequestContextHolder.
[2026-05-02 03:30:21.319] [DEBUG] [] [14c4e40a47e24dd2802b2b3b583ea528]: ==> leave RequestContextHolder.
[2026-05-02 03:30:21.319] [DEBUG] [] [f6ed6f96b48d45358ffb3f76096606dd]: ==> leave RequestContextHolder.
[2026-05-02 03:30:21.319] [DEBUG] [] [14c4e40a47e24dd2802b2b3b583ea528]: ==> leave RequestContextHolder.
[2026-05-02 03:30:21.321] [DEBUG] [] []: ==》/webapi/auth/current -> into PreRequestContextFilter.
[2026-05-02 03:30:21.321] [DEBUG] [] [b642987c32b240d68a002a6ade553187]: 地址 /webapi/auth/current 进入过滤器
[2026-05-02 03:30:21.325] [DEBUG] [] [b642987c32b240d68a002a6ade553187]: ==>  Preparing: SELECT id,email,password_hash,nickname,birth_year,country_code,bio,avatar_url,stamps_balance,is_vip,vip_expire_at,status,staff_role,register_ip,last_login_at,created_at,created_by,updated_at,updated_by,del_flag FROM bu_user WHERE id=?
[2026-05-02 03:30:21.325] [DEBUG] [] [b642987c32b240d68a002a6ade553187]: ==> Parameters: 1(Long)
[2026-05-02 03:30:21.326] [DEBUG] [] [b642987c32b240d68a002a6ade553187]: <==      Total: 1
[2026-05-02 03:30:21.326] [DEBUG] [] [b642987c32b240d68a002a6ade553187]: ===> Supports JSON Message Converter : true
[2026-05-02 03:30:21.326] [DEBUG] [] [b642987c32b240d68a002a6ade553187]: Using 'application/json', given [application/json, text/plain, */*] and supported [application/json, application/*+json]
[2026-05-02 03:30:21.326] [DEBUG] [] [b642987c32b240d68a002a6ade553187]: ===> Supports JSON Message Converter : true
[2026-05-02 03:30:21.326] [DEBUG] [] [b642987c32b240d68a002a6ade553187]: Writing [UserDTO(super=AbstractAuditableDTO(createdAt=2026-05-01T21:18:50.206341, createdBy=0, updatedAt=2026 (truncated)...]
[2026-05-02 03:30:21.326] [DEBUG] [] [b642987c32b240d68a002a6ade553187]: =========================================
[2026-05-02 03:30:21.331] [DEBUG] [] [b642987c32b240d68a002a6ade553187]: ===>> Output object : 

{
	"alg":"SALT_MD5",
	"code":200,
	"data":{
		"birthYear":1990,
		"createdAt":"2026-05-01 21:18:50",
		"createdBy":0,
		"delFlag":false,
		"email":"admin@staff.local",
		"id":1,
		"isVip":false,
		"lastLoginAt":"2026-05-01 21:45:13.229045",
		"nickname":"超级管理员",
		"staffRole":1,
		"stampsBalance":0,
		"status":1,
		"updatedAt":"2026-05-01 21:45:13",
		"updatedBy":0
	},
	"message":"OK",
	"success":true
} 
class cn.nine.pros.post.client.model.db.UserDTO

[2026-05-02 03:30:21.331] [DEBUG] [] [b642987c32b240d68a002a6ade553187]: =========================================
[2026-05-02 03:30:21.331] [DEBUG] [] [b642987c32b240d68a002a6ade553187]: ==> leave RequestContextHolder.
[2026-05-02 03:30:21.331] [DEBUG] [] [b642987c32b240d68a002a6ade553187]: ==> leave RequestContextHolder.
[2026-05-02 03:34:55.296] [DEBUG] [] []: ==》/webapi/user/paging -> into PreRequestContextFilter.
[2026-05-02 03:34:55.296] [DEBUG] [] [ca6e7d4c483c484e9ccb775fa0aad449]: 地址 /webapi/user/paging 进入过滤器
[2026-05-02 03:34:55.296] [DEBUG] [] []: ==》/webapi/auth/current -> into PreRequestContextFilter.
[2026-05-02 03:34:55.296] [DEBUG] [] []: ==》/webapi/user/paging -> into PreRequestContextFilter.
[2026-05-02 03:34:55.297] [DEBUG] [] [874d2f42dc8d43109e16cf4eddf06703]: 地址 /webapi/auth/current 进入过滤器
[2026-05-02 03:34:55.297] [DEBUG] [] [b49b6d9ed4404c988406244139523c20]: 地址 /webapi/user/paging 进入过滤器
[2026-05-02 03:34:55.298] [DEBUG] [] [874d2f42dc8d43109e16cf4eddf06703]: ==>  Preparing: SELECT id,email,password_hash,nickname,birth_year,country_code,bio,avatar_url,stamps_balance,is_vip,vip_expire_at,status,staff_role,register_ip,last_login_at,created_at,created_by,updated_at,updated_by,del_flag FROM bu_user WHERE id=?
[2026-05-02 03:34:55.298] [DEBUG] [] [874d2f42dc8d43109e16cf4eddf06703]: ==> Parameters: 1(Long)
[2026-05-02 03:34:55.298] [DEBUG] [] [b49b6d9ed4404c988406244139523c20]: ==>  Preparing: SELECT id,email,password_hash,nickname,birth_year,country_code,bio,avatar_url,stamps_balance,is_vip,vip_expire_at,status,staff_role,register_ip,last_login_at,created_at,created_by,updated_at,updated_by,del_flag FROM bu_user WHERE (del_flag = ?) ORDER BY created_at DESC
[2026-05-02 03:34:55.298] [DEBUG] [] [ca6e7d4c483c484e9ccb775fa0aad449]: ==>  Preparing: SELECT id,email,password_hash,nickname,birth_year,country_code,bio,avatar_url,stamps_balance,is_vip,vip_expire_at,status,staff_role,register_ip,last_login_at,created_at,created_by,updated_at,updated_by,del_flag FROM bu_user WHERE (del_flag = ?) ORDER BY created_at DESC
[2026-05-02 03:34:55.298] [DEBUG] [] [ca6e7d4c483c484e9ccb775fa0aad449]: ==> Parameters: false(Boolean)
[2026-05-02 03:34:55.298] [DEBUG] [] [b49b6d9ed4404c988406244139523c20]: ==> Parameters: false(Boolean)
[2026-05-02 03:34:55.298] [DEBUG] [] [874d2f42dc8d43109e16cf4eddf06703]: <==      Total: 1
[2026-05-02 03:34:55.298] [DEBUG] [] [874d2f42dc8d43109e16cf4eddf06703]: ===> Supports JSON Message Converter : true
[2026-05-02 03:34:55.298] [DEBUG] [] [874d2f42dc8d43109e16cf4eddf06703]: Using 'application/json', given [application/json, text/plain, */*] and supported [application/json, application/*+json]
[2026-05-02 03:34:55.298] [DEBUG] [] [874d2f42dc8d43109e16cf4eddf06703]: ===> Supports JSON Message Converter : true
[2026-05-02 03:34:55.298] [DEBUG] [] [874d2f42dc8d43109e16cf4eddf06703]: Writing [UserDTO(super=AbstractAuditableDTO(createdAt=2026-05-01T21:18:50.206341, createdBy=0, updatedAt=2026 (truncated)...]
[2026-05-02 03:34:55.298] [DEBUG] [] [874d2f42dc8d43109e16cf4eddf06703]: =========================================
[2026-05-02 03:34:55.298] [DEBUG] [] [874d2f42dc8d43109e16cf4eddf06703]: ===>> Output object : 

{
	"alg":"SALT_MD5",
	"code":200,
	"data":{
		"birthYear":1990,
		"createdAt":"2026-05-01 21:18:50",
		"createdBy":0,
		"delFlag":false,
		"email":"admin@staff.local",
		"id":1,
		"isVip":false,
		"lastLoginAt":"2026-05-01 21:45:13.229045",
		"nickname":"超级管理员",
		"staffRole":1,
		"stampsBalance":0,
		"status":1,
		"updatedAt":"2026-05-01 21:45:13",
		"updatedBy":0
	},
	"message":"OK",
	"success":true
} 
class cn.nine.pros.post.client.model.db.UserDTO

[2026-05-02 03:34:55.300] [DEBUG] [] [874d2f42dc8d43109e16cf4eddf06703]: =========================================
[2026-05-02 03:34:55.300] [DEBUG] [] [b49b6d9ed4404c988406244139523c20]: <==      Total: 1
[2026-05-02 03:34:55.300] [DEBUG] [] [ca6e7d4c483c484e9ccb775fa0aad449]: <==      Total: 1
[2026-05-02 03:34:55.300] [DEBUG] [] [b49b6d9ed4404c988406244139523c20]: ===> Supports JSON Message Converter : true
[2026-05-02 03:34:55.300] [DEBUG] [] [ca6e7d4c483c484e9ccb775fa0aad449]: ===> Supports JSON Message Converter : true
[2026-05-02 03:34:55.300] [DEBUG] [] [b49b6d9ed4404c988406244139523c20]: Using 'application/json', given [application/json, text/plain, */*] and supported [application/json, application/*+json]
[2026-05-02 03:34:55.300] [DEBUG] [] [b49b6d9ed4404c988406244139523c20]: ===> Supports JSON Message Converter : true
[2026-05-02 03:34:55.300] [DEBUG] [] [ca6e7d4c483c484e9ccb775fa0aad449]: Using 'application/json', given [application/json, text/plain, */*] and supported [application/json, application/*+json]
[2026-05-02 03:34:55.300] [DEBUG] [] [ca6e7d4c483c484e9ccb775fa0aad449]: ===> Supports JSON Message Converter : true
[2026-05-02 03:34:55.300] [DEBUG] [] [b49b6d9ed4404c988406244139523c20]: Writing [PageData(total=0, page=1, size=50, pages=0, records=[UserDTO(super=AbstractAuditableDTO(createdAt=20 (truncated)...]
[2026-05-02 03:34:55.300] [DEBUG] [] [ca6e7d4c483c484e9ccb775fa0aad449]: Writing [PageData(total=0, page=1, size=50, pages=0, records=[UserDTO(super=AbstractAuditableDTO(createdAt=20 (truncated)...]
[2026-05-02 03:34:55.300] [DEBUG] [] [ca6e7d4c483c484e9ccb775fa0aad449]: =========================================
[2026-05-02 03:34:55.300] [DEBUG] [] [ca6e7d4c483c484e9ccb775fa0aad449]: ===>> Output object : 

{
	"alg":"SALT_MD5",
	"code":200,
	"data":{
		"empty":false,
		"page":1,
		"pages":0,
		"recordCount":1,
		"records":[
			{
				"birthYear":1990,
				"createdAt":"2026-05-01 21:18:50",
				"createdBy":0,
				"delFlag":false,
				"email":"admin@staff.local",
				"id":1,
				"isVip":false,
				"lastLoginAt":"2026-05-01 21:45:13.229045",
				"nickname":"超级管理员",
				"passwordHash":"$2a$10$YTUeGZqQ/xrX1d9V26669ubXuH90MthjRxhXxJV5EldtWdFm0WQbS",
				"staffRole":1,
				"stampsBalance":0,
				"status":1,
				"updatedAt":"2026-05-01 21:45:13",
				"updatedBy":0
			}
		],
		"size":50,
		"total":0
	},
	"message":"OK",
	"success":true
} 
cn.nine.commons.data.page.PageData<cn.nine.pros.post.client.model.db.UserDTO>

[2026-05-02 03:34:55.300] [DEBUG] [] [ca6e7d4c483c484e9ccb775fa0aad449]: =========================================
[2026-05-02 03:34:55.300] [DEBUG] [] [874d2f42dc8d43109e16cf4eddf06703]: ==> leave RequestContextHolder.
[2026-05-02 03:34:55.300] [DEBUG] [] [874d2f42dc8d43109e16cf4eddf06703]: ==> leave RequestContextHolder.
[2026-05-02 03:34:55.300] [DEBUG] [] [b49b6d9ed4404c988406244139523c20]: =========================================
[2026-05-02 03:34:55.301] [DEBUG] [] [b49b6d9ed4404c988406244139523c20]: ===>> Output object : 

{
	"alg":"SALT_MD5",
	"code":200,
	"data":{
		"empty":false,
		"page":1,
		"pages":0,
		"recordCount":1,
		"records":[
			{
				"birthYear":1990,
				"createdAt":"2026-05-01 21:18:50",
				"createdBy":0,
				"delFlag":false,
				"email":"admin@staff.local",
				"id":1,
				"isVip":false,
				"lastLoginAt":"2026-05-01 21:45:13.229045",
				"nickname":"超级管理员",
				"passwordHash":"$2a$10$YTUeGZqQ/xrX1d9V26669ubXuH90MthjRxhXxJV5EldtWdFm0WQbS",
				"staffRole":1,
				"stampsBalance":0,
				"status":1,
				"updatedAt":"2026-05-01 21:45:13",
				"updatedBy":0
			}
		],
		"size":50,
		"total":0
	},
	"message":"OK",
	"success":true
} 
cn.nine.commons.data.page.PageData<cn.nine.pros.post.client.model.db.UserDTO>

[2026-05-02 03:34:55.301] [DEBUG] [] [b49b6d9ed4404c988406244139523c20]: =========================================
[2026-05-02 03:34:55.301] [DEBUG] [] [b49b6d9ed4404c988406244139523c20]: ==> leave RequestContextHolder.
[2026-05-02 03:34:55.301] [DEBUG] [] [b49b6d9ed4404c988406244139523c20]: ==> leave RequestContextHolder.
[2026-05-02 03:34:55.301] [DEBUG] [] [ca6e7d4c483c484e9ccb775fa0aad449]: ==> leave RequestContextHolder.
[2026-05-02 03:34:55.301] [DEBUG] [] [ca6e7d4c483c484e9ccb775fa0aad449]: ==> leave RequestContextHolder.
[2026-05-02 03:34:55.302] [DEBUG] [] []: ==》/webapi/auth/current -> into PreRequestContextFilter.
[2026-05-02 03:34:55.302] [DEBUG] [] [08124857434b4263a230f36f377f8bbd]: 地址 /webapi/auth/current 进入过滤器
[2026-05-02 03:34:55.304] [DEBUG] [] [08124857434b4263a230f36f377f8bbd]: ==>  Preparing: SELECT id,email,password_hash,nickname,birth_year,country_code,bio,avatar_url,stamps_balance,is_vip,vip_expire_at,status,staff_role,register_ip,last_login_at,created_at,created_by,updated_at,updated_by,del_flag FROM bu_user WHERE id=?
[2026-05-02 03:34:55.304] [DEBUG] [] [08124857434b4263a230f36f377f8bbd]: ==> Parameters: 1(Long)
[2026-05-02 03:34:55.305] [DEBUG] [] [08124857434b4263a230f36f377f8bbd]: <==      Total: 1
[2026-05-02 03:34:55.305] [DEBUG] [] [08124857434b4263a230f36f377f8bbd]: ===> Supports JSON Message Converter : true
[2026-05-02 03:34:55.305] [DEBUG] [] [08124857434b4263a230f36f377f8bbd]: Using 'application/json', given [application/json, text/plain, */*] and supported [application/json, application/*+json]
[2026-05-02 03:34:55.305] [DEBUG] [] [08124857434b4263a230f36f377f8bbd]: ===> Supports JSON Message Converter : true
[2026-05-02 03:34:55.305] [DEBUG] [] [08124857434b4263a230f36f377f8bbd]: Writing [UserDTO(super=AbstractAuditableDTO(createdAt=2026-05-01T21:18:50.206341, createdBy=0, updatedAt=2026 (truncated)...]
[2026-05-02 03:34:55.305] [DEBUG] [] [08124857434b4263a230f36f377f8bbd]: =========================================
[2026-05-02 03:34:55.305] [DEBUG] [] [08124857434b4263a230f36f377f8bbd]: ===>> Output object : 

{
	"alg":"SALT_MD5",
	"code":200,
	"data":{
		"birthYear":1990,
		"createdAt":"2026-05-01 21:18:50",
		"createdBy":0,
		"delFlag":false,
		"email":"admin@staff.local",
		"id":1,
		"isVip":false,
		"lastLoginAt":"2026-05-01 21:45:13.229045",
		"nickname":"超级管理员",
		"staffRole":1,
		"stampsBalance":0,
		"status":1,
		"updatedAt":"2026-05-01 21:45:13",
		"updatedBy":0
	},
	"message":"OK",
	"success":true
} 
class cn.nine.pros.post.client.model.db.UserDTO

[2026-05-02 03:34:55.305] [DEBUG] [] [08124857434b4263a230f36f377f8bbd]: =========================================
[2026-05-02 03:34:55.305] [DEBUG] [] [08124857434b4263a230f36f377f8bbd]: ==> leave RequestContextHolder.
[2026-05-02 03:34:55.305] [DEBUG] [] [08124857434b4263a230f36f377f8bbd]: ==> leave RequestContextHolder.
[2026-05-02 03:42:21.281] [DEBUG] [] []: ==》/webapi/user/paging -> into PreRequestContextFilter.
[2026-05-02 03:42:21.281] [DEBUG] [] [6bb4e613ad684c2eb8ab164473663d9b]: 地址 /webapi/user/paging 进入过滤器
[2026-05-02 03:42:21.288] [DEBUG] [] [6bb4e613ad684c2eb8ab164473663d9b]: ==>  Preparing: SELECT id,email,password_hash,nickname,birth_year,country_code,bio,avatar_url,stamps_balance,is_vip,vip_expire_at,status,staff_role,register_ip,last_login_at,created_at,created_by,updated_at,updated_by,del_flag FROM bu_user WHERE (del_flag = ?) ORDER BY created_at DESC
[2026-05-02 03:42:21.288] [DEBUG] [] [6bb4e613ad684c2eb8ab164473663d9b]: ==> Parameters: false(Boolean)
[2026-05-02 03:42:21.291] [DEBUG] [] [6bb4e613ad684c2eb8ab164473663d9b]: <==      Total: 1
[2026-05-02 03:42:21.293] [DEBUG] [] [6bb4e613ad684c2eb8ab164473663d9b]: ===> Supports JSON Message Converter : true
[2026-05-02 03:42:21.293] [DEBUG] [] [6bb4e613ad684c2eb8ab164473663d9b]: Using 'application/json', given [application/json, text/plain, */*] and supported [application/json, application/*+json]
[2026-05-02 03:42:21.293] [DEBUG] [] [6bb4e613ad684c2eb8ab164473663d9b]: ===> Supports JSON Message Converter : true
[2026-05-02 03:42:21.293] [DEBUG] [] [6bb4e613ad684c2eb8ab164473663d9b]: Writing [PageData(total=0, page=1, size=50, pages=0, records=[UserDTO(super=AbstractAuditableDTO(createdAt=20 (truncated)...]
[2026-05-02 03:42:21.293] [DEBUG] [] [6bb4e613ad684c2eb8ab164473663d9b]: =========================================
[2026-05-02 03:42:21.293] [DEBUG] [] [6bb4e613ad684c2eb8ab164473663d9b]: ===>> Output object : 

{
	"alg":"SALT_MD5",
	"code":200,
	"data":{
		"empty":false,
		"page":1,
		"pages":0,
		"recordCount":1,
		"records":[
			{
				"birthYear":1990,
				"createdAt":"2026-05-01 21:18:50",
				"createdBy":0,
				"delFlag":false,
				"email":"admin@staff.local",
				"id":1,
				"isVip":false,
				"lastLoginAt":"2026-05-01 21:45:13.229045",
				"nickname":"超级管理员",
				"passwordHash":"$2a$10$YTUeGZqQ/xrX1d9V26669ubXuH90MthjRxhXxJV5EldtWdFm0WQbS",
				"staffRole":1,
				"stampsBalance":0,
				"status":1,
				"updatedAt":"2026-05-01 21:45:13",
				"updatedBy":0
			}
		],
		"size":50,
		"total":0
	},
	"message":"OK",
	"success":true
} 
cn.nine.commons.data.page.PageData<cn.nine.pros.post.client.model.db.UserDTO>

[2026-05-02 03:42:21.293] [DEBUG] [] [6bb4e613ad684c2eb8ab164473663d9b]: =========================================
[2026-05-02 03:42:21.293] [DEBUG] [] [6bb4e613ad684c2eb8ab164473663d9b]: ==> leave RequestContextHolder.
[2026-05-02 03:42:21.293] [DEBUG] [] [6bb4e613ad684c2eb8ab164473663d9b]: ==> leave RequestContextHolder.
[2026-05-02 03:42:21.294] [DEBUG] [] []: ==》/webapi/user/paging -> into PreRequestContextFilter.
[2026-05-02 03:42:21.294] [DEBUG] [] [379f7f3a282946778caf2912e833c77a]: 地址 /webapi/user/paging 进入过滤器
[2026-05-02 03:42:21.295] [DEBUG] [] []: ==》/webapi/auth/current -> into PreRequestContextFilter.
[2026-05-02 03:42:21.295] [DEBUG] [] [af44259119a141abb6f130488f2df8fb]: 地址 /webapi/auth/current 进入过滤器
[2026-05-02 03:42:21.296] [DEBUG] [] [af44259119a141abb6f130488f2df8fb]: ==>  Preparing: SELECT id,email,password_hash,nickname,birth_year,country_code,bio,avatar_url,stamps_balance,is_vip,vip_expire_at,status,staff_role,register_ip,last_login_at,created_at,created_by,updated_at,updated_by,del_flag FROM bu_user WHERE id=?
[2026-05-02 03:42:21.296] [DEBUG] [] [af44259119a141abb6f130488f2df8fb]: ==> Parameters: 1(Long)
[2026-05-02 03:42:21.297] [DEBUG] [] [af44259119a141abb6f130488f2df8fb]: <==      Total: 1
[2026-05-02 03:42:21.297] [DEBUG] [] [af44259119a141abb6f130488f2df8fb]: ===> Supports JSON Message Converter : true
[2026-05-02 03:42:21.297] [DEBUG] [] [379f7f3a282946778caf2912e833c77a]: ==>  Preparing: SELECT id,email,password_hash,nickname,birth_year,country_code,bio,avatar_url,stamps_balance,is_vip,vip_expire_at,status,staff_role,register_ip,last_login_at,created_at,created_by,updated_at,updated_by,del_flag FROM bu_user WHERE (del_flag = ?) ORDER BY created_at DESC
[2026-05-02 03:42:21.297] [DEBUG] [] [af44259119a141abb6f130488f2df8fb]: Using 'application/json', given [application/json, text/plain, */*] and supported [application/json, application/*+json]
[2026-05-02 03:42:21.297] [DEBUG] [] [af44259119a141abb6f130488f2df8fb]: ===> Supports JSON Message Converter : true
[2026-05-02 03:42:21.297] [DEBUG] [] [379f7f3a282946778caf2912e833c77a]: ==> Parameters: false(Boolean)
[2026-05-02 03:42:21.297] [DEBUG] [] [af44259119a141abb6f130488f2df8fb]: Writing [UserDTO(super=AbstractAuditableDTO(createdAt=2026-05-01T21:18:50.206341, createdBy=0, updatedAt=2026 (truncated)...]
[2026-05-02 03:42:21.297] [DEBUG] [] [af44259119a141abb6f130488f2df8fb]: =========================================
[2026-05-02 03:42:21.297] [DEBUG] [] [af44259119a141abb6f130488f2df8fb]: ===>> Output object : 

{
	"alg":"SALT_MD5",
	"code":200,
	"data":{
		"birthYear":1990,
		"createdAt":"2026-05-01 21:18:50",
		"createdBy":0,
		"delFlag":false,
		"email":"admin@staff.local",
		"id":1,
		"isVip":false,
		"lastLoginAt":"2026-05-01 21:45:13.229045",
		"nickname":"超级管理员",
		"staffRole":1,
		"stampsBalance":0,
		"status":1,
		"updatedAt":"2026-05-01 21:45:13",
		"updatedBy":0
	},
	"message":"OK",
	"success":true
} 
class cn.nine.pros.post.client.model.db.UserDTO

[2026-05-02 03:42:21.297] [DEBUG] [] [af44259119a141abb6f130488f2df8fb]: =========================================
[2026-05-02 03:42:21.297] [DEBUG] [] [af44259119a141abb6f130488f2df8fb]: ==> leave RequestContextHolder.
[2026-05-02 03:42:21.298] [DEBUG] [] [af44259119a141abb6f130488f2df8fb]: ==> leave RequestContextHolder.
[2026-05-02 03:42:21.298] [DEBUG] [] []: ==》/webapi/auth/current -> into PreRequestContextFilter.
[2026-05-02 03:42:21.298] [DEBUG] [] [887310764c744dc9af68b87609a516b4]: 地址 /webapi/auth/current 进入过滤器
[2026-05-02 03:42:21.300] [DEBUG] [] [887310764c744dc9af68b87609a516b4]: ==>  Preparing: SELECT id,email,password_hash,nickname,birth_year,country_code,bio,avatar_url,stamps_balance,is_vip,vip_expire_at,status,staff_role,register_ip,last_login_at,created_at,created_by,updated_at,updated_by,del_flag FROM bu_user WHERE id=?
[2026-05-02 03:42:21.300] [DEBUG] [] [887310764c744dc9af68b87609a516b4]: ==> Parameters: 1(Long)
[2026-05-02 03:42:21.301] [DEBUG] [] [379f7f3a282946778caf2912e833c77a]: <==      Total: 1
[2026-05-02 03:42:21.301] [DEBUG] [] [887310764c744dc9af68b87609a516b4]: <==      Total: 1
[2026-05-02 03:42:21.301] [DEBUG] [] [887310764c744dc9af68b87609a516b4]: ===> Supports JSON Message Converter : true
[2026-05-02 03:42:21.301] [DEBUG] [] [379f7f3a282946778caf2912e833c77a]: ===> Supports JSON Message Converter : true
[2026-05-02 03:42:21.301] [DEBUG] [] [379f7f3a282946778caf2912e833c77a]: Using 'application/json', given [application/json, text/plain, */*] and supported [application/json, application/*+json]
[2026-05-02 03:42:21.301] [DEBUG] [] [887310764c744dc9af68b87609a516b4]: Using 'application/json', given [application/json, text/plain, */*] and supported [application/json, application/*+json]
[2026-05-02 03:42:21.301] [DEBUG] [] [379f7f3a282946778caf2912e833c77a]: ===> Supports JSON Message Converter : true
[2026-05-02 03:42:21.301] [DEBUG] [] [887310764c744dc9af68b87609a516b4]: ===> Supports JSON Message Converter : true
[2026-05-02 03:42:21.301] [DEBUG] [] [887310764c744dc9af68b87609a516b4]: Writing [UserDTO(super=AbstractAuditableDTO(createdAt=2026-05-01T21:18:50.206341, createdBy=0, updatedAt=2026 (truncated)...]
[2026-05-02 03:42:21.301] [DEBUG] [] [379f7f3a282946778caf2912e833c77a]: Writing [PageData(total=0, page=1, size=50, pages=0, records=[UserDTO(super=AbstractAuditableDTO(createdAt=20 (truncated)...]
[2026-05-02 03:42:21.301] [DEBUG] [] [887310764c744dc9af68b87609a516b4]: =========================================
[2026-05-02 03:42:21.301] [DEBUG] [] [887310764c744dc9af68b87609a516b4]: ===>> Output object : 

{
	"alg":"SALT_MD5",
	"code":200,
	"data":{
		"birthYear":1990,
		"createdAt":"2026-05-01 21:18:50",
		"createdBy":0,
		"delFlag":false,
		"email":"admin@staff.local",
		"id":1,
		"isVip":false,
		"lastLoginAt":"2026-05-01 21:45:13.229045",
		"nickname":"超级管理员",
		"staffRole":1,
		"stampsBalance":0,
		"status":1,
		"updatedAt":"2026-05-01 21:45:13",
		"updatedBy":0
	},
	"message":"OK",
	"success":true
} 
class cn.nine.pros.post.client.model.db.UserDTO

[2026-05-02 03:42:21.301] [DEBUG] [] [887310764c744dc9af68b87609a516b4]: =========================================
[2026-05-02 03:42:21.301] [DEBUG] [] [379f7f3a282946778caf2912e833c77a]: =========================================
[2026-05-02 03:42:21.301] [DEBUG] [] [379f7f3a282946778caf2912e833c77a]: ===>> Output object : 

{
	"alg":"SALT_MD5",
	"code":200,
	"data":{
		"empty":false,
		"page":1,
		"pages":0,
		"recordCount":1,
		"records":[
			{
				"birthYear":1990,
				"createdAt":"2026-05-01 21:18:50",
				"createdBy":0,
				"delFlag":false,
				"email":"admin@staff.local",
				"id":1,
				"isVip":false,
				"lastLoginAt":"2026-05-01 21:45:13.229045",
				"nickname":"超级管理员",
				"passwordHash":"$2a$10$YTUeGZqQ/xrX1d9V26669ubXuH90MthjRxhXxJV5EldtWdFm0WQbS",
				"staffRole":1,
				"stampsBalance":0,
				"status":1,
				"updatedAt":"2026-05-01 21:45:13",
				"updatedBy":0
			}
		],
		"size":50,
		"total":0
	},
	"message":"OK",
	"success":true
} 
cn.nine.commons.data.page.PageData<cn.nine.pros.post.client.model.db.UserDTO>

[2026-05-02 03:42:21.301] [DEBUG] [] [379f7f3a282946778caf2912e833c77a]: =========================================
[2026-05-02 03:42:21.301] [DEBUG] [] [887310764c744dc9af68b87609a516b4]: ==> leave RequestContextHolder.
[2026-05-02 03:42:21.301] [DEBUG] [] [887310764c744dc9af68b87609a516b4]: ==> leave RequestContextHolder.
[2026-05-02 03:42:21.301] [DEBUG] [] [379f7f3a282946778caf2912e833c77a]: ==> leave RequestContextHolder.
[2026-05-02 03:42:21.301] [DEBUG] [] [379f7f3a282946778caf2912e833c77a]: ==> leave RequestContextHolder.
[2026-05-02 03:46:55.270] [DEBUG] [] []: ==》/webapi/user/paging -> into PreRequestContextFilter.
[2026-05-02 03:46:55.270] [DEBUG] [] [6f300335513c450f9cbfb37cd1f97733]: 地址 /webapi/user/paging 进入过滤器
[2026-05-02 03:46:55.270] [DEBUG] [] []: ==》/webapi/auth/current -> into PreRequestContextFilter.
[2026-05-02 03:46:55.270] [DEBUG] [] []: ==》/webapi/user/paging -> into PreRequestContextFilter.
[2026-05-02 03:46:55.270] [DEBUG] [] [e887a54dfc324d3fa9c0cdca986f3dcc]: 地址 /webapi/auth/current 进入过滤器
[2026-05-02 03:46:55.270] [DEBUG] [] [0859a9f256d14bada0dbcfe6ae61a414]: 地址 /webapi/user/paging 进入过滤器
[2026-05-02 03:46:55.272] [DEBUG] [] [e887a54dfc324d3fa9c0cdca986f3dcc]: ==>  Preparing: SELECT id,email,password_hash,nickname,birth_year,country_code,bio,avatar_url,stamps_balance,is_vip,vip_expire_at,status,staff_role,register_ip,last_login_at,created_at,created_by,updated_at,updated_by,del_flag FROM bu_user WHERE id=?
[2026-05-02 03:46:55.272] [DEBUG] [] [e887a54dfc324d3fa9c0cdca986f3dcc]: ==> Parameters: 1(Long)
[2026-05-02 03:46:55.272] [DEBUG] [] [6f300335513c450f9cbfb37cd1f97733]: ==>  Preparing: SELECT id,email,password_hash,nickname,birth_year,country_code,bio,avatar_url,stamps_balance,is_vip,vip_expire_at,status,staff_role,register_ip,last_login_at,created_at,created_by,updated_at,updated_by,del_flag FROM bu_user WHERE (del_flag = ?) ORDER BY created_at DESC
[2026-05-02 03:46:55.272] [DEBUG] [] [6f300335513c450f9cbfb37cd1f97733]: ==> Parameters: false(Boolean)
[2026-05-02 03:46:55.272] [DEBUG] [] [0859a9f256d14bada0dbcfe6ae61a414]: ==>  Preparing: SELECT id,email,password_hash,nickname,birth_year,country_code,bio,avatar_url,stamps_balance,is_vip,vip_expire_at,status,staff_role,register_ip,last_login_at,created_at,created_by,updated_at,updated_by,del_flag FROM bu_user WHERE (del_flag = ?) ORDER BY created_at DESC
[2026-05-02 03:46:55.272] [DEBUG] [] [e887a54dfc324d3fa9c0cdca986f3dcc]: <==      Total: 1
[2026-05-02 03:46:55.272] [DEBUG] [] [0859a9f256d14bada0dbcfe6ae61a414]: ==> Parameters: false(Boolean)
[2026-05-02 03:46:55.272] [DEBUG] [] [e887a54dfc324d3fa9c0cdca986f3dcc]: ===> Supports JSON Message Converter : true
[2026-05-02 03:46:55.272] [DEBUG] [] [e887a54dfc324d3fa9c0cdca986f3dcc]: Using 'application/json', given [application/json, text/plain, */*] and supported [application/json, application/*+json]
[2026-05-02 03:46:55.272] [DEBUG] [] [e887a54dfc324d3fa9c0cdca986f3dcc]: ===> Supports JSON Message Converter : true
[2026-05-02 03:46:55.272] [DEBUG] [] [e887a54dfc324d3fa9c0cdca986f3dcc]: Writing [UserDTO(super=AbstractAuditableDTO(createdAt=2026-05-01T21:18:50.206341, createdBy=0, updatedAt=2026 (truncated)...]
[2026-05-02 03:46:55.273] [DEBUG] [] [e887a54dfc324d3fa9c0cdca986f3dcc]: =========================================
[2026-05-02 03:46:55.273] [DEBUG] [] [6f300335513c450f9cbfb37cd1f97733]: <==      Total: 1
[2026-05-02 03:46:55.273] [DEBUG] [] [e887a54dfc324d3fa9c0cdca986f3dcc]: ===>> Output object : 

{
	"alg":"SALT_MD5",
	"code":200,
	"data":{
		"birthYear":1990,
		"createdAt":"2026-05-01 21:18:50",
		"createdBy":0,
		"delFlag":false,
		"email":"admin@staff.local",
		"id":1,
		"isVip":false,
		"lastLoginAt":"2026-05-01 21:45:13.229045",
		"nickname":"超级管理员",
		"staffRole":1,
		"stampsBalance":0,
		"status":1,
		"updatedAt":"2026-05-01 21:45:13",
		"updatedBy":0
	},
	"message":"OK",
	"success":true
} 
class cn.nine.pros.post.client.model.db.UserDTO

[2026-05-02 03:46:55.273] [DEBUG] [] [e887a54dfc324d3fa9c0cdca986f3dcc]: =========================================
[2026-05-02 03:46:55.273] [DEBUG] [] [6f300335513c450f9cbfb37cd1f97733]: ===> Supports JSON Message Converter : true
[2026-05-02 03:46:55.273] [DEBUG] [] [6f300335513c450f9cbfb37cd1f97733]: Using 'application/json', given [application/json, text/plain, */*] and supported [application/json, application/*+json]
[2026-05-02 03:46:55.273] [DEBUG] [] [6f300335513c450f9cbfb37cd1f97733]: ===> Supports JSON Message Converter : true
[2026-05-02 03:46:55.273] [DEBUG] [] [6f300335513c450f9cbfb37cd1f97733]: Writing [PageData(total=0, page=1, size=50, pages=0, records=[UserDTO(super=AbstractAuditableDTO(createdAt=20 (truncated)...]
[2026-05-02 03:46:55.273] [DEBUG] [] [e887a54dfc324d3fa9c0cdca986f3dcc]: ==> leave RequestContextHolder.
[2026-05-02 03:46:55.273] [DEBUG] [] [e887a54dfc324d3fa9c0cdca986f3dcc]: ==> leave RequestContextHolder.
[2026-05-02 03:46:55.273] [DEBUG] [] [6f300335513c450f9cbfb37cd1f97733]: =========================================
[2026-05-02 03:46:55.273] [DEBUG] [] [6f300335513c450f9cbfb37cd1f97733]: ===>> Output object : 

{
	"alg":"SALT_MD5",
	"code":200,
	"data":{
		"empty":false,
		"page":1,
		"pages":0,
		"recordCount":1,
		"records":[
			{
				"birthYear":1990,
				"createdAt":"2026-05-01 21:18:50",
				"createdBy":0,
				"delFlag":false,
				"email":"admin@staff.local",
				"id":1,
				"isVip":false,
				"lastLoginAt":"2026-05-01 21:45:13.229045",
				"nickname":"超级管理员",
				"passwordHash":"$2a$10$YTUeGZqQ/xrX1d9V26669ubXuH90MthjRxhXxJV5EldtWdFm0WQbS",
				"staffRole":1,
				"stampsBalance":0,
				"status":1,
				"updatedAt":"2026-05-01 21:45:13",
				"updatedBy":0
			}
		],
		"size":50,
		"total":0
	},
	"message":"OK",
	"success":true
} 
cn.nine.commons.data.page.PageData<cn.nine.pros.post.client.model.db.UserDTO>

[2026-05-02 03:46:55.273] [DEBUG] [] [6f300335513c450f9cbfb37cd1f97733]: =========================================
[2026-05-02 03:46:55.274] [DEBUG] [] [6f300335513c450f9cbfb37cd1f97733]: ==> leave RequestContextHolder.
[2026-05-02 03:46:55.274] [DEBUG] [] [6f300335513c450f9cbfb37cd1f97733]: ==> leave RequestContextHolder.
[2026-05-02 03:46:55.276] [DEBUG] [] []: ==》/webapi/auth/current -> into PreRequestContextFilter.
[2026-05-02 03:46:55.276] [DEBUG] [] [aec7250697bf4247aebc2ff559de8ca8]: 地址 /webapi/auth/current 进入过滤器
[2026-05-02 03:46:55.277] [DEBUG] [] [0859a9f256d14bada0dbcfe6ae61a414]: <==      Total: 1
[2026-05-02 03:46:55.277] [DEBUG] [] [aec7250697bf4247aebc2ff559de8ca8]: ==>  Preparing: SELECT id,email,password_hash,nickname,birth_year,country_code,bio,avatar_url,stamps_balance,is_vip,vip_expire_at,status,staff_role,register_ip,last_login_at,created_at,created_by,updated_at,updated_by,del_flag FROM bu_user WHERE id=?
[2026-05-02 03:46:55.277] [DEBUG] [] [aec7250697bf4247aebc2ff559de8ca8]: ==> Parameters: 1(Long)
[2026-05-02 03:46:55.277] [DEBUG] [] [0859a9f256d14bada0dbcfe6ae61a414]: ===> Supports JSON Message Converter : true
[2026-05-02 03:46:55.277] [DEBUG] [] [0859a9f256d14bada0dbcfe6ae61a414]: Using 'application/json', given [application/json, text/plain, */*] and supported [application/json, application/*+json]
[2026-05-02 03:46:55.277] [DEBUG] [] [0859a9f256d14bada0dbcfe6ae61a414]: ===> Supports JSON Message Converter : true
[2026-05-02 03:46:55.277] [DEBUG] [] [0859a9f256d14bada0dbcfe6ae61a414]: Writing [PageData(total=0, page=1, size=50, pages=0, records=[UserDTO(super=AbstractAuditableDTO(createdAt=20 (truncated)...]
[2026-05-02 03:46:55.277] [DEBUG] [] [0859a9f256d14bada0dbcfe6ae61a414]: =========================================
[2026-05-02 03:46:55.277] [DEBUG] [] [0859a9f256d14bada0dbcfe6ae61a414]: ===>> Output object : 

{
	"alg":"SALT_MD5",
	"code":200,
	"data":{
		"empty":false,
		"page":1,
		"pages":0,
		"recordCount":1,
		"records":[
			{
				"birthYear":1990,
				"createdAt":"2026-05-01 21:18:50",
				"createdBy":0,
				"delFlag":false,
				"email":"admin@staff.local",
				"id":1,
				"isVip":false,
				"lastLoginAt":"2026-05-01 21:45:13.229045",
				"nickname":"超级管理员",
				"passwordHash":"$2a$10$YTUeGZqQ/xrX1d9V26669ubXuH90MthjRxhXxJV5EldtWdFm0WQbS",
				"staffRole":1,
				"stampsBalance":0,
				"status":1,
				"updatedAt":"2026-05-01 21:45:13",
				"updatedBy":0
			}
		],
		"size":50,
		"total":0
	},
	"message":"OK",
	"success":true
} 
cn.nine.commons.data.page.PageData<cn.nine.pros.post.client.model.db.UserDTO>

[2026-05-02 03:46:55.277] [DEBUG] [] [0859a9f256d14bada0dbcfe6ae61a414]: =========================================
[2026-05-02 03:46:55.278] [DEBUG] [] [0859a9f256d14bada0dbcfe6ae61a414]: ==> leave RequestContextHolder.
[2026-05-02 03:46:55.278] [DEBUG] [] [aec7250697bf4247aebc2ff559de8ca8]: <==      Total: 1
[2026-05-02 03:46:55.278] [DEBUG] [] [0859a9f256d14bada0dbcfe6ae61a414]: ==> leave RequestContextHolder.
[2026-05-02 03:46:55.278] [DEBUG] [] [aec7250697bf4247aebc2ff559de8ca8]: ===> Supports JSON Message Converter : true
[2026-05-02 03:46:55.278] [DEBUG] [] [aec7250697bf4247aebc2ff559de8ca8]: Using 'application/json', given [application/json, text/plain, */*] and supported [application/json, application/*+json]
[2026-05-02 03:46:55.278] [DEBUG] [] [aec7250697bf4247aebc2ff559de8ca8]: ===> Supports JSON Message Converter : true
[2026-05-02 03:46:55.278] [DEBUG] [] [aec7250697bf4247aebc2ff559de8ca8]: Writing [UserDTO(super=AbstractAuditableDTO(createdAt=2026-05-01T21:18:50.206341, createdBy=0, updatedAt=2026 (truncated)...]
[2026-05-02 03:46:55.278] [DEBUG] [] [aec7250697bf4247aebc2ff559de8ca8]: =========================================
[2026-05-02 03:46:55.278] [DEBUG] [] [aec7250697bf4247aebc2ff559de8ca8]: ===>> Output object : 

{
	"alg":"SALT_MD5",
	"code":200,
	"data":{
		"birthYear":1990,
		"createdAt":"2026-05-01 21:18:50",
		"createdBy":0,
		"delFlag":false,
		"email":"admin@staff.local",
		"id":1,
		"isVip":false,
		"lastLoginAt":"2026-05-01 21:45:13.229045",
		"nickname":"超级管理员",
		"staffRole":1,
		"stampsBalance":0,
		"status":1,
		"updatedAt":"2026-05-01 21:45:13",
		"updatedBy":0
	},
	"message":"OK",
	"success":true
} 
class cn.nine.pros.post.client.model.db.UserDTO

[2026-05-02 03:46:55.278] [DEBUG] [] [aec7250697bf4247aebc2ff559de8ca8]: =========================================
[2026-05-02 03:46:55.278] [DEBUG] [] [aec7250697bf4247aebc2ff559de8ca8]: ==> leave RequestContextHolder.
[2026-05-02 03:46:55.278] [DEBUG] [] [aec7250697bf4247aebc2ff559de8ca8]: ==> leave RequestContextHolder.
[2026-05-02 03:53:21.307] [DEBUG] [] []: ==》/webapi/user/paging -> into PreRequestContextFilter.
[2026-05-02 03:53:21.307] [DEBUG] [] [2dbf9ad2325d4625af674f1377876928]: 地址 /webapi/user/paging 进入过滤器
[2026-05-02 03:53:21.307] [DEBUG] [] []: ==》/webapi/auth/current -> into PreRequestContextFilter.
[2026-05-02 03:53:21.307] [DEBUG] [] []: ==》/webapi/user/paging -> into PreRequestContextFilter.
[2026-05-02 03:53:21.307] [DEBUG] [] [c9b07b58b5f84445b4cd44ce3460eb13]: 地址 /webapi/auth/current 进入过滤器
[2026-05-02 03:53:21.307] [DEBUG] [] [f77d8076ae604c57ab7a07baedb269fd]: 地址 /webapi/user/paging 进入过滤器
[2026-05-02 03:53:21.308] [DEBUG] [] [c9b07b58b5f84445b4cd44ce3460eb13]: ==>  Preparing: SELECT id,email,password_hash,nickname,birth_year,country_code,bio,avatar_url,stamps_balance,is_vip,vip_expire_at,status,staff_role,register_ip,last_login_at,created_at,created_by,updated_at,updated_by,del_flag FROM bu_user WHERE id=?
[2026-05-02 03:53:21.308] [DEBUG] [] [c9b07b58b5f84445b4cd44ce3460eb13]: ==> Parameters: 1(Long)
[2026-05-02 03:53:21.308] [DEBUG] [] [f77d8076ae604c57ab7a07baedb269fd]: ==>  Preparing: SELECT id,email,password_hash,nickname,birth_year,country_code,bio,avatar_url,stamps_balance,is_vip,vip_expire_at,status,staff_role,register_ip,last_login_at,created_at,created_by,updated_at,updated_by,del_flag FROM bu_user WHERE (del_flag = ?) ORDER BY created_at DESC
[2026-05-02 03:53:21.308] [DEBUG] [] [f77d8076ae604c57ab7a07baedb269fd]: ==> Parameters: false(Boolean)
[2026-05-02 03:53:21.308] [DEBUG] [] [2dbf9ad2325d4625af674f1377876928]: ==>  Preparing: SELECT id,email,password_hash,nickname,birth_year,country_code,bio,avatar_url,stamps_balance,is_vip,vip_expire_at,status,staff_role,register_ip,last_login_at,created_at,created_by,updated_at,updated_by,del_flag FROM bu_user WHERE (del_flag = ?) ORDER BY created_at DESC
[2026-05-02 03:53:21.308] [DEBUG] [] [2dbf9ad2325d4625af674f1377876928]: ==> Parameters: false(Boolean)
[2026-05-02 03:53:21.309] [DEBUG] [] [c9b07b58b5f84445b4cd44ce3460eb13]: <==      Total: 1
[2026-05-02 03:53:21.309] [DEBUG] [] [f77d8076ae604c57ab7a07baedb269fd]: <==      Total: 1
[2026-05-02 03:53:21.309] [DEBUG] [] [c9b07b58b5f84445b4cd44ce3460eb13]: ===> Supports JSON Message Converter : true
[2026-05-02 03:53:21.309] [DEBUG] [] [c9b07b58b5f84445b4cd44ce3460eb13]: Using 'application/json', given [application/json, text/plain, */*] and supported [application/json, application/*+json]
[2026-05-02 03:53:21.309] [DEBUG] [] [c9b07b58b5f84445b4cd44ce3460eb13]: ===> Supports JSON Message Converter : true
[2026-05-02 03:53:21.309] [DEBUG] [] [c9b07b58b5f84445b4cd44ce3460eb13]: Writing [UserDTO(super=AbstractAuditableDTO(createdAt=2026-05-01T21:18:50.206341, createdBy=0, updatedAt=2026 (truncated)...]
[2026-05-02 03:53:21.309] [DEBUG] [] [f77d8076ae604c57ab7a07baedb269fd]: ===> Supports JSON Message Converter : true
[2026-05-02 03:53:21.309] [DEBUG] [] [2dbf9ad2325d4625af674f1377876928]: <==      Total: 1
[2026-05-02 03:53:21.309] [DEBUG] [] [f77d8076ae604c57ab7a07baedb269fd]: Using 'application/json', given [application/json, text/plain, */*] and supported [application/json, application/*+json]
[2026-05-02 03:53:21.309] [DEBUG] [] [f77d8076ae604c57ab7a07baedb269fd]: ===> Supports JSON Message Converter : true
[2026-05-02 03:53:21.309] [DEBUG] [] [c9b07b58b5f84445b4cd44ce3460eb13]: =========================================
[2026-05-02 03:53:21.309] [DEBUG] [] [f77d8076ae604c57ab7a07baedb269fd]: Writing [PageData(total=0, page=1, size=50, pages=0, records=[UserDTO(super=AbstractAuditableDTO(createdAt=20 (truncated)...]
[2026-05-02 03:53:21.309] [DEBUG] [] [c9b07b58b5f84445b4cd44ce3460eb13]: ===>> Output object : 

{
	"alg":"SALT_MD5",
	"code":200,
	"data":{
		"birthYear":1990,
		"createdAt":"2026-05-01 21:18:50",
		"createdBy":0,
		"delFlag":false,
		"email":"admin@staff.local",
		"id":1,
		"isVip":false,
		"lastLoginAt":"2026-05-01 21:45:13.229045",
		"nickname":"超级管理员",
		"staffRole":1,
		"stampsBalance":0,
		"status":1,
		"updatedAt":"2026-05-01 21:45:13",
		"updatedBy":0
	},
	"message":"OK",
	"success":true
} 
class cn.nine.pros.post.client.model.db.UserDTO

[2026-05-02 03:53:21.309] [DEBUG] [] [c9b07b58b5f84445b4cd44ce3460eb13]: =========================================
[2026-05-02 03:53:21.309] [DEBUG] [] [2dbf9ad2325d4625af674f1377876928]: ===> Supports JSON Message Converter : true
[2026-05-02 03:53:21.309] [DEBUG] [] [2dbf9ad2325d4625af674f1377876928]: Using 'application/json', given [application/json, text/plain, */*] and supported [application/json, application/*+json]
[2026-05-02 03:53:21.309] [DEBUG] [] [2dbf9ad2325d4625af674f1377876928]: ===> Supports JSON Message Converter : true
[2026-05-02 03:53:21.309] [DEBUG] [] [f77d8076ae604c57ab7a07baedb269fd]: =========================================
[2026-05-02 03:53:21.309] [DEBUG] [] [2dbf9ad2325d4625af674f1377876928]: Writing [PageData(total=0, page=1, size=50, pages=0, records=[UserDTO(super=AbstractAuditableDTO(createdAt=20 (truncated)...]
[2026-05-02 03:53:21.309] [DEBUG] [] [f77d8076ae604c57ab7a07baedb269fd]: ===>> Output object : 

{
	"alg":"SALT_MD5",
	"code":200,
	"data":{
		"empty":false,
		"page":1,
		"pages":0,
		"recordCount":1,
		"records":[
			{
				"birthYear":1990,
				"createdAt":"2026-05-01 21:18:50",
				"createdBy":0,
				"delFlag":false,
				"email":"admin@staff.local",
				"id":1,
				"isVip":false,
				"lastLoginAt":"2026-05-01 21:45:13.229045",
				"nickname":"超级管理员",
				"passwordHash":"$2a$10$YTUeGZqQ/xrX1d9V26669ubXuH90MthjRxhXxJV5EldtWdFm0WQbS",
				"staffRole":1,
				"stampsBalance":0,
				"status":1,
				"updatedAt":"2026-05-01 21:45:13",
				"updatedBy":0
			}
		],
		"size":50,
		"total":0
	},
	"message":"OK",
	"success":true
} 
cn.nine.commons.data.page.PageData<cn.nine.pros.post.client.model.db.UserDTO>

[2026-05-02 03:53:21.309] [DEBUG] [] [f77d8076ae604c57ab7a07baedb269fd]: =========================================
[2026-05-02 03:53:21.309] [DEBUG] [] [c9b07b58b5f84445b4cd44ce3460eb13]: ==> leave RequestContextHolder.
[2026-05-02 03:53:21.309] [DEBUG] [] [c9b07b58b5f84445b4cd44ce3460eb13]: ==> leave RequestContextHolder.
[2026-05-02 03:53:21.309] [DEBUG] [] [2dbf9ad2325d4625af674f1377876928]: =========================================
[2026-05-02 03:53:21.309] [DEBUG] [] [2dbf9ad2325d4625af674f1377876928]: ===>> Output object : 

{
	"alg":"SALT_MD5",
	"code":200,
	"data":{
		"empty":false,
		"page":1,
		"pages":0,
		"recordCount":1,
		"records":[
			{
				"birthYear":1990,
				"createdAt":"2026-05-01 21:18:50",
				"createdBy":0,
				"delFlag":false,
				"email":"admin@staff.local",
				"id":1,
				"isVip":false,
				"lastLoginAt":"2026-05-01 21:45:13.229045",
				"nickname":"超级管理员",
				"passwordHash":"$2a$10$YTUeGZqQ/xrX1d9V26669ubXuH90MthjRxhXxJV5EldtWdFm0WQbS",
				"staffRole":1,
				"stampsBalance":0,
				"status":1,
				"updatedAt":"2026-05-01 21:45:13",
				"updatedBy":0
			}
		],
		"size":50,
		"total":0
	},
	"message":"OK",
	"success":true
} 
cn.nine.commons.data.page.PageData<cn.nine.pros.post.client.model.db.UserDTO>

[2026-05-02 03:53:21.309] [DEBUG] [] [2dbf9ad2325d4625af674f1377876928]: =========================================
[2026-05-02 03:53:21.309] [DEBUG] [] [f77d8076ae604c57ab7a07baedb269fd]: ==> leave RequestContextHolder.
[2026-05-02 03:53:21.309] [DEBUG] [] [f77d8076ae604c57ab7a07baedb269fd]: ==> leave RequestContextHolder.
[2026-05-02 03:53:21.309] [DEBUG] [] [2dbf9ad2325d4625af674f1377876928]: ==> leave RequestContextHolder.
[2026-05-02 03:53:21.309] [DEBUG] [] [2dbf9ad2325d4625af674f1377876928]: ==> leave RequestContextHolder.
[2026-05-02 03:53:21.313] [DEBUG] [] []: ==》/webapi/auth/current -> into PreRequestContextFilter.
[2026-05-02 03:53:21.313] [DEBUG] [] [76db5f671e2946b681d23e3cdd6064fc]: 地址 /webapi/auth/current 进入过滤器
[2026-05-02 03:53:21.314] [DEBUG] [] [76db5f671e2946b681d23e3cdd6064fc]: ==>  Preparing: SELECT id,email,password_hash,nickname,birth_year,country_code,bio,avatar_url,stamps_balance,is_vip,vip_expire_at,status,staff_role,register_ip,last_login_at,created_at,created_by,updated_at,updated_by,del_flag FROM bu_user WHERE id=?
[2026-05-02 03:53:21.314] [DEBUG] [] [76db5f671e2946b681d23e3cdd6064fc]: ==> Parameters: 1(Long)
[2026-05-02 03:53:21.315] [DEBUG] [] [76db5f671e2946b681d23e3cdd6064fc]: <==      Total: 1
[2026-05-02 03:53:21.315] [DEBUG] [] [76db5f671e2946b681d23e3cdd6064fc]: ===> Supports JSON Message Converter : true
[2026-05-02 03:53:21.315] [DEBUG] [] [76db5f671e2946b681d23e3cdd6064fc]: Using 'application/json', given [application/json, text/plain, */*] and supported [application/json, application/*+json]
[2026-05-02 03:53:21.315] [DEBUG] [] [76db5f671e2946b681d23e3cdd6064fc]: ===> Supports JSON Message Converter : true
[2026-05-02 03:53:21.315] [DEBUG] [] [76db5f671e2946b681d23e3cdd6064fc]: Writing [UserDTO(super=AbstractAuditableDTO(createdAt=2026-05-01T21:18:50.206341, createdBy=0, updatedAt=2026 (truncated)...]
[2026-05-02 03:53:21.315] [DEBUG] [] [76db5f671e2946b681d23e3cdd6064fc]: =========================================
[2026-05-02 03:53:21.315] [DEBUG] [] [76db5f671e2946b681d23e3cdd6064fc]: ===>> Output object : 

{
	"alg":"SALT_MD5",
	"code":200,
	"data":{
		"birthYear":1990,
		"createdAt":"2026-05-01 21:18:50",
		"createdBy":0,
		"delFlag":false,
		"email":"admin@staff.local",
		"id":1,
		"isVip":false,
		"lastLoginAt":"2026-05-01 21:45:13.229045",
		"nickname":"超级管理员",
		"staffRole":1,
		"stampsBalance":0,
		"status":1,
		"updatedAt":"2026-05-01 21:45:13",
		"updatedBy":0
	},
	"message":"OK",
	"success":true
} 
class cn.nine.pros.post.client.model.db.UserDTO

[2026-05-02 03:53:21.315] [DEBUG] [] [76db5f671e2946b681d23e3cdd6064fc]: =========================================
[2026-05-02 03:53:21.315] [DEBUG] [] [76db5f671e2946b681d23e3cdd6064fc]: ==> leave RequestContextHolder.
[2026-05-02 03:53:21.315] [DEBUG] [] [76db5f671e2946b681d23e3cdd6064fc]: ==> leave RequestContextHolder.
[2026-05-02 03:57:55.270] [DEBUG] [] []: ==》/webapi/user/paging -> into PreRequestContextFilter.
[2026-05-02 03:57:55.270] [DEBUG] [] [46511eb5330c475680a027946078db55]: 地址 /webapi/user/paging 进入过滤器
[2026-05-02 03:57:55.270] [DEBUG] [] []: ==》/webapi/user/paging -> into PreRequestContextFilter.
[2026-05-02 03:57:55.270] [DEBUG] [] [81fedfa1af154317bd0db70bc864d3c3]: 地址 /webapi/user/paging 进入过滤器
[2026-05-02 03:57:55.270] [DEBUG] [] []: ==》/webapi/auth/current -> into PreRequestContextFilter.
[2026-05-02 03:57:55.270] [DEBUG] [] [02aeba5af5ea4e0eb5104060bed99909]: 地址 /webapi/auth/current 进入过滤器
[2026-05-02 03:57:55.276] [DEBUG] [] [02aeba5af5ea4e0eb5104060bed99909]: ==>  Preparing: SELECT id,email,password_hash,nickname,birth_year,country_code,bio,avatar_url,stamps_balance,is_vip,vip_expire_at,status,staff_role,register_ip,last_login_at,created_at,created_by,updated_at,updated_by,del_flag FROM bu_user WHERE id=?
[2026-05-02 03:57:55.276] [DEBUG] [] [02aeba5af5ea4e0eb5104060bed99909]: ==> Parameters: 1(Long)
[2026-05-02 03:57:55.277] [DEBUG] [] [02aeba5af5ea4e0eb5104060bed99909]: <==      Total: 1
[2026-05-02 03:57:55.277] [DEBUG] [] [81fedfa1af154317bd0db70bc864d3c3]: ==>  Preparing: SELECT id,email,password_hash,nickname,birth_year,country_code,bio,avatar_url,stamps_balance,is_vip,vip_expire_at,status,staff_role,register_ip,last_login_at,created_at,created_by,updated_at,updated_by,del_flag FROM bu_user WHERE (del_flag = ?) ORDER BY created_at DESC
[2026-05-02 03:57:55.277] [DEBUG] [] [46511eb5330c475680a027946078db55]: ==>  Preparing: SELECT id,email,password_hash,nickname,birth_year,country_code,bio,avatar_url,stamps_balance,is_vip,vip_expire_at,status,staff_role,register_ip,last_login_at,created_at,created_by,updated_at,updated_by,del_flag FROM bu_user WHERE (del_flag = ?) ORDER BY created_at DESC
[2026-05-02 03:57:55.277] [DEBUG] [] [02aeba5af5ea4e0eb5104060bed99909]: ===> Supports JSON Message Converter : true
[2026-05-02 03:57:55.277] [DEBUG] [] [46511eb5330c475680a027946078db55]: ==> Parameters: false(Boolean)
[2026-05-02 03:57:55.277] [DEBUG] [] [02aeba5af5ea4e0eb5104060bed99909]: Using 'application/json', given [application/json, text/plain, */*] and supported [application/json, application/*+json]
[2026-05-02 03:57:55.277] [DEBUG] [] [02aeba5af5ea4e0eb5104060bed99909]: ===> Supports JSON Message Converter : true
[2026-05-02 03:57:55.277] [DEBUG] [] [81fedfa1af154317bd0db70bc864d3c3]: ==> Parameters: false(Boolean)
[2026-05-02 03:57:55.277] [DEBUG] [] [02aeba5af5ea4e0eb5104060bed99909]: Writing [UserDTO(super=AbstractAuditableDTO(createdAt=2026-05-01T21:18:50.206341, createdBy=0, updatedAt=2026 (truncated)...]
[2026-05-02 03:57:55.277] [DEBUG] [] [02aeba5af5ea4e0eb5104060bed99909]: =========================================
[2026-05-02 03:57:55.277] [DEBUG] [] [02aeba5af5ea4e0eb5104060bed99909]: ===>> Output object : 

{
	"alg":"SALT_MD5",
	"code":200,
	"data":{
		"birthYear":1990,
		"createdAt":"2026-05-01 21:18:50",
		"createdBy":0,
		"delFlag":false,
		"email":"admin@staff.local",
		"id":1,
		"isVip":false,
		"lastLoginAt":"2026-05-01 21:45:13.229045",
		"nickname":"超级管理员",
		"staffRole":1,
		"stampsBalance":0,
		"status":1,
		"updatedAt":"2026-05-01 21:45:13",
		"updatedBy":0
	},
	"message":"OK",
	"success":true
} 
class cn.nine.pros.post.client.model.db.UserDTO

[2026-05-02 03:57:55.277] [DEBUG] [] [02aeba5af5ea4e0eb5104060bed99909]: =========================================
[2026-05-02 03:57:55.277] [DEBUG] [] [02aeba5af5ea4e0eb5104060bed99909]: ==> leave RequestContextHolder.
[2026-05-02 03:57:55.277] [DEBUG] [] [02aeba5af5ea4e0eb5104060bed99909]: ==> leave RequestContextHolder.
[2026-05-02 03:57:55.277] [DEBUG] [] [46511eb5330c475680a027946078db55]: <==      Total: 1
[2026-05-02 03:57:55.277] [DEBUG] [] [81fedfa1af154317bd0db70bc864d3c3]: <==      Total: 1
[2026-05-02 03:57:55.278] [DEBUG] [] [46511eb5330c475680a027946078db55]: ===> Supports JSON Message Converter : true
[2026-05-02 03:57:55.278] [DEBUG] [] [81fedfa1af154317bd0db70bc864d3c3]: ===> Supports JSON Message Converter : true
[2026-05-02 03:57:55.278] [DEBUG] [] [46511eb5330c475680a027946078db55]: Using 'application/json', given [application/json, text/plain, */*] and supported [application/json, application/*+json]
[2026-05-02 03:57:55.278] [DEBUG] [] [46511eb5330c475680a027946078db55]: ===> Supports JSON Message Converter : true
[2026-05-02 03:57:55.278] [DEBUG] [] [81fedfa1af154317bd0db70bc864d3c3]: Using 'application/json', given [application/json, text/plain, */*] and supported [application/json, application/*+json]
[2026-05-02 03:57:55.278] [DEBUG] [] [81fedfa1af154317bd0db70bc864d3c3]: ===> Supports JSON Message Converter : true
[2026-05-02 03:57:55.278] [DEBUG] [] [81fedfa1af154317bd0db70bc864d3c3]: Writing [PageData(total=0, page=1, size=50, pages=0, records=[UserDTO(super=AbstractAuditableDTO(createdAt=20 (truncated)...]
[2026-05-02 03:57:55.278] [DEBUG] [] [46511eb5330c475680a027946078db55]: Writing [PageData(total=0, page=1, size=50, pages=0, records=[UserDTO(super=AbstractAuditableDTO(createdAt=20 (truncated)...]
[2026-05-02 03:57:55.278] [DEBUG] [] [81fedfa1af154317bd0db70bc864d3c3]: =========================================
[2026-05-02 03:57:55.278] [DEBUG] [] [81fedfa1af154317bd0db70bc864d3c3]: ===>> Output object : 

{
	"alg":"SALT_MD5",
	"code":200,
	"data":{
		"empty":false,
		"page":1,
		"pages":0,
		"recordCount":1,
		"records":[
			{
				"birthYear":1990,
				"createdAt":"2026-05-01 21:18:50",
				"createdBy":0,
				"delFlag":false,
				"email":"admin@staff.local",
				"id":1,
				"isVip":false,
				"lastLoginAt":"2026-05-01 21:45:13.229045",
				"nickname":"超级管理员",
				"passwordHash":"$2a$10$YTUeGZqQ/xrX1d9V26669ubXuH90MthjRxhXxJV5EldtWdFm0WQbS",
				"staffRole":1,
				"stampsBalance":0,
				"status":1,
				"updatedAt":"2026-05-01 21:45:13",
				"updatedBy":0
			}
		],
		"size":50,
		"total":0
	},
	"message":"OK",
	"success":true
} 
cn.nine.commons.data.page.PageData<cn.nine.pros.post.client.model.db.UserDTO>

[2026-05-02 03:57:55.278] [DEBUG] [] [81fedfa1af154317bd0db70bc864d3c3]: =========================================
[2026-05-02 03:57:55.278] [DEBUG] [] [46511eb5330c475680a027946078db55]: =========================================
[2026-05-02 03:57:55.278] [DEBUG] [] [46511eb5330c475680a027946078db55]: ===>> Output object : 

{
	"alg":"SALT_MD5",
	"code":200,
	"data":{
		"empty":false,
		"page":1,
		"pages":0,
		"recordCount":1,
		"records":[
			{
				"birthYear":1990,
				"createdAt":"2026-05-01 21:18:50",
				"createdBy":0,
				"delFlag":false,
				"email":"admin@staff.local",
				"id":1,
				"isVip":false,
				"lastLoginAt":"2026-05-01 21:45:13.229045",
				"nickname":"超级管理员",
				"passwordHash":"$2a$10$YTUeGZqQ/xrX1d9V26669ubXuH90MthjRxhXxJV5EldtWdFm0WQbS",
				"staffRole":1,
				"stampsBalance":0,
				"status":1,
				"updatedAt":"2026-05-01 21:45:13",
				"updatedBy":0
			}
		],
		"size":50,
		"total":0
	},
	"message":"OK",
	"success":true
} 
cn.nine.commons.data.page.PageData<cn.nine.pros.post.client.model.db.UserDTO>

[2026-05-02 03:57:55.278] [DEBUG] [] [46511eb5330c475680a027946078db55]: =========================================
[2026-05-02 03:57:55.278] [DEBUG] [] [81fedfa1af154317bd0db70bc864d3c3]: ==> leave RequestContextHolder.
[2026-05-02 03:57:55.278] [DEBUG] [] [81fedfa1af154317bd0db70bc864d3c3]: ==> leave RequestContextHolder.
[2026-05-02 03:57:55.278] [DEBUG] [] [46511eb5330c475680a027946078db55]: ==> leave RequestContextHolder.
[2026-05-02 03:57:55.278] [DEBUG] [] [46511eb5330c475680a027946078db55]: ==> leave RequestContextHolder.
[2026-05-02 03:57:55.279] [DEBUG] [] []: ==》/webapi/auth/current -> into PreRequestContextFilter.
[2026-05-02 03:57:55.279] [DEBUG] [] [90a17b8989da4dfe875036ea3f240799]: 地址 /webapi/auth/current 进入过滤器
[2026-05-02 03:57:55.280] [DEBUG] [] [90a17b8989da4dfe875036ea3f240799]: ==>  Preparing: SELECT id,email,password_hash,nickname,birth_year,country_code,bio,avatar_url,stamps_balance,is_vip,vip_expire_at,status,staff_role,register_ip,last_login_at,created_at,created_by,updated_at,updated_by,del_flag FROM bu_user WHERE id=?
[2026-05-02 03:57:55.280] [DEBUG] [] [90a17b8989da4dfe875036ea3f240799]: ==> Parameters: 1(Long)
[2026-05-02 03:57:55.281] [DEBUG] [] [90a17b8989da4dfe875036ea3f240799]: <==      Total: 1
[2026-05-02 03:57:55.281] [DEBUG] [] [90a17b8989da4dfe875036ea3f240799]: ===> Supports JSON Message Converter : true
[2026-05-02 03:57:55.281] [DEBUG] [] [90a17b8989da4dfe875036ea3f240799]: Using 'application/json', given [application/json, text/plain, */*] and supported [application/json, application/*+json]
[2026-05-02 03:57:55.281] [DEBUG] [] [90a17b8989da4dfe875036ea3f240799]: ===> Supports JSON Message Converter : true
[2026-05-02 03:57:55.281] [DEBUG] [] [90a17b8989da4dfe875036ea3f240799]: Writing [UserDTO(super=AbstractAuditableDTO(createdAt=2026-05-01T21:18:50.206341, createdBy=0, updatedAt=2026 (truncated)...]
[2026-05-02 03:57:55.281] [DEBUG] [] [90a17b8989da4dfe875036ea3f240799]: =========================================
[2026-05-02 03:57:55.281] [DEBUG] [] [90a17b8989da4dfe875036ea3f240799]: ===>> Output object : 

{
	"alg":"SALT_MD5",
	"code":200,
	"data":{
		"birthYear":1990,
		"createdAt":"2026-05-01 21:18:50",
		"createdBy":0,
		"delFlag":false,
		"email":"admin@staff.local",
		"id":1,
		"isVip":false,
		"lastLoginAt":"2026-05-01 21:45:13.229045",
		"nickname":"超级管理员",
		"staffRole":1,
		"stampsBalance":0,
		"status":1,
		"updatedAt":"2026-05-01 21:45:13",
		"updatedBy":0
	},
	"message":"OK",
	"success":true
} 
class cn.nine.pros.post.client.model.db.UserDTO

[2026-05-02 03:57:55.281] [DEBUG] [] [90a17b8989da4dfe875036ea3f240799]: =========================================
[2026-05-02 03:57:55.281] [DEBUG] [] [90a17b8989da4dfe875036ea3f240799]: ==> leave RequestContextHolder.
[2026-05-02 03:57:55.281] [DEBUG] [] [90a17b8989da4dfe875036ea3f240799]: ==> leave RequestContextHolder.
[2026-05-02 04:04:21.240] [DEBUG] [] []: ==》/webapi/user/paging -> into PreRequestContextFilter.
[2026-05-02 04:04:21.240] [DEBUG] [] []: ==》/webapi/user/paging -> into PreRequestContextFilter.
[2026-05-02 04:04:21.240] [DEBUG] [] [ea16b879c9904b73b76496e2b54d42e8]: 地址 /webapi/user/paging 进入过滤器
[2026-05-02 04:04:21.240] [DEBUG] [] [f26106a82a0b475199b54d57ba1e92bf]: 地址 /webapi/user/paging 进入过滤器
[2026-05-02 04:04:21.243] [DEBUG] [] [f26106a82a0b475199b54d57ba1e92bf]: ==>  Preparing: SELECT id,email,password_hash,nickname,birth_year,country_code,bio,avatar_url,stamps_balance,is_vip,vip_expire_at,status,staff_role,register_ip,last_login_at,created_at,created_by,updated_at,updated_by,del_flag FROM bu_user WHERE (del_flag = ?) ORDER BY created_at DESC
[2026-05-02 04:04:21.243] [DEBUG] [] [ea16b879c9904b73b76496e2b54d42e8]: ==>  Preparing: SELECT id,email,password_hash,nickname,birth_year,country_code,bio,avatar_url,stamps_balance,is_vip,vip_expire_at,status,staff_role,register_ip,last_login_at,created_at,created_by,updated_at,updated_by,del_flag FROM bu_user WHERE (del_flag = ?) ORDER BY created_at DESC
[2026-05-02 04:04:21.243] [DEBUG] [] [f26106a82a0b475199b54d57ba1e92bf]: ==> Parameters: false(Boolean)
[2026-05-02 04:04:21.243] [DEBUG] [] [ea16b879c9904b73b76496e2b54d42e8]: ==> Parameters: false(Boolean)
[2026-05-02 04:04:21.243] [DEBUG] [] [ea16b879c9904b73b76496e2b54d42e8]: <==      Total: 1
[2026-05-02 04:04:21.243] [DEBUG] [] [f26106a82a0b475199b54d57ba1e92bf]: <==      Total: 1
[2026-05-02 04:04:21.243] [DEBUG] [] [ea16b879c9904b73b76496e2b54d42e8]: ===> Supports JSON Message Converter : true
[2026-05-02 04:04:21.243] [DEBUG] [] [f26106a82a0b475199b54d57ba1e92bf]: ===> Supports JSON Message Converter : true
[2026-05-02 04:04:21.243] [DEBUG] [] [ea16b879c9904b73b76496e2b54d42e8]: Using 'application/json', given [application/json, text/plain, */*] and supported [application/json, application/*+json]
[2026-05-02 04:04:21.243] [DEBUG] [] [f26106a82a0b475199b54d57ba1e92bf]: Using 'application/json', given [application/json, text/plain, */*] and supported [application/json, application/*+json]
[2026-05-02 04:04:21.243] [DEBUG] [] [ea16b879c9904b73b76496e2b54d42e8]: ===> Supports JSON Message Converter : true
[2026-05-02 04:04:21.243] [DEBUG] [] [f26106a82a0b475199b54d57ba1e92bf]: ===> Supports JSON Message Converter : true
[2026-05-02 04:04:21.243] [DEBUG] [] [ea16b879c9904b73b76496e2b54d42e8]: Writing [PageData(total=0, page=1, size=50, pages=0, records=[UserDTO(super=AbstractAuditableDTO(createdAt=20 (truncated)...]
[2026-05-02 04:04:21.243] [DEBUG] [] [f26106a82a0b475199b54d57ba1e92bf]: Writing [PageData(total=0, page=1, size=50, pages=0, records=[UserDTO(super=AbstractAuditableDTO(createdAt=20 (truncated)...]
[2026-05-02 04:04:21.243] [DEBUG] [] [ea16b879c9904b73b76496e2b54d42e8]: =========================================
[2026-05-02 04:04:21.244] [DEBUG] [] [ea16b879c9904b73b76496e2b54d42e8]: ===>> Output object : 

{
	"alg":"SALT_MD5",
	"code":200,
	"data":{
		"empty":false,
		"page":1,
		"pages":0,
		"recordCount":1,
		"records":[
			{
				"birthYear":1990,
				"createdAt":"2026-05-01 21:18:50",
				"createdBy":0,
				"delFlag":false,
				"email":"admin@staff.local",
				"id":1,
				"isVip":false,
				"lastLoginAt":"2026-05-01 21:45:13.229045",
				"nickname":"超级管理员",
				"passwordHash":"$2a$10$YTUeGZqQ/xrX1d9V26669ubXuH90MthjRxhXxJV5EldtWdFm0WQbS",
				"staffRole":1,
				"stampsBalance":0,
				"status":1,
				"updatedAt":"2026-05-01 21:45:13",
				"updatedBy":0
			}
		],
		"size":50,
		"total":0
	},
	"message":"OK",
	"success":true
} 
cn.nine.commons.data.page.PageData<cn.nine.pros.post.client.model.db.UserDTO>

[2026-05-02 04:04:21.244] [DEBUG] [] [ea16b879c9904b73b76496e2b54d42e8]: =========================================
[2026-05-02 04:04:21.244] [DEBUG] [] [f26106a82a0b475199b54d57ba1e92bf]: =========================================
[2026-05-02 04:04:21.244] [DEBUG] [] [f26106a82a0b475199b54d57ba1e92bf]: ===>> Output object : 

{
	"alg":"SALT_MD5",
	"code":200,
	"data":{
		"empty":false,
		"page":1,
		"pages":0,
		"recordCount":1,
		"records":[
			{
				"birthYear":1990,
				"createdAt":"2026-05-01 21:18:50",
				"createdBy":0,
				"delFlag":false,
				"email":"admin@staff.local",
				"id":1,
				"isVip":false,
				"lastLoginAt":"2026-05-01 21:45:13.229045",
				"nickname":"超级管理员",
				"passwordHash":"$2a$10$YTUeGZqQ/xrX1d9V26669ubXuH90MthjRxhXxJV5EldtWdFm0WQbS",
				"staffRole":1,
				"stampsBalance":0,
				"status":1,
				"updatedAt":"2026-05-01 21:45:13",
				"updatedBy":0
			}
		],
		"size":50,
		"total":0
	},
	"message":"OK",
	"success":true
} 
cn.nine.commons.data.page.PageData<cn.nine.pros.post.client.model.db.UserDTO>

[2026-05-02 04:04:21.244] [DEBUG] [] [f26106a82a0b475199b54d57ba1e92bf]: =========================================
[2026-05-02 04:04:21.244] [DEBUG] [] [ea16b879c9904b73b76496e2b54d42e8]: ==> leave RequestContextHolder.
[2026-05-02 04:04:21.244] [DEBUG] [] [ea16b879c9904b73b76496e2b54d42e8]: ==> leave RequestContextHolder.
[2026-05-02 04:04:21.244] [DEBUG] [] [f26106a82a0b475199b54d57ba1e92bf]: ==> leave RequestContextHolder.
[2026-05-02 04:04:21.244] [DEBUG] [] [f26106a82a0b475199b54d57ba1e92bf]: ==> leave RequestContextHolder.
[2026-05-02 04:04:21.264] [DEBUG] [] []: ==》/webapi/auth/current -> into PreRequestContextFilter.
[2026-05-02 04:04:21.264] [DEBUG] [] [3076106e9be1460cbce43dd415aa3721]: 地址 /webapi/auth/current 进入过滤器
[2026-05-02 04:04:21.265] [DEBUG] [] [3076106e9be1460cbce43dd415aa3721]: ==>  Preparing: SELECT id,email,password_hash,nickname,birth_year,country_code,bio,avatar_url,stamps_balance,is_vip,vip_expire_at,status,staff_role,register_ip,last_login_at,created_at,created_by,updated_at,updated_by,del_flag FROM bu_user WHERE id=?
[2026-05-02 04:04:21.267] [DEBUG] [] [3076106e9be1460cbce43dd415aa3721]: ==> Parameters: 1(Long)
[2026-05-02 04:04:21.267] [DEBUG] [] [3076106e9be1460cbce43dd415aa3721]: <==      Total: 1
[2026-05-02 04:04:21.267] [DEBUG] [] [3076106e9be1460cbce43dd415aa3721]: ===> Supports JSON Message Converter : true
[2026-05-02 04:04:21.267] [DEBUG] [] [3076106e9be1460cbce43dd415aa3721]: Using 'application/json', given [application/json, text/plain, */*] and supported [application/json, application/*+json]
[2026-05-02 04:04:21.267] [DEBUG] [] [3076106e9be1460cbce43dd415aa3721]: ===> Supports JSON Message Converter : true
[2026-05-02 04:04:21.267] [DEBUG] [] [3076106e9be1460cbce43dd415aa3721]: Writing [UserDTO(super=AbstractAuditableDTO(createdAt=2026-05-01T21:18:50.206341, createdBy=0, updatedAt=2026 (truncated)...]
[2026-05-02 04:04:21.267] [DEBUG] [] [3076106e9be1460cbce43dd415aa3721]: =========================================
[2026-05-02 04:04:21.267] [DEBUG] [] [3076106e9be1460cbce43dd415aa3721]: ===>> Output object : 

{
	"alg":"SALT_MD5",
	"code":200,
	"data":{
		"birthYear":1990,
		"createdAt":"2026-05-01 21:18:50",
		"createdBy":0,
		"delFlag":false,
		"email":"admin@staff.local",
		"id":1,
		"isVip":false,
		"lastLoginAt":"2026-05-01 21:45:13.229045",
		"nickname":"超级管理员",
		"staffRole":1,
		"stampsBalance":0,
		"status":1,
		"updatedAt":"2026-05-01 21:45:13",
		"updatedBy":0
	},
	"message":"OK",
	"success":true
} 
class cn.nine.pros.post.client.model.db.UserDTO

[2026-05-02 04:04:21.268] [DEBUG] [] [3076106e9be1460cbce43dd415aa3721]: =========================================
[2026-05-02 04:04:21.268] [DEBUG] [] [3076106e9be1460cbce43dd415aa3721]: ==> leave RequestContextHolder.
[2026-05-02 04:04:21.268] [DEBUG] [] [3076106e9be1460cbce43dd415aa3721]: ==> leave RequestContextHolder.
[2026-05-02 04:04:21.269] [DEBUG] [] []: ==》/webapi/auth/current -> into PreRequestContextFilter.
[2026-05-02 04:04:21.269] [DEBUG] [] [32de71519a064cc4b25f9367ae5db57f]: 地址 /webapi/auth/current 进入过滤器
[2026-05-02 04:04:21.269] [DEBUG] [] [32de71519a064cc4b25f9367ae5db57f]: ==>  Preparing: SELECT id,email,password_hash,nickname,birth_year,country_code,bio,avatar_url,stamps_balance,is_vip,vip_expire_at,status,staff_role,register_ip,last_login_at,created_at,created_by,updated_at,updated_by,del_flag FROM bu_user WHERE id=?
[2026-05-02 04:04:21.269] [DEBUG] [] [32de71519a064cc4b25f9367ae5db57f]: ==> Parameters: 1(Long)
[2026-05-02 04:04:21.271] [DEBUG] [] [32de71519a064cc4b25f9367ae5db57f]: <==      Total: 1
[2026-05-02 04:04:21.271] [DEBUG] [] [32de71519a064cc4b25f9367ae5db57f]: ===> Supports JSON Message Converter : true
[2026-05-02 04:04:21.271] [DEBUG] [] [32de71519a064cc4b25f9367ae5db57f]: Using 'application/json', given [application/json, text/plain, */*] and supported [application/json, application/*+json]
[2026-05-02 04:04:21.271] [DEBUG] [] [32de71519a064cc4b25f9367ae5db57f]: ===> Supports JSON Message Converter : true
[2026-05-02 04:04:21.271] [DEBUG] [] [32de71519a064cc4b25f9367ae5db57f]: Writing [UserDTO(super=AbstractAuditableDTO(createdAt=2026-05-01T21:18:50.206341, createdBy=0, updatedAt=2026 (truncated)...]
[2026-05-02 04:04:21.271] [DEBUG] [] [32de71519a064cc4b25f9367ae5db57f]: =========================================
[2026-05-02 04:04:21.271] [DEBUG] [] [32de71519a064cc4b25f9367ae5db57f]: ===>> Output object : 

{
	"alg":"SALT_MD5",
	"code":200,
	"data":{
		"birthYear":1990,
		"createdAt":"2026-05-01 21:18:50",
		"createdBy":0,
		"delFlag":false,
		"email":"admin@staff.local",
		"id":1,
		"isVip":false,
		"lastLoginAt":"2026-05-01 21:45:13.229045",
		"nickname":"超级管理员",
		"staffRole":1,
		"stampsBalance":0,
		"status":1,
		"updatedAt":"2026-05-01 21:45:13",
		"updatedBy":0
	},
	"message":"OK",
	"success":true
} 
class cn.nine.pros.post.client.model.db.UserDTO

[2026-05-02 04:04:21.271] [DEBUG] [] [32de71519a064cc4b25f9367ae5db57f]: =========================================
[2026-05-02 04:04:21.271] [DEBUG] [] [32de71519a064cc4b25f9367ae5db57f]: ==> leave RequestContextHolder.
[2026-05-02 04:04:21.271] [DEBUG] [] [32de71519a064cc4b25f9367ae5db57f]: ==> leave RequestContextHolder.
[2026-05-02 04:08:55.309] [DEBUG] [] []: ==》/webapi/user/paging -> into PreRequestContextFilter.
[2026-05-02 04:08:55.310] [DEBUG] [] [9c674ee9c71949c6ac9b1ffe8facb25d]: 地址 /webapi/user/paging 进入过滤器
[2026-05-02 04:08:55.310] [DEBUG] [] []: ==》/webapi/user/paging -> into PreRequestContextFilter.
[2026-05-02 04:08:55.310] [DEBUG] [] []: ==》/webapi/auth/current -> into PreRequestContextFilter.
[2026-05-02 04:08:55.310] [DEBUG] [] [c2d71a7e6bd547b78afe8d320285daa7]: 地址 /webapi/user/paging 进入过滤器
[2026-05-02 04:08:55.310] [DEBUG] [] [c4dbb24672794e709ccc4e1bc0e6932d]: 地址 /webapi/auth/current 进入过滤器
[2026-05-02 04:08:55.311] [DEBUG] [] [c4dbb24672794e709ccc4e1bc0e6932d]: ==>  Preparing: SELECT id,email,password_hash,nickname,birth_year,country_code,bio,avatar_url,stamps_balance,is_vip,vip_expire_at,status,staff_role,register_ip,last_login_at,created_at,created_by,updated_at,updated_by,del_flag FROM bu_user WHERE id=?
[2026-05-02 04:08:55.311] [DEBUG] [] [c4dbb24672794e709ccc4e1bc0e6932d]: ==> Parameters: 1(Long)
[2026-05-02 04:08:55.312] [DEBUG] [] [c4dbb24672794e709ccc4e1bc0e6932d]: <==      Total: 1
[2026-05-02 04:08:55.312] [DEBUG] [] [c4dbb24672794e709ccc4e1bc0e6932d]: ===> Supports JSON Message Converter : true
[2026-05-02 04:08:55.312] [DEBUG] [] [c4dbb24672794e709ccc4e1bc0e6932d]: Using 'application/json', given [application/json, text/plain, */*] and supported [application/json, application/*+json]
[2026-05-02 04:08:55.312] [DEBUG] [] [c4dbb24672794e709ccc4e1bc0e6932d]: ===> Supports JSON Message Converter : true
[2026-05-02 04:08:55.312] [DEBUG] [] [c4dbb24672794e709ccc4e1bc0e6932d]: Writing [UserDTO(super=AbstractAuditableDTO(createdAt=2026-05-01T21:18:50.206341, createdBy=0, updatedAt=2026 (truncated)...]
[2026-05-02 04:08:55.312] [DEBUG] [] [c4dbb24672794e709ccc4e1bc0e6932d]: =========================================
[2026-05-02 04:08:55.312] [DEBUG] [] [c2d71a7e6bd547b78afe8d320285daa7]: ==>  Preparing: SELECT id,email,password_hash,nickname,birth_year,country_code,bio,avatar_url,stamps_balance,is_vip,vip_expire_at,status,staff_role,register_ip,last_login_at,created_at,created_by,updated_at,updated_by,del_flag FROM bu_user WHERE (del_flag = ?) ORDER BY created_at DESC
[2026-05-02 04:08:55.312] [DEBUG] [] [c4dbb24672794e709ccc4e1bc0e6932d]: ===>> Output object : 

{
	"alg":"SALT_MD5",
	"code":200,
	"data":{
		"birthYear":1990,
		"createdAt":"2026-05-01 21:18:50",
		"createdBy":0,
		"delFlag":false,
		"email":"admin@staff.local",
		"id":1,
		"isVip":false,
		"lastLoginAt":"2026-05-01 21:45:13.229045",
		"nickname":"超级管理员",
		"staffRole":1,
		"stampsBalance":0,
		"status":1,
		"updatedAt":"2026-05-01 21:45:13",
		"updatedBy":0
	},
	"message":"OK",
	"success":true
} 
class cn.nine.pros.post.client.model.db.UserDTO

[2026-05-02 04:08:55.312] [DEBUG] [] [c4dbb24672794e709ccc4e1bc0e6932d]: =========================================
[2026-05-02 04:08:55.312] [DEBUG] [] [c2d71a7e6bd547b78afe8d320285daa7]: ==> Parameters: false(Boolean)
[2026-05-02 04:08:55.312] [DEBUG] [] [9c674ee9c71949c6ac9b1ffe8facb25d]: ==>  Preparing: SELECT id,email,password_hash,nickname,birth_year,country_code,bio,avatar_url,stamps_balance,is_vip,vip_expire_at,status,staff_role,register_ip,last_login_at,created_at,created_by,updated_at,updated_by,del_flag FROM bu_user WHERE (del_flag = ?) ORDER BY created_at DESC
[2026-05-02 04:08:55.312] [DEBUG] [] [c4dbb24672794e709ccc4e1bc0e6932d]: ==> leave RequestContextHolder.
[2026-05-02 04:08:55.312] [DEBUG] [] [c4dbb24672794e709ccc4e1bc0e6932d]: ==> leave RequestContextHolder.
[2026-05-02 04:08:55.313] [DEBUG] [] [9c674ee9c71949c6ac9b1ffe8facb25d]: ==> Parameters: false(Boolean)
[2026-05-02 04:08:55.313] [DEBUG] [] [c2d71a7e6bd547b78afe8d320285daa7]: <==      Total: 1
[2026-05-02 04:08:55.313] [DEBUG] [] [9c674ee9c71949c6ac9b1ffe8facb25d]: <==      Total: 1
[2026-05-02 04:08:55.313] [DEBUG] [] [c2d71a7e6bd547b78afe8d320285daa7]: ===> Supports JSON Message Converter : true
[2026-05-02 04:08:55.313] [DEBUG] [] [c2d71a7e6bd547b78afe8d320285daa7]: Using 'application/json', given [application/json, text/plain, */*] and supported [application/json, application/*+json]
[2026-05-02 04:08:55.313] [DEBUG] [] [c2d71a7e6bd547b78afe8d320285daa7]: ===> Supports JSON Message Converter : true
[2026-05-02 04:08:55.313] [DEBUG] [] [c2d71a7e6bd547b78afe8d320285daa7]: Writing [PageData(total=0, page=1, size=50, pages=0, records=[UserDTO(super=AbstractAuditableDTO(createdAt=20 (truncated)...]
[2026-05-02 04:08:55.313] [DEBUG] [] [9c674ee9c71949c6ac9b1ffe8facb25d]: ===> Supports JSON Message Converter : true
[2026-05-02 04:08:55.313] [DEBUG] [] [c2d71a7e6bd547b78afe8d320285daa7]: =========================================
[2026-05-02 04:08:55.313] [DEBUG] [] [9c674ee9c71949c6ac9b1ffe8facb25d]: Using 'application/json', given [application/json, text/plain, */*] and supported [application/json, application/*+json]
[2026-05-02 04:08:55.313] [DEBUG] [] [9c674ee9c71949c6ac9b1ffe8facb25d]: ===> Supports JSON Message Converter : true
[2026-05-02 04:08:55.313] [DEBUG] [] [9c674ee9c71949c6ac9b1ffe8facb25d]: Writing [PageData(total=0, page=1, size=50, pages=0, records=[UserDTO(super=AbstractAuditableDTO(createdAt=20 (truncated)...]
[2026-05-02 04:08:55.313] [DEBUG] [] [c2d71a7e6bd547b78afe8d320285daa7]: ===>> Output object : 

{
	"alg":"SALT_MD5",
	"code":200,
	"data":{
		"empty":false,
		"page":1,
		"pages":0,
		"recordCount":1,
		"records":[
			{
				"birthYear":1990,
				"createdAt":"2026-05-01 21:18:50",
				"createdBy":0,
				"delFlag":false,
				"email":"admin@staff.local",
				"id":1,
				"isVip":false,
				"lastLoginAt":"2026-05-01 21:45:13.229045",
				"nickname":"超级管理员",
				"passwordHash":"$2a$10$YTUeGZqQ/xrX1d9V26669ubXuH90MthjRxhXxJV5EldtWdFm0WQbS",
				"staffRole":1,
				"stampsBalance":0,
				"status":1,
				"updatedAt":"2026-05-01 21:45:13",
				"updatedBy":0
			}
		],
		"size":50,
		"total":0
	},
	"message":"OK",
	"success":true
} 
cn.nine.commons.data.page.PageData<cn.nine.pros.post.client.model.db.UserDTO>

[2026-05-02 04:08:55.313] [DEBUG] [] [c2d71a7e6bd547b78afe8d320285daa7]: =========================================
[2026-05-02 04:08:55.313] [DEBUG] [] [9c674ee9c71949c6ac9b1ffe8facb25d]: =========================================
[2026-05-02 04:08:55.314] [DEBUG] [] [9c674ee9c71949c6ac9b1ffe8facb25d]: ===>> Output object : 

{
	"alg":"SALT_MD5",
	"code":200,
	"data":{
		"empty":false,
		"page":1,
		"pages":0,
		"recordCount":1,
		"records":[
			{
				"birthYear":1990,
				"createdAt":"2026-05-01 21:18:50",
				"createdBy":0,
				"delFlag":false,
				"email":"admin@staff.local",
				"id":1,
				"isVip":false,
				"lastLoginAt":"2026-05-01 21:45:13.229045",
				"nickname":"超级管理员",
				"passwordHash":"$2a$10$YTUeGZqQ/xrX1d9V26669ubXuH90MthjRxhXxJV5EldtWdFm0WQbS",
				"staffRole":1,
				"stampsBalance":0,
				"status":1,
				"updatedAt":"2026-05-01 21:45:13",
				"updatedBy":0
			}
		],
		"size":50,
		"total":0
	},
	"message":"OK",
	"success":true
} 
cn.nine.commons.data.page.PageData<cn.nine.pros.post.client.model.db.UserDTO>

[2026-05-02 04:08:55.314] [DEBUG] [] [9c674ee9c71949c6ac9b1ffe8facb25d]: =========================================
[2026-05-02 04:08:55.314] [DEBUG] [] [c2d71a7e6bd547b78afe8d320285daa7]: ==> leave RequestContextHolder.
[2026-05-02 04:08:55.314] [DEBUG] [] [c2d71a7e6bd547b78afe8d320285daa7]: ==> leave RequestContextHolder.
[2026-05-02 04:08:55.314] [DEBUG] [] [9c674ee9c71949c6ac9b1ffe8facb25d]: ==> leave RequestContextHolder.
[2026-05-02 04:08:55.314] [DEBUG] [] [9c674ee9c71949c6ac9b1ffe8facb25d]: ==> leave RequestContextHolder.
[2026-05-02 04:08:55.314] [DEBUG] [] []: ==》/webapi/auth/current -> into PreRequestContextFilter.
[2026-05-02 04:08:55.315] [DEBUG] [] [2cfea5f0d6fc4760bbe4e063f22b486b]: 地址 /webapi/auth/current 进入过滤器
[2026-05-02 04:08:55.316] [DEBUG] [] [2cfea5f0d6fc4760bbe4e063f22b486b]: ==>  Preparing: SELECT id,email,password_hash,nickname,birth_year,country_code,bio,avatar_url,stamps_balance,is_vip,vip_expire_at,status,staff_role,register_ip,last_login_at,created_at,created_by,updated_at,updated_by,del_flag FROM bu_user WHERE id=?
[2026-05-02 04:08:55.317] [DEBUG] [] [2cfea5f0d6fc4760bbe4e063f22b486b]: ==> Parameters: 1(Long)
[2026-05-02 04:08:55.317] [DEBUG] [] [2cfea5f0d6fc4760bbe4e063f22b486b]: <==      Total: 1
[2026-05-02 04:08:55.317] [DEBUG] [] [2cfea5f0d6fc4760bbe4e063f22b486b]: ===> Supports JSON Message Converter : true
[2026-05-02 04:08:55.317] [DEBUG] [] [2cfea5f0d6fc4760bbe4e063f22b486b]: Using 'application/json', given [application/json, text/plain, */*] and supported [application/json, application/*+json]
[2026-05-02 04:08:55.317] [DEBUG] [] [2cfea5f0d6fc4760bbe4e063f22b486b]: ===> Supports JSON Message Converter : true
[2026-05-02 04:08:55.317] [DEBUG] [] [2cfea5f0d6fc4760bbe4e063f22b486b]: Writing [UserDTO(super=AbstractAuditableDTO(createdAt=2026-05-01T21:18:50.206341, createdBy=0, updatedAt=2026 (truncated)...]
[2026-05-02 04:08:55.317] [DEBUG] [] [2cfea5f0d6fc4760bbe4e063f22b486b]: =========================================
[2026-05-02 04:08:55.317] [DEBUG] [] [2cfea5f0d6fc4760bbe4e063f22b486b]: ===>> Output object : 

{
	"alg":"SALT_MD5",
	"code":200,
	"data":{
		"birthYear":1990,
		"createdAt":"2026-05-01 21:18:50",
		"createdBy":0,
		"delFlag":false,
		"email":"admin@staff.local",
		"id":1,
		"isVip":false,
		"lastLoginAt":"2026-05-01 21:45:13.229045",
		"nickname":"超级管理员",
		"staffRole":1,
		"stampsBalance":0,
		"status":1,
		"updatedAt":"2026-05-01 21:45:13",
		"updatedBy":0
	},
	"message":"OK",
	"success":true
} 
class cn.nine.pros.post.client.model.db.UserDTO

[2026-05-02 04:08:55.317] [DEBUG] [] [2cfea5f0d6fc4760bbe4e063f22b486b]: =========================================
[2026-05-02 04:08:55.317] [DEBUG] [] [2cfea5f0d6fc4760bbe4e063f22b486b]: ==> leave RequestContextHolder.
[2026-05-02 04:08:55.317] [DEBUG] [] [2cfea5f0d6fc4760bbe4e063f22b486b]: ==> leave RequestContextHolder.
[2026-05-02 04:15:21.279] [DEBUG] [] []: ==》/webapi/user/paging -> into PreRequestContextFilter.
[2026-05-02 04:15:21.279] [DEBUG] [] [9aee63fb4d864ec58f488a8852aaf38e]: 地址 /webapi/user/paging 进入过滤器
[2026-05-02 04:15:21.282] [DEBUG] [] [9aee63fb4d864ec58f488a8852aaf38e]: ==>  Preparing: SELECT id,email,password_hash,nickname,birth_year,country_code,bio,avatar_url,stamps_balance,is_vip,vip_expire_at,status,staff_role,register_ip,last_login_at,created_at,created_by,updated_at,updated_by,del_flag FROM bu_user WHERE (del_flag = ?) ORDER BY created_at DESC
[2026-05-02 04:15:21.282] [DEBUG] [] [9aee63fb4d864ec58f488a8852aaf38e]: ==> Parameters: false(Boolean)
[2026-05-02 04:15:21.285] [DEBUG] [] [9aee63fb4d864ec58f488a8852aaf38e]: <==      Total: 1
[2026-05-02 04:15:21.285] [DEBUG] [] [9aee63fb4d864ec58f488a8852aaf38e]: ===> Supports JSON Message Converter : true
[2026-05-02 04:15:21.285] [DEBUG] [] [9aee63fb4d864ec58f488a8852aaf38e]: Using 'application/json', given [application/json, text/plain, */*] and supported [application/json, application/*+json]
[2026-05-02 04:15:21.285] [DEBUG] [] [9aee63fb4d864ec58f488a8852aaf38e]: ===> Supports JSON Message Converter : true
[2026-05-02 04:15:21.285] [DEBUG] [] [9aee63fb4d864ec58f488a8852aaf38e]: Writing [PageData(total=0, page=1, size=50, pages=0, records=[UserDTO(super=AbstractAuditableDTO(createdAt=20 (truncated)...]
[2026-05-02 04:15:21.285] [DEBUG] [] [9aee63fb4d864ec58f488a8852aaf38e]: =========================================
[2026-05-02 04:15:21.285] [DEBUG] [] [9aee63fb4d864ec58f488a8852aaf38e]: ===>> Output object : 

{
	"alg":"SALT_MD5",
	"code":200,
	"data":{
		"empty":false,
		"page":1,
		"pages":0,
		"recordCount":1,
		"records":[
			{
				"birthYear":1990,
				"createdAt":"2026-05-01 21:18:50",
				"createdBy":0,
				"delFlag":false,
				"email":"admin@staff.local",
				"id":1,
				"isVip":false,
				"lastLoginAt":"2026-05-01 21:45:13.229045",
				"nickname":"超级管理员",
				"passwordHash":"$2a$10$YTUeGZqQ/xrX1d9V26669ubXuH90MthjRxhXxJV5EldtWdFm0WQbS",
				"staffRole":1,
				"stampsBalance":0,
				"status":1,
				"updatedAt":"2026-05-01 21:45:13",
				"updatedBy":0
			}
		],
		"size":50,
		"total":0
	},
	"message":"OK",
	"success":true
} 
cn.nine.commons.data.page.PageData<cn.nine.pros.post.client.model.db.UserDTO>

[2026-05-02 04:15:21.285] [DEBUG] [] [9aee63fb4d864ec58f488a8852aaf38e]: =========================================
[2026-05-02 04:15:21.286] [DEBUG] [] [9aee63fb4d864ec58f488a8852aaf38e]: ==> leave RequestContextHolder.
[2026-05-02 04:15:21.286] [DEBUG] [] [9aee63fb4d864ec58f488a8852aaf38e]: ==> leave RequestContextHolder.
[2026-05-02 04:15:21.296] [DEBUG] [] []: ==》/webapi/auth/current -> into PreRequestContextFilter.
[2026-05-02 04:15:21.296] [DEBUG] [] []: ==》/webapi/user/paging -> into PreRequestContextFilter.
[2026-05-02 04:15:21.296] [DEBUG] [] [43b00cba10a140f78dfb6853cad3623d]: 地址 /webapi/auth/current 进入过滤器
[2026-05-02 04:15:21.296] [DEBUG] [] [f0ab37177f1140a789c7321157c70ac5]: 地址 /webapi/user/paging 进入过滤器
[2026-05-02 04:15:21.297] [DEBUG] [] [43b00cba10a140f78dfb6853cad3623d]: ==>  Preparing: SELECT id,email,password_hash,nickname,birth_year,country_code,bio,avatar_url,stamps_balance,is_vip,vip_expire_at,status,staff_role,register_ip,last_login_at,created_at,created_by,updated_at,updated_by,del_flag FROM bu_user WHERE id=?
[2026-05-02 04:15:21.297] [DEBUG] [] [43b00cba10a140f78dfb6853cad3623d]: ==> Parameters: 1(Long)
[2026-05-02 04:15:21.297] [DEBUG] [] [43b00cba10a140f78dfb6853cad3623d]: <==      Total: 1
[2026-05-02 04:15:21.297] [DEBUG] [] [43b00cba10a140f78dfb6853cad3623d]: ===> Supports JSON Message Converter : true
[2026-05-02 04:15:21.297] [DEBUG] [] [f0ab37177f1140a789c7321157c70ac5]: ==>  Preparing: SELECT id,email,password_hash,nickname,birth_year,country_code,bio,avatar_url,stamps_balance,is_vip,vip_expire_at,status,staff_role,register_ip,last_login_at,created_at,created_by,updated_at,updated_by,del_flag FROM bu_user WHERE (del_flag = ?) ORDER BY created_at DESC
[2026-05-02 04:15:21.297] [DEBUG] [] [43b00cba10a140f78dfb6853cad3623d]: Using 'application/json', given [application/json, text/plain, */*] and supported [application/json, application/*+json]
[2026-05-02 04:15:21.297] [DEBUG] [] [43b00cba10a140f78dfb6853cad3623d]: ===> Supports JSON Message Converter : true
[2026-05-02 04:15:21.297] [DEBUG] [] [f0ab37177f1140a789c7321157c70ac5]: ==> Parameters: false(Boolean)
[2026-05-02 04:15:21.297] [DEBUG] [] [43b00cba10a140f78dfb6853cad3623d]: Writing [UserDTO(super=AbstractAuditableDTO(createdAt=2026-05-01T21:18:50.206341, createdBy=0, updatedAt=2026 (truncated)...]
[2026-05-02 04:15:21.297] [DEBUG] [] [43b00cba10a140f78dfb6853cad3623d]: =========================================
[2026-05-02 04:15:21.297] [DEBUG] [] [43b00cba10a140f78dfb6853cad3623d]: ===>> Output object : 

{
	"alg":"SALT_MD5",
	"code":200,
	"data":{
		"birthYear":1990,
		"createdAt":"2026-05-01 21:18:50",
		"createdBy":0,
		"delFlag":false,
		"email":"admin@staff.local",
		"id":1,
		"isVip":false,
		"lastLoginAt":"2026-05-01 21:45:13.229045",
		"nickname":"超级管理员",
		"staffRole":1,
		"stampsBalance":0,
		"status":1,
		"updatedAt":"2026-05-01 21:45:13",
		"updatedBy":0
	},
	"message":"OK",
	"success":true
} 
class cn.nine.pros.post.client.model.db.UserDTO

[2026-05-02 04:15:21.297] [DEBUG] [] [43b00cba10a140f78dfb6853cad3623d]: =========================================
[2026-05-02 04:15:21.299] [DEBUG] [] [43b00cba10a140f78dfb6853cad3623d]: ==> leave RequestContextHolder.
[2026-05-02 04:15:21.299] [DEBUG] [] [43b00cba10a140f78dfb6853cad3623d]: ==> leave RequestContextHolder.
[2026-05-02 04:15:21.300] [DEBUG] [] []: ==》/webapi/auth/current -> into PreRequestContextFilter.
[2026-05-02 04:15:21.300] [DEBUG] [] [4d66e273fbd146d1bc9e98ac1c596c8f]: 地址 /webapi/auth/current 进入过滤器
[2026-05-02 04:15:21.301] [DEBUG] [] [4d66e273fbd146d1bc9e98ac1c596c8f]: ==>  Preparing: SELECT id,email,password_hash,nickname,birth_year,country_code,bio,avatar_url,stamps_balance,is_vip,vip_expire_at,status,staff_role,register_ip,last_login_at,created_at,created_by,updated_at,updated_by,del_flag FROM bu_user WHERE id=?
[2026-05-02 04:15:21.301] [DEBUG] [] [4d66e273fbd146d1bc9e98ac1c596c8f]: ==> Parameters: 1(Long)
[2026-05-02 04:15:21.301] [DEBUG] [] [4d66e273fbd146d1bc9e98ac1c596c8f]: <==      Total: 1
[2026-05-02 04:15:21.301] [DEBUG] [] [4d66e273fbd146d1bc9e98ac1c596c8f]: ===> Supports JSON Message Converter : true
[2026-05-02 04:15:21.301] [DEBUG] [] [4d66e273fbd146d1bc9e98ac1c596c8f]: Using 'application/json', given [application/json, text/plain, */*] and supported [application/json, application/*+json]
[2026-05-02 04:15:21.301] [DEBUG] [] [4d66e273fbd146d1bc9e98ac1c596c8f]: ===> Supports JSON Message Converter : true
[2026-05-02 04:15:21.301] [DEBUG] [] [4d66e273fbd146d1bc9e98ac1c596c8f]: Writing [UserDTO(super=AbstractAuditableDTO(createdAt=2026-05-01T21:18:50.206341, createdBy=0, updatedAt=2026 (truncated)...]
[2026-05-02 04:15:21.301] [DEBUG] [] [4d66e273fbd146d1bc9e98ac1c596c8f]: =========================================
[2026-05-02 04:15:21.302] [DEBUG] [] [4d66e273fbd146d1bc9e98ac1c596c8f]: ===>> Output object : 

{
	"alg":"SALT_MD5",
	"code":200,
	"data":{
		"birthYear":1990,
		"createdAt":"2026-05-01 21:18:50",
		"createdBy":0,
		"delFlag":false,
		"email":"admin@staff.local",
		"id":1,
		"isVip":false,
		"lastLoginAt":"2026-05-01 21:45:13.229045",
		"nickname":"超级管理员",
		"staffRole":1,
		"stampsBalance":0,
		"status":1,
		"updatedAt":"2026-05-01 21:45:13",
		"updatedBy":0
	},
	"message":"OK",
	"success":true
} 
class cn.nine.pros.post.client.model.db.UserDTO

[2026-05-02 04:15:21.302] [DEBUG] [] [4d66e273fbd146d1bc9e98ac1c596c8f]: =========================================
[2026-05-02 04:15:21.302] [DEBUG] [] [f0ab37177f1140a789c7321157c70ac5]: <==      Total: 1
[2026-05-02 04:15:21.302] [DEBUG] [] [4d66e273fbd146d1bc9e98ac1c596c8f]: ==> leave RequestContextHolder.
[2026-05-02 04:15:21.302] [DEBUG] [] [4d66e273fbd146d1bc9e98ac1c596c8f]: ==> leave RequestContextHolder.
[2026-05-02 04:15:21.302] [DEBUG] [] [f0ab37177f1140a789c7321157c70ac5]: ===> Supports JSON Message Converter : true
[2026-05-02 04:15:21.302] [DEBUG] [] [f0ab37177f1140a789c7321157c70ac5]: Using 'application/json', given [application/json, text/plain, */*] and supported [application/json, application/*+json]
[2026-05-02 04:15:21.302] [DEBUG] [] [f0ab37177f1140a789c7321157c70ac5]: ===> Supports JSON Message Converter : true
[2026-05-02 04:15:21.302] [DEBUG] [] [f0ab37177f1140a789c7321157c70ac5]: Writing [PageData(total=0, page=1, size=50, pages=0, records=[UserDTO(super=AbstractAuditableDTO(createdAt=20 (truncated)...]
[2026-05-02 04:15:21.302] [DEBUG] [] [f0ab37177f1140a789c7321157c70ac5]: =========================================
[2026-05-02 04:15:21.302] [DEBUG] [] [f0ab37177f1140a789c7321157c70ac5]: ===>> Output object : 

{
	"alg":"SALT_MD5",
	"code":200,
	"data":{
		"empty":false,
		"page":1,
		"pages":0,
		"recordCount":1,
		"records":[
			{
				"birthYear":1990,
				"createdAt":"2026-05-01 21:18:50",
				"createdBy":0,
				"delFlag":false,
				"email":"admin@staff.local",
				"id":1,
				"isVip":false,
				"lastLoginAt":"2026-05-01 21:45:13.229045",
				"nickname":"超级管理员",
				"passwordHash":"$2a$10$YTUeGZqQ/xrX1d9V26669ubXuH90MthjRxhXxJV5EldtWdFm0WQbS",
				"staffRole":1,
				"stampsBalance":0,
				"status":1,
				"updatedAt":"2026-05-01 21:45:13",
				"updatedBy":0
			}
		],
		"size":50,
		"total":0
	},
	"message":"OK",
	"success":true
} 
cn.nine.commons.data.page.PageData<cn.nine.pros.post.client.model.db.UserDTO>

[2026-05-02 04:15:21.302] [DEBUG] [] [f0ab37177f1140a789c7321157c70ac5]: =========================================
[2026-05-02 04:15:21.302] [DEBUG] [] [f0ab37177f1140a789c7321157c70ac5]: ==> leave RequestContextHolder.
[2026-05-02 04:15:21.302] [DEBUG] [] [f0ab37177f1140a789c7321157c70ac5]: ==> leave RequestContextHolder.
[2026-05-02 04:19:55.308] [DEBUG] [] []: ==》/webapi/user/paging -> into PreRequestContextFilter.
[2026-05-02 04:19:55.309] [DEBUG] [] [a1219d7723c14dc7a133e0e6d1ea1c9c]: 地址 /webapi/user/paging 进入过滤器
[2026-05-02 04:19:55.309] [DEBUG] [] []: ==》/webapi/auth/current -> into PreRequestContextFilter.
[2026-05-02 04:19:55.309] [DEBUG] [] []: ==》/webapi/user/paging -> into PreRequestContextFilter.
[2026-05-02 04:19:55.309] [DEBUG] [] [b9a9406ce7eb429bb9e3ae444379a905]: 地址 /webapi/auth/current 进入过滤器
[2026-05-02 04:19:55.309] [DEBUG] [] [9e857f5ea4e841d0ab035640f17045ee]: 地址 /webapi/user/paging 进入过滤器
[2026-05-02 04:19:55.310] [DEBUG] [] [b9a9406ce7eb429bb9e3ae444379a905]: ==>  Preparing: SELECT id,email,password_hash,nickname,birth_year,country_code,bio,avatar_url,stamps_balance,is_vip,vip_expire_at,status,staff_role,register_ip,last_login_at,created_at,created_by,updated_at,updated_by,del_flag FROM bu_user WHERE id=?
[2026-05-02 04:19:55.311] [DEBUG] [] [b9a9406ce7eb429bb9e3ae444379a905]: ==> Parameters: 1(Long)
[2026-05-02 04:19:55.311] [DEBUG] [] [9e857f5ea4e841d0ab035640f17045ee]: ==>  Preparing: SELECT id,email,password_hash,nickname,birth_year,country_code,bio,avatar_url,stamps_balance,is_vip,vip_expire_at,status,staff_role,register_ip,last_login_at,created_at,created_by,updated_at,updated_by,del_flag FROM bu_user WHERE (del_flag = ?) ORDER BY created_at DESC
[2026-05-02 04:19:55.311] [DEBUG] [] [9e857f5ea4e841d0ab035640f17045ee]: ==> Parameters: false(Boolean)
[2026-05-02 04:19:55.311] [DEBUG] [] [b9a9406ce7eb429bb9e3ae444379a905]: <==      Total: 1
[2026-05-02 04:19:55.311] [DEBUG] [] [a1219d7723c14dc7a133e0e6d1ea1c9c]: ==>  Preparing: SELECT id,email,password_hash,nickname,birth_year,country_code,bio,avatar_url,stamps_balance,is_vip,vip_expire_at,status,staff_role,register_ip,last_login_at,created_at,created_by,updated_at,updated_by,del_flag FROM bu_user WHERE (del_flag = ?) ORDER BY created_at DESC
[2026-05-02 04:19:55.311] [DEBUG] [] [b9a9406ce7eb429bb9e3ae444379a905]: ===> Supports JSON Message Converter : true
[2026-05-02 04:19:55.311] [DEBUG] [] [a1219d7723c14dc7a133e0e6d1ea1c9c]: ==> Parameters: false(Boolean)
[2026-05-02 04:19:55.311] [DEBUG] [] [b9a9406ce7eb429bb9e3ae444379a905]: Using 'application/json', given [application/json, text/plain, */*] and supported [application/json, application/*+json]
[2026-05-02 04:19:55.311] [DEBUG] [] [b9a9406ce7eb429bb9e3ae444379a905]: ===> Supports JSON Message Converter : true
[2026-05-02 04:19:55.311] [DEBUG] [] [b9a9406ce7eb429bb9e3ae444379a905]: Writing [UserDTO(super=AbstractAuditableDTO(createdAt=2026-05-01T21:18:50.206341, createdBy=0, updatedAt=2026 (truncated)...]
[2026-05-02 04:19:55.311] [DEBUG] [] [b9a9406ce7eb429bb9e3ae444379a905]: =========================================
[2026-05-02 04:19:55.311] [DEBUG] [] [b9a9406ce7eb429bb9e3ae444379a905]: ===>> Output object : 

{
	"alg":"SALT_MD5",
	"code":200,
	"data":{
		"birthYear":1990,
		"createdAt":"2026-05-01 21:18:50",
		"createdBy":0,
		"delFlag":false,
		"email":"admin@staff.local",
		"id":1,
		"isVip":false,
		"lastLoginAt":"2026-05-01 21:45:13.229045",
		"nickname":"超级管理员",
		"staffRole":1,
		"stampsBalance":0,
		"status":1,
		"updatedAt":"2026-05-01 21:45:13",
		"updatedBy":0
	},
	"message":"OK",
	"success":true
} 
class cn.nine.pros.post.client.model.db.UserDTO

[2026-05-02 04:19:55.311] [DEBUG] [] [b9a9406ce7eb429bb9e3ae444379a905]: =========================================
[2026-05-02 04:19:55.311] [DEBUG] [] [9e857f5ea4e841d0ab035640f17045ee]: <==      Total: 1
[2026-05-02 04:19:55.312] [DEBUG] [] [b9a9406ce7eb429bb9e3ae444379a905]: ==> leave RequestContextHolder.
[2026-05-02 04:19:55.312] [DEBUG] [] [b9a9406ce7eb429bb9e3ae444379a905]: ==> leave RequestContextHolder.
[2026-05-02 04:19:55.312] [DEBUG] [] [9e857f5ea4e841d0ab035640f17045ee]: ===> Supports JSON Message Converter : true
[2026-05-02 04:19:55.312] [DEBUG] [] [9e857f5ea4e841d0ab035640f17045ee]: Using 'application/json', given [application/json, text/plain, */*] and supported [application/json, application/*+json]
[2026-05-02 04:19:55.312] [DEBUG] [] [9e857f5ea4e841d0ab035640f17045ee]: ===> Supports JSON Message Converter : true
[2026-05-02 04:19:55.312] [DEBUG] [] [9e857f5ea4e841d0ab035640f17045ee]: Writing [PageData(total=0, page=1, size=50, pages=0, records=[UserDTO(super=AbstractAuditableDTO(createdAt=20 (truncated)...]
[2026-05-02 04:19:55.312] [DEBUG] [] [9e857f5ea4e841d0ab035640f17045ee]: =========================================
[2026-05-02 04:19:55.312] [DEBUG] [] [9e857f5ea4e841d0ab035640f17045ee]: ===>> Output object : 

{
	"alg":"SALT_MD5",
	"code":200,
	"data":{
		"empty":false,
		"page":1,
		"pages":0,
		"recordCount":1,
		"records":[
			{
				"birthYear":1990,
				"createdAt":"2026-05-01 21:18:50",
				"createdBy":0,
				"delFlag":false,
				"email":"admin@staff.local",
				"id":1,
				"isVip":false,
				"lastLoginAt":"2026-05-01 21:45:13.229045",
				"nickname":"超级管理员",
				"passwordHash":"$2a$10$YTUeGZqQ/xrX1d9V26669ubXuH90MthjRxhXxJV5EldtWdFm0WQbS",
				"staffRole":1,
				"stampsBalance":0,
				"status":1,
				"updatedAt":"2026-05-01 21:45:13",
				"updatedBy":0
			}
		],
		"size":50,
		"total":0
	},
	"message":"OK",
	"success":true
} 
cn.nine.commons.data.page.PageData<cn.nine.pros.post.client.model.db.UserDTO>

[2026-05-02 04:19:55.312] [DEBUG] [] [9e857f5ea4e841d0ab035640f17045ee]: =========================================
[2026-05-02 04:19:55.313] [DEBUG] [] [9e857f5ea4e841d0ab035640f17045ee]: ==> leave RequestContextHolder.
[2026-05-02 04:19:55.313] [DEBUG] [] [9e857f5ea4e841d0ab035640f17045ee]: ==> leave RequestContextHolder.
[2026-05-02 04:19:55.313] [DEBUG] [] []: ==》/webapi/auth/current -> into PreRequestContextFilter.
[2026-05-02 04:19:55.313] [DEBUG] [] [bf51f7606c5344e9a998704b6787bf5e]: 地址 /webapi/auth/current 进入过滤器
[2026-05-02 04:19:55.316] [DEBUG] [] [bf51f7606c5344e9a998704b6787bf5e]: ==>  Preparing: SELECT id,email,password_hash,nickname,birth_year,country_code,bio,avatar_url,stamps_balance,is_vip,vip_expire_at,status,staff_role,register_ip,last_login_at,created_at,created_by,updated_at,updated_by,del_flag FROM bu_user WHERE id=?
[2026-05-02 04:19:55.316] [DEBUG] [] [bf51f7606c5344e9a998704b6787bf5e]: ==> Parameters: 1(Long)
[2026-05-02 04:19:55.316] [DEBUG] [] [a1219d7723c14dc7a133e0e6d1ea1c9c]: <==      Total: 1
[2026-05-02 04:19:55.316] [DEBUG] [] [a1219d7723c14dc7a133e0e6d1ea1c9c]: ===> Supports JSON Message Converter : true
[2026-05-02 04:19:55.316] [DEBUG] [] [a1219d7723c14dc7a133e0e6d1ea1c9c]: Using 'application/json', given [application/json, text/plain, */*] and supported [application/json, application/*+json]
[2026-05-02 04:19:55.316] [DEBUG] [] [a1219d7723c14dc7a133e0e6d1ea1c9c]: ===> Supports JSON Message Converter : true
[2026-05-02 04:19:55.316] [DEBUG] [] [a1219d7723c14dc7a133e0e6d1ea1c9c]: Writing [PageData(total=0, page=1, size=50, pages=0, records=[UserDTO(super=AbstractAuditableDTO(createdAt=20 (truncated)...]
[2026-05-02 04:19:55.316] [DEBUG] [] [a1219d7723c14dc7a133e0e6d1ea1c9c]: =========================================
[2026-05-02 04:19:55.316] [DEBUG] [] [a1219d7723c14dc7a133e0e6d1ea1c9c]: ===>> Output object : 

{
	"alg":"SALT_MD5",
	"code":200,
	"data":{
		"empty":false,
		"page":1,
		"pages":0,
		"recordCount":1,
		"records":[
			{
				"birthYear":1990,
				"createdAt":"2026-05-01 21:18:50",
				"createdBy":0,
				"delFlag":false,
				"email":"admin@staff.local",
				"id":1,
				"isVip":false,
				"lastLoginAt":"2026-05-01 21:45:13.229045",
				"nickname":"超级管理员",
				"passwordHash":"$2a$10$YTUeGZqQ/xrX1d9V26669ubXuH90MthjRxhXxJV5EldtWdFm0WQbS",
				"staffRole":1,
				"stampsBalance":0,
				"status":1,
				"updatedAt":"2026-05-01 21:45:13",
				"updatedBy":0
			}
		],
		"size":50,
		"total":0
	},
	"message":"OK",
	"success":true
} 
cn.nine.commons.data.page.PageData<cn.nine.pros.post.client.model.db.UserDTO>

[2026-05-02 04:19:55.316] [DEBUG] [] [a1219d7723c14dc7a133e0e6d1ea1c9c]: =========================================
[2026-05-02 04:19:55.316] [DEBUG] [] [bf51f7606c5344e9a998704b6787bf5e]: <==      Total: 1
[2026-05-02 04:19:55.316] [DEBUG] [] [bf51f7606c5344e9a998704b6787bf5e]: ===> Supports JSON Message Converter : true
[2026-05-02 04:19:55.317] [DEBUG] [] [bf51f7606c5344e9a998704b6787bf5e]: Using 'application/json', given [application/json, text/plain, */*] and supported [application/json, application/*+json]
[2026-05-02 04:19:55.317] [DEBUG] [] [bf51f7606c5344e9a998704b6787bf5e]: ===> Supports JSON Message Converter : true
[2026-05-02 04:19:55.317] [DEBUG] [] [a1219d7723c14dc7a133e0e6d1ea1c9c]: ==> leave RequestContextHolder.
[2026-05-02 04:19:55.317] [DEBUG] [] [a1219d7723c14dc7a133e0e6d1ea1c9c]: ==> leave RequestContextHolder.
[2026-05-02 04:19:55.317] [DEBUG] [] [bf51f7606c5344e9a998704b6787bf5e]: Writing [UserDTO(super=AbstractAuditableDTO(createdAt=2026-05-01T21:18:50.206341, createdBy=0, updatedAt=2026 (truncated)...]
[2026-05-02 04:19:55.317] [DEBUG] [] [bf51f7606c5344e9a998704b6787bf5e]: =========================================
[2026-05-02 04:19:55.317] [DEBUG] [] [bf51f7606c5344e9a998704b6787bf5e]: ===>> Output object : 

{
	"alg":"SALT_MD5",
	"code":200,
	"data":{
		"birthYear":1990,
		"createdAt":"2026-05-01 21:18:50",
		"createdBy":0,
		"delFlag":false,
		"email":"admin@staff.local",
		"id":1,
		"isVip":false,
		"lastLoginAt":"2026-05-01 21:45:13.229045",
		"nickname":"超级管理员",
		"staffRole":1,
		"stampsBalance":0,
		"status":1,
		"updatedAt":"2026-05-01 21:45:13",
		"updatedBy":0
	},
	"message":"OK",
	"success":true
} 
class cn.nine.pros.post.client.model.db.UserDTO

[2026-05-02 04:19:55.317] [DEBUG] [] [bf51f7606c5344e9a998704b6787bf5e]: =========================================
[2026-05-02 04:19:55.317] [DEBUG] [] [bf51f7606c5344e9a998704b6787bf5e]: ==> leave RequestContextHolder.
[2026-05-02 04:19:55.317] [DEBUG] [] [bf51f7606c5344e9a998704b6787bf5e]: ==> leave RequestContextHolder.
[2026-05-02 04:26:21.298] [DEBUG] [] []: ==》/webapi/user/paging -> into PreRequestContextFilter.
[2026-05-02 04:26:21.298] [DEBUG] [] [3243d1e493874d078178333b539ee48c]: 地址 /webapi/user/paging 进入过滤器
[2026-05-02 04:26:21.302] [DEBUG] [] [3243d1e493874d078178333b539ee48c]: ==>  Preparing: SELECT id,email,password_hash,nickname,birth_year,country_code,bio,avatar_url,stamps_balance,is_vip,vip_expire_at,status,staff_role,register_ip,last_login_at,created_at,created_by,updated_at,updated_by,del_flag FROM bu_user WHERE (del_flag = ?) ORDER BY created_at DESC
[2026-05-02 04:26:21.302] [DEBUG] [] [3243d1e493874d078178333b539ee48c]: ==> Parameters: false(Boolean)
[2026-05-02 04:26:21.302] [DEBUG] [] [3243d1e493874d078178333b539ee48c]: <==      Total: 1
[2026-05-02 04:26:21.302] [DEBUG] [] [3243d1e493874d078178333b539ee48c]: ===> Supports JSON Message Converter : true
[2026-05-02 04:26:21.302] [DEBUG] [] [3243d1e493874d078178333b539ee48c]: Using 'application/json', given [application/json, text/plain, */*] and supported [application/json, application/*+json]
[2026-05-02 04:26:21.302] [DEBUG] [] [3243d1e493874d078178333b539ee48c]: ===> Supports JSON Message Converter : true
[2026-05-02 04:26:21.302] [DEBUG] [] [3243d1e493874d078178333b539ee48c]: Writing [PageData(total=0, page=1, size=50, pages=0, records=[UserDTO(super=AbstractAuditableDTO(createdAt=20 (truncated)...]
[2026-05-02 04:26:21.302] [DEBUG] [] [3243d1e493874d078178333b539ee48c]: =========================================
[2026-05-02 04:26:21.302] [DEBUG] [] [3243d1e493874d078178333b539ee48c]: ===>> Output object : 

{
	"alg":"SALT_MD5",
	"code":200,
	"data":{
		"empty":false,
		"page":1,
		"pages":0,
		"recordCount":1,
		"records":[
			{
				"birthYear":1990,
				"createdAt":"2026-05-01 21:18:50",
				"createdBy":0,
				"delFlag":false,
				"email":"admin@staff.local",
				"id":1,
				"isVip":false,
				"lastLoginAt":"2026-05-01 21:45:13.229045",
				"nickname":"超级管理员",
				"passwordHash":"$2a$10$YTUeGZqQ/xrX1d9V26669ubXuH90MthjRxhXxJV5EldtWdFm0WQbS",
				"staffRole":1,
				"stampsBalance":0,
				"status":1,
				"updatedAt":"2026-05-01 21:45:13",
				"updatedBy":0
			}
		],
		"size":50,
		"total":0
	},
	"message":"OK",
	"success":true
} 
cn.nine.commons.data.page.PageData<cn.nine.pros.post.client.model.db.UserDTO>

[2026-05-02 04:26:21.302] [DEBUG] [] [3243d1e493874d078178333b539ee48c]: =========================================
[2026-05-02 04:26:21.303] [DEBUG] [] [3243d1e493874d078178333b539ee48c]: ==> leave RequestContextHolder.
[2026-05-02 04:26:21.303] [DEBUG] [] [3243d1e493874d078178333b539ee48c]: ==> leave RequestContextHolder.
[2026-05-02 04:26:21.323] [DEBUG] [] []: ==》/webapi/user/paging -> into PreRequestContextFilter.
[2026-05-02 04:26:21.323] [DEBUG] [] []: ==》/webapi/auth/current -> into PreRequestContextFilter.
[2026-05-02 04:26:21.323] [DEBUG] [] [2b52588259094045b5c13857bf6c934c]: 地址 /webapi/user/paging 进入过滤器
[2026-05-02 04:26:21.323] [DEBUG] [] [a401d725dbbd435fbc1c1e3e41fad4a3]: 地址 /webapi/auth/current 进入过滤器
[2026-05-02 04:26:21.324] [DEBUG] [] [a401d725dbbd435fbc1c1e3e41fad4a3]: ==>  Preparing: SELECT id,email,password_hash,nickname,birth_year,country_code,bio,avatar_url,stamps_balance,is_vip,vip_expire_at,status,staff_role,register_ip,last_login_at,created_at,created_by,updated_at,updated_by,del_flag FROM bu_user WHERE id=?
[2026-05-02 04:26:21.325] [DEBUG] [] [a401d725dbbd435fbc1c1e3e41fad4a3]: ==> Parameters: 1(Long)
[2026-05-02 04:26:21.325] [DEBUG] [] [a401d725dbbd435fbc1c1e3e41fad4a3]: <==      Total: 1
[2026-05-02 04:26:21.325] [DEBUG] [] [a401d725dbbd435fbc1c1e3e41fad4a3]: ===> Supports JSON Message Converter : true
[2026-05-02 04:26:21.325] [DEBUG] [] [a401d725dbbd435fbc1c1e3e41fad4a3]: Using 'application/json', given [application/json, text/plain, */*] and supported [application/json, application/*+json]
[2026-05-02 04:26:21.325] [DEBUG] [] [a401d725dbbd435fbc1c1e3e41fad4a3]: ===> Supports JSON Message Converter : true
[2026-05-02 04:26:21.326] [DEBUG] [] [a401d725dbbd435fbc1c1e3e41fad4a3]: Writing [UserDTO(super=AbstractAuditableDTO(createdAt=2026-05-01T21:18:50.206341, createdBy=0, updatedAt=2026 (truncated)...]
[2026-05-02 04:26:21.326] [DEBUG] [] [2b52588259094045b5c13857bf6c934c]: ==>  Preparing: SELECT id,email,password_hash,nickname,birth_year,country_code,bio,avatar_url,stamps_balance,is_vip,vip_expire_at,status,staff_role,register_ip,last_login_at,created_at,created_by,updated_at,updated_by,del_flag FROM bu_user WHERE (del_flag = ?) ORDER BY created_at DESC
[2026-05-02 04:26:21.326] [DEBUG] [] [a401d725dbbd435fbc1c1e3e41fad4a3]: =========================================
[2026-05-02 04:26:21.326] [DEBUG] [] [2b52588259094045b5c13857bf6c934c]: ==> Parameters: false(Boolean)
[2026-05-02 04:26:21.326] [DEBUG] [] [a401d725dbbd435fbc1c1e3e41fad4a3]: ===>> Output object : 

{
	"alg":"SALT_MD5",
	"code":200,
	"data":{
		"birthYear":1990,
		"createdAt":"2026-05-01 21:18:50",
		"createdBy":0,
		"delFlag":false,
		"email":"admin@staff.local",
		"id":1,
		"isVip":false,
		"lastLoginAt":"2026-05-01 21:45:13.229045",
		"nickname":"超级管理员",
		"staffRole":1,
		"stampsBalance":0,
		"status":1,
		"updatedAt":"2026-05-01 21:45:13",
		"updatedBy":0
	},
	"message":"OK",
	"success":true
} 
class cn.nine.pros.post.client.model.db.UserDTO

[2026-05-02 04:26:21.326] [DEBUG] [] [a401d725dbbd435fbc1c1e3e41fad4a3]: =========================================
[2026-05-02 04:26:21.326] [DEBUG] [] [a401d725dbbd435fbc1c1e3e41fad4a3]: ==> leave RequestContextHolder.
[2026-05-02 04:26:21.326] [DEBUG] [] [a401d725dbbd435fbc1c1e3e41fad4a3]: ==> leave RequestContextHolder.
[2026-05-02 04:26:21.327] [DEBUG] [] [2b52588259094045b5c13857bf6c934c]: <==      Total: 1
[2026-05-02 04:26:21.327] [DEBUG] [] [2b52588259094045b5c13857bf6c934c]: ===> Supports JSON Message Converter : true
[2026-05-02 04:26:21.327] [DEBUG] [] [2b52588259094045b5c13857bf6c934c]: Using 'application/json', given [application/json, text/plain, */*] and supported [application/json, application/*+json]
[2026-05-02 04:26:21.327] [DEBUG] [] [2b52588259094045b5c13857bf6c934c]: ===> Supports JSON Message Converter : true
[2026-05-02 04:26:21.327] [DEBUG] [] [2b52588259094045b5c13857bf6c934c]: Writing [PageData(total=0, page=1, size=50, pages=0, records=[UserDTO(super=AbstractAuditableDTO(createdAt=20 (truncated)...]
[2026-05-02 04:26:21.327] [DEBUG] [] [2b52588259094045b5c13857bf6c934c]: =========================================
[2026-05-02 04:26:21.328] [DEBUG] [] [2b52588259094045b5c13857bf6c934c]: ===>> Output object : 

{
	"alg":"SALT_MD5",
	"code":200,
	"data":{
		"empty":false,
		"page":1,
		"pages":0,
		"recordCount":1,
		"records":[
			{
				"birthYear":1990,
				"createdAt":"2026-05-01 21:18:50",
				"createdBy":0,
				"delFlag":false,
				"email":"admin@staff.local",
				"id":1,
				"isVip":false,
				"lastLoginAt":"2026-05-01 21:45:13.229045",
				"nickname":"超级管理员",
				"passwordHash":"$2a$10$YTUeGZqQ/xrX1d9V26669ubXuH90MthjRxhXxJV5EldtWdFm0WQbS",
				"staffRole":1,
				"stampsBalance":0,
				"status":1,
				"updatedAt":"2026-05-01 21:45:13",
				"updatedBy":0
			}
		],
		"size":50,
		"total":0
	},
	"message":"OK",
	"success":true
} 
cn.nine.commons.data.page.PageData<cn.nine.pros.post.client.model.db.UserDTO>

[2026-05-02 04:26:21.328] [DEBUG] [] [2b52588259094045b5c13857bf6c934c]: =========================================
[2026-05-02 04:26:21.328] [DEBUG] [] [2b52588259094045b5c13857bf6c934c]: ==> leave RequestContextHolder.
[2026-05-02 04:26:21.328] [DEBUG] [] [2b52588259094045b5c13857bf6c934c]: ==> leave RequestContextHolder.
[2026-05-02 04:26:21.329] [DEBUG] [] []: ==》/webapi/auth/current -> into PreRequestContextFilter.
[2026-05-02 04:26:21.329] [DEBUG] [] [9814caac2e7842ceae1f26ea59be5e84]: 地址 /webapi/auth/current 进入过滤器
[2026-05-02 04:26:21.330] [DEBUG] [] [9814caac2e7842ceae1f26ea59be5e84]: ==>  Preparing: SELECT id,email,password_hash,nickname,birth_year,country_code,bio,avatar_url,stamps_balance,is_vip,vip_expire_at,status,staff_role,register_ip,last_login_at,created_at,created_by,updated_at,updated_by,del_flag FROM bu_user WHERE id=?
[2026-05-02 04:26:21.330] [DEBUG] [] [9814caac2e7842ceae1f26ea59be5e84]: ==> Parameters: 1(Long)
[2026-05-02 04:26:21.330] [DEBUG] [] [9814caac2e7842ceae1f26ea59be5e84]: <==      Total: 1
[2026-05-02 04:26:21.331] [DEBUG] [] [9814caac2e7842ceae1f26ea59be5e84]: ===> Supports JSON Message Converter : true
[2026-05-02 04:26:21.331] [DEBUG] [] [9814caac2e7842ceae1f26ea59be5e84]: Using 'application/json', given [application/json, text/plain, */*] and supported [application/json, application/*+json]
[2026-05-02 04:26:21.331] [DEBUG] [] [9814caac2e7842ceae1f26ea59be5e84]: ===> Supports JSON Message Converter : true
[2026-05-02 04:26:21.331] [DEBUG] [] [9814caac2e7842ceae1f26ea59be5e84]: Writing [UserDTO(super=AbstractAuditableDTO(createdAt=2026-05-01T21:18:50.206341, createdBy=0, updatedAt=2026 (truncated)...]
[2026-05-02 04:26:21.331] [DEBUG] [] [9814caac2e7842ceae1f26ea59be5e84]: =========================================
[2026-05-02 04:26:21.331] [DEBUG] [] [9814caac2e7842ceae1f26ea59be5e84]: ===>> Output object : 

{
	"alg":"SALT_MD5",
	"code":200,
	"data":{
		"birthYear":1990,
		"createdAt":"2026-05-01 21:18:50",
		"createdBy":0,
		"delFlag":false,
		"email":"admin@staff.local",
		"id":1,
		"isVip":false,
		"lastLoginAt":"2026-05-01 21:45:13.229045",
		"nickname":"超级管理员",
		"staffRole":1,
		"stampsBalance":0,
		"status":1,
		"updatedAt":"2026-05-01 21:45:13",
		"updatedBy":0
	},
	"message":"OK",
	"success":true
} 
class cn.nine.pros.post.client.model.db.UserDTO

[2026-05-02 04:26:21.331] [DEBUG] [] [9814caac2e7842ceae1f26ea59be5e84]: =========================================
[2026-05-02 04:26:21.332] [DEBUG] [] [9814caac2e7842ceae1f26ea59be5e84]: ==> leave RequestContextHolder.
[2026-05-02 04:26:21.332] [DEBUG] [] [9814caac2e7842ceae1f26ea59be5e84]: ==> leave RequestContextHolder.
[2026-05-02 04:30:55.293] [DEBUG] [] []: ==》/webapi/user/paging -> into PreRequestContextFilter.
[2026-05-02 04:30:55.293] [DEBUG] [] [f653729a77744ee09ce13d0d5c7e9f7e]: 地址 /webapi/user/paging 进入过滤器
[2026-05-02 04:30:55.293] [DEBUG] [] []: ==》/webapi/auth/current -> into PreRequestContextFilter.
[2026-05-02 04:30:55.293] [DEBUG] [] []: ==》/webapi/user/paging -> into PreRequestContextFilter.
[2026-05-02 04:30:55.293] [DEBUG] [] [f4fa997c70b34b259f8534e8a54c1f58]: 地址 /webapi/auth/current 进入过滤器
[2026-05-02 04:30:55.293] [DEBUG] [] [a260f277585940c3abb8959c5befaa00]: 地址 /webapi/user/paging 进入过滤器
[2026-05-02 04:30:55.295] [DEBUG] [] [f4fa997c70b34b259f8534e8a54c1f58]: ==>  Preparing: SELECT id,email,password_hash,nickname,birth_year,country_code,bio,avatar_url,stamps_balance,is_vip,vip_expire_at,status,staff_role,register_ip,last_login_at,created_at,created_by,updated_at,updated_by,del_flag FROM bu_user WHERE id=?
[2026-05-02 04:30:55.295] [DEBUG] [] [f4fa997c70b34b259f8534e8a54c1f58]: ==> Parameters: 1(Long)
[2026-05-02 04:30:55.295] [DEBUG] [] [a260f277585940c3abb8959c5befaa00]: ==>  Preparing: SELECT id,email,password_hash,nickname,birth_year,country_code,bio,avatar_url,stamps_balance,is_vip,vip_expire_at,status,staff_role,register_ip,last_login_at,created_at,created_by,updated_at,updated_by,del_flag FROM bu_user WHERE (del_flag = ?) ORDER BY created_at DESC
[2026-05-02 04:30:55.295] [DEBUG] [] [f653729a77744ee09ce13d0d5c7e9f7e]: ==>  Preparing: SELECT id,email,password_hash,nickname,birth_year,country_code,bio,avatar_url,stamps_balance,is_vip,vip_expire_at,status,staff_role,register_ip,last_login_at,created_at,created_by,updated_at,updated_by,del_flag FROM bu_user WHERE (del_flag = ?) ORDER BY created_at DESC
[2026-05-02 04:30:55.295] [DEBUG] [] [f653729a77744ee09ce13d0d5c7e9f7e]: ==> Parameters: false(Boolean)
[2026-05-02 04:30:55.295] [DEBUG] [] [a260f277585940c3abb8959c5befaa00]: ==> Parameters: false(Boolean)
[2026-05-02 04:30:55.295] [DEBUG] [] [f4fa997c70b34b259f8534e8a54c1f58]: <==      Total: 1
[2026-05-02 04:30:55.295] [DEBUG] [] [f4fa997c70b34b259f8534e8a54c1f58]: ===> Supports JSON Message Converter : true
[2026-05-02 04:30:55.295] [DEBUG] [] [f4fa997c70b34b259f8534e8a54c1f58]: Using 'application/json', given [application/json, text/plain, */*] and supported [application/json, application/*+json]
[2026-05-02 04:30:55.295] [DEBUG] [] [f4fa997c70b34b259f8534e8a54c1f58]: ===> Supports JSON Message Converter : true
[2026-05-02 04:30:55.295] [DEBUG] [] [f4fa997c70b34b259f8534e8a54c1f58]: Writing [UserDTO(super=AbstractAuditableDTO(createdAt=2026-05-01T21:18:50.206341, createdBy=0, updatedAt=2026 (truncated)...]
[2026-05-02 04:30:55.295] [DEBUG] [] [f4fa997c70b34b259f8534e8a54c1f58]: =========================================
[2026-05-02 04:30:55.295] [DEBUG] [] [f653729a77744ee09ce13d0d5c7e9f7e]: <==      Total: 1
[2026-05-02 04:30:55.295] [DEBUG] [] [a260f277585940c3abb8959c5befaa00]: <==      Total: 1
[2026-05-02 04:30:55.295] [DEBUG] [] [f4fa997c70b34b259f8534e8a54c1f58]: ===>> Output object : 

{
	"alg":"SALT_MD5",
	"code":200,
	"data":{
		"birthYear":1990,
		"createdAt":"2026-05-01 21:18:50",
		"createdBy":0,
		"delFlag":false,
		"email":"admin@staff.local",
		"id":1,
		"isVip":false,
		"lastLoginAt":"2026-05-01 21:45:13.229045",
		"nickname":"超级管理员",
		"staffRole":1,
		"stampsBalance":0,
		"status":1,
		"updatedAt":"2026-05-01 21:45:13",
		"updatedBy":0
	},
	"message":"OK",
	"success":true
} 
class cn.nine.pros.post.client.model.db.UserDTO

[2026-05-02 04:30:55.295] [DEBUG] [] [f4fa997c70b34b259f8534e8a54c1f58]: =========================================
[2026-05-02 04:30:55.295] [DEBUG] [] [f653729a77744ee09ce13d0d5c7e9f7e]: ===> Supports JSON Message Converter : true
[2026-05-02 04:30:55.295] [DEBUG] [] [a260f277585940c3abb8959c5befaa00]: ===> Supports JSON Message Converter : true
[2026-05-02 04:30:55.295] [DEBUG] [] [f653729a77744ee09ce13d0d5c7e9f7e]: Using 'application/json', given [application/json, text/plain, */*] and supported [application/json, application/*+json]
[2026-05-02 04:30:55.295] [DEBUG] [] [a260f277585940c3abb8959c5befaa00]: Using 'application/json', given [application/json, text/plain, */*] and supported [application/json, application/*+json]
[2026-05-02 04:30:55.295] [DEBUG] [] [f653729a77744ee09ce13d0d5c7e9f7e]: ===> Supports JSON Message Converter : true
[2026-05-02 04:30:55.295] [DEBUG] [] [a260f277585940c3abb8959c5befaa00]: ===> Supports JSON Message Converter : true
[2026-05-02 04:30:55.295] [DEBUG] [] [f653729a77744ee09ce13d0d5c7e9f7e]: Writing [PageData(total=0, page=1, size=50, pages=0, records=[UserDTO(super=AbstractAuditableDTO(createdAt=20 (truncated)...]
[2026-05-02 04:30:55.295] [DEBUG] [] [a260f277585940c3abb8959c5befaa00]: Writing [PageData(total=0, page=1, size=50, pages=0, records=[UserDTO(super=AbstractAuditableDTO(createdAt=20 (truncated)...]
[2026-05-02 04:30:55.295] [DEBUG] [] [f653729a77744ee09ce13d0d5c7e9f7e]: =========================================
[2026-05-02 04:30:55.295] [DEBUG] [] [f4fa997c70b34b259f8534e8a54c1f58]: ==> leave RequestContextHolder.
[2026-05-02 04:30:55.295] [DEBUG] [] [f4fa997c70b34b259f8534e8a54c1f58]: ==> leave RequestContextHolder.
[2026-05-02 04:30:55.295] [DEBUG] [] [f653729a77744ee09ce13d0d5c7e9f7e]: ===>> Output object : 

{
	"alg":"SALT_MD5",
	"code":200,
	"data":{
		"empty":false,
		"page":1,
		"pages":0,
		"recordCount":1,
		"records":[
			{
				"birthYear":1990,
				"createdAt":"2026-05-01 21:18:50",
				"createdBy":0,
				"delFlag":false,
				"email":"admin@staff.local",
				"id":1,
				"isVip":false,
				"lastLoginAt":"2026-05-01 21:45:13.229045",
				"nickname":"超级管理员",
				"passwordHash":"$2a$10$YTUeGZqQ/xrX1d9V26669ubXuH90MthjRxhXxJV5EldtWdFm0WQbS",
				"staffRole":1,
				"stampsBalance":0,
				"status":1,
				"updatedAt":"2026-05-01 21:45:13",
				"updatedBy":0
			}
		],
		"size":50,
		"total":0
	},
	"message":"OK",
	"success":true
} 
cn.nine.commons.data.page.PageData<cn.nine.pros.post.client.model.db.UserDTO>

[2026-05-02 04:30:55.295] [DEBUG] [] [f653729a77744ee09ce13d0d5c7e9f7e]: =========================================
[2026-05-02 04:30:55.297] [DEBUG] [] [a260f277585940c3abb8959c5befaa00]: =========================================
[2026-05-02 04:30:55.297] [DEBUG] [] [a260f277585940c3abb8959c5befaa00]: ===>> Output object : 

{
	"alg":"SALT_MD5",
	"code":200,
	"data":{
		"empty":false,
		"page":1,
		"pages":0,
		"recordCount":1,
		"records":[
			{
				"birthYear":1990,
				"createdAt":"2026-05-01 21:18:50",
				"createdBy":0,
				"delFlag":false,
				"email":"admin@staff.local",
				"id":1,
				"isVip":false,
				"lastLoginAt":"2026-05-01 21:45:13.229045",
				"nickname":"超级管理员",
				"passwordHash":"$2a$10$YTUeGZqQ/xrX1d9V26669ubXuH90MthjRxhXxJV5EldtWdFm0WQbS",
				"staffRole":1,
				"stampsBalance":0,
				"status":1,
				"updatedAt":"2026-05-01 21:45:13",
				"updatedBy":0
			}
		],
		"size":50,
		"total":0
	},
	"message":"OK",
	"success":true
} 
cn.nine.commons.data.page.PageData<cn.nine.pros.post.client.model.db.UserDTO>

[2026-05-02 04:30:55.297] [DEBUG] [] [a260f277585940c3abb8959c5befaa00]: =========================================
[2026-05-02 04:30:55.297] [DEBUG] [] [f653729a77744ee09ce13d0d5c7e9f7e]: ==> leave RequestContextHolder.
[2026-05-02 04:30:55.297] [DEBUG] [] [f653729a77744ee09ce13d0d5c7e9f7e]: ==> leave RequestContextHolder.
[2026-05-02 04:30:55.297] [DEBUG] [] [a260f277585940c3abb8959c5befaa00]: ==> leave RequestContextHolder.
[2026-05-02 04:30:55.297] [DEBUG] [] [a260f277585940c3abb8959c5befaa00]: ==> leave RequestContextHolder.
[2026-05-02 04:30:55.298] [DEBUG] [] []: ==》/webapi/auth/current -> into PreRequestContextFilter.
[2026-05-02 04:30:55.298] [DEBUG] [] [50a48c7df4864a84ab4026c854bd85aa]: 地址 /webapi/auth/current 进入过滤器
[2026-05-02 04:30:55.299] [DEBUG] [] [50a48c7df4864a84ab4026c854bd85aa]: ==>  Preparing: SELECT id,email,password_hash,nickname,birth_year,country_code,bio,avatar_url,stamps_balance,is_vip,vip_expire_at,status,staff_role,register_ip,last_login_at,created_at,created_by,updated_at,updated_by,del_flag FROM bu_user WHERE id=?
[2026-05-02 04:30:55.299] [DEBUG] [] [50a48c7df4864a84ab4026c854bd85aa]: ==> Parameters: 1(Long)
[2026-05-02 04:30:55.300] [DEBUG] [] [50a48c7df4864a84ab4026c854bd85aa]: <==      Total: 1
[2026-05-02 04:30:55.300] [DEBUG] [] [50a48c7df4864a84ab4026c854bd85aa]: ===> Supports JSON Message Converter : true
[2026-05-02 04:30:55.301] [DEBUG] [] [50a48c7df4864a84ab4026c854bd85aa]: Using 'application/json', given [application/json, text/plain, */*] and supported [application/json, application/*+json]
[2026-05-02 04:30:55.301] [DEBUG] [] [50a48c7df4864a84ab4026c854bd85aa]: ===> Supports JSON Message Converter : true
[2026-05-02 04:30:55.301] [DEBUG] [] [50a48c7df4864a84ab4026c854bd85aa]: Writing [UserDTO(super=AbstractAuditableDTO(createdAt=2026-05-01T21:18:50.206341, createdBy=0, updatedAt=2026 (truncated)...]
[2026-05-02 04:30:55.301] [DEBUG] [] [50a48c7df4864a84ab4026c854bd85aa]: =========================================
[2026-05-02 04:30:55.301] [DEBUG] [] [50a48c7df4864a84ab4026c854bd85aa]: ===>> Output object : 

{
	"alg":"SALT_MD5",
	"code":200,
	"data":{
		"birthYear":1990,
		"createdAt":"2026-05-01 21:18:50",
		"createdBy":0,
		"delFlag":false,
		"email":"admin@staff.local",
		"id":1,
		"isVip":false,
		"lastLoginAt":"2026-05-01 21:45:13.229045",
		"nickname":"超级管理员",
		"staffRole":1,
		"stampsBalance":0,
		"status":1,
		"updatedAt":"2026-05-01 21:45:13",
		"updatedBy":0
	},
	"message":"OK",
	"success":true
} 
class cn.nine.pros.post.client.model.db.UserDTO

[2026-05-02 04:30:55.301] [DEBUG] [] [50a48c7df4864a84ab4026c854bd85aa]: =========================================
[2026-05-02 04:30:55.301] [DEBUG] [] [50a48c7df4864a84ab4026c854bd85aa]: ==> leave RequestContextHolder.
[2026-05-02 04:30:55.301] [DEBUG] [] [50a48c7df4864a84ab4026c854bd85aa]: ==> leave RequestContextHolder.
[2026-05-02 04:36:21.276] [DEBUG] [] []: ==》/webapi/user/paging -> into PreRequestContextFilter.
[2026-05-02 04:36:21.276] [DEBUG] [] [0b08f7f43e5b44299980616daa77b26f]: 地址 /webapi/user/paging 进入过滤器
[2026-05-02 04:36:21.276] [DEBUG] [] []: ==》/webapi/auth/current -> into PreRequestContextFilter.
[2026-05-02 04:36:21.276] [DEBUG] [] []: ==》/webapi/user/paging -> into PreRequestContextFilter.
[2026-05-02 04:36:21.276] [DEBUG] [] [8795f8f2b7ba402582e093c1991ef17a]: 地址 /webapi/auth/current 进入过滤器
[2026-05-02 04:36:21.276] [DEBUG] [] [7569968769a043b4bb8c872666dd36bf]: 地址 /webapi/user/paging 进入过滤器
[2026-05-02 04:36:21.282] [DEBUG] [] [8795f8f2b7ba402582e093c1991ef17a]: ==>  Preparing: SELECT id,email,password_hash,nickname,birth_year,country_code,bio,avatar_url,stamps_balance,is_vip,vip_expire_at,status,staff_role,register_ip,last_login_at,created_at,created_by,updated_at,updated_by,del_flag FROM bu_user WHERE id=?
[2026-05-02 04:36:21.282] [DEBUG] [] [8795f8f2b7ba402582e093c1991ef17a]: ==> Parameters: 1(Long)
[2026-05-02 04:36:21.282] [DEBUG] [] [7569968769a043b4bb8c872666dd36bf]: ==>  Preparing: SELECT id,email,password_hash,nickname,birth_year,country_code,bio,avatar_url,stamps_balance,is_vip,vip_expire_at,status,staff_role,register_ip,last_login_at,created_at,created_by,updated_at,updated_by,del_flag FROM bu_user WHERE (del_flag = ?) ORDER BY created_at DESC
[2026-05-02 04:36:21.282] [DEBUG] [] [0b08f7f43e5b44299980616daa77b26f]: ==>  Preparing: SELECT id,email,password_hash,nickname,birth_year,country_code,bio,avatar_url,stamps_balance,is_vip,vip_expire_at,status,staff_role,register_ip,last_login_at,created_at,created_by,updated_at,updated_by,del_flag FROM bu_user WHERE (del_flag = ?) ORDER BY created_at DESC
[2026-05-02 04:36:21.282] [DEBUG] [] [7569968769a043b4bb8c872666dd36bf]: ==> Parameters: false(Boolean)
[2026-05-02 04:36:21.283] [DEBUG] [] [0b08f7f43e5b44299980616daa77b26f]: ==> Parameters: false(Boolean)
[2026-05-02 04:36:21.283] [DEBUG] [] [8795f8f2b7ba402582e093c1991ef17a]: <==      Total: 1
[2026-05-02 04:36:21.283] [DEBUG] [] [8795f8f2b7ba402582e093c1991ef17a]: ===> Supports JSON Message Converter : true
[2026-05-02 04:36:21.283] [DEBUG] [] [8795f8f2b7ba402582e093c1991ef17a]: Using 'application/json', given [application/json, text/plain, */*] and supported [application/json, application/*+json]
[2026-05-02 04:36:21.283] [DEBUG] [] [8795f8f2b7ba402582e093c1991ef17a]: ===> Supports JSON Message Converter : true
[2026-05-02 04:36:21.283] [DEBUG] [] [8795f8f2b7ba402582e093c1991ef17a]: Writing [UserDTO(super=AbstractAuditableDTO(createdAt=2026-05-01T21:18:50.206341, createdBy=0, updatedAt=2026 (truncated)...]
[2026-05-02 04:36:21.283] [DEBUG] [] [8795f8f2b7ba402582e093c1991ef17a]: =========================================
[2026-05-02 04:36:21.283] [DEBUG] [] [8795f8f2b7ba402582e093c1991ef17a]: ===>> Output object : 

{
	"alg":"SALT_MD5",
	"code":200,
	"data":{
		"birthYear":1990,
		"createdAt":"2026-05-01 21:18:50",
		"createdBy":0,
		"delFlag":false,
		"email":"admin@staff.local",
		"id":1,
		"isVip":false,
		"lastLoginAt":"2026-05-01 21:45:13.229045",
		"nickname":"超级管理员",
		"staffRole":1,
		"stampsBalance":0,
		"status":1,
		"updatedAt":"2026-05-01 21:45:13",
		"updatedBy":0
	},
	"message":"OK",
	"success":true
} 
class cn.nine.pros.post.client.model.db.UserDTO

[2026-05-02 04:36:21.283] [DEBUG] [] [8795f8f2b7ba402582e093c1991ef17a]: =========================================
[2026-05-02 04:36:21.283] [DEBUG] [] [7569968769a043b4bb8c872666dd36bf]: <==      Total: 1
[2026-05-02 04:36:21.283] [DEBUG] [] [0b08f7f43e5b44299980616daa77b26f]: <==      Total: 1
[2026-05-02 04:36:21.283] [DEBUG] [] [8795f8f2b7ba402582e093c1991ef17a]: ==> leave RequestContextHolder.
[2026-05-02 04:36:21.283] [DEBUG] [] [8795f8f2b7ba402582e093c1991ef17a]: ==> leave RequestContextHolder.
[2026-05-02 04:36:21.283] [DEBUG] [] [7569968769a043b4bb8c872666dd36bf]: ===> Supports JSON Message Converter : true
[2026-05-02 04:36:21.283] [DEBUG] [] [0b08f7f43e5b44299980616daa77b26f]: ===> Supports JSON Message Converter : true
[2026-05-02 04:36:21.283] [DEBUG] [] [7569968769a043b4bb8c872666dd36bf]: Using 'application/json', given [application/json, text/plain, */*] and supported [application/json, application/*+json]
[2026-05-02 04:36:21.283] [DEBUG] [] [0b08f7f43e5b44299980616daa77b26f]: Using 'application/json', given [application/json, text/plain, */*] and supported [application/json, application/*+json]
[2026-05-02 04:36:21.283] [DEBUG] [] [7569968769a043b4bb8c872666dd36bf]: ===> Supports JSON Message Converter : true
[2026-05-02 04:36:21.283] [DEBUG] [] [0b08f7f43e5b44299980616daa77b26f]: ===> Supports JSON Message Converter : true
[2026-05-02 04:36:21.283] [DEBUG] [] [7569968769a043b4bb8c872666dd36bf]: Writing [PageData(total=0, page=1, size=50, pages=0, records=[UserDTO(super=AbstractAuditableDTO(createdAt=20 (truncated)...]
[2026-05-02 04:36:21.283] [DEBUG] [] [0b08f7f43e5b44299980616daa77b26f]: Writing [PageData(total=0, page=1, size=50, pages=0, records=[UserDTO(super=AbstractAuditableDTO(createdAt=20 (truncated)...]
[2026-05-02 04:36:21.283] [DEBUG] [] [7569968769a043b4bb8c872666dd36bf]: =========================================
[2026-05-02 04:36:21.283] [DEBUG] [] [7569968769a043b4bb8c872666dd36bf]: ===>> Output object : 

{
	"alg":"SALT_MD5",
	"code":200,
	"data":{
		"empty":false,
		"page":1,
		"pages":0,
		"recordCount":1,
		"records":[
			{
				"birthYear":1990,
				"createdAt":"2026-05-01 21:18:50",
				"createdBy":0,
				"delFlag":false,
				"email":"admin@staff.local",
				"id":1,
				"isVip":false,
				"lastLoginAt":"2026-05-01 21:45:13.229045",
				"nickname":"超级管理员",
				"passwordHash":"$2a$10$YTUeGZqQ/xrX1d9V26669ubXuH90MthjRxhXxJV5EldtWdFm0WQbS",
				"staffRole":1,
				"stampsBalance":0,
				"status":1,
				"updatedAt":"2026-05-01 21:45:13",
				"updatedBy":0
			}
		],
		"size":50,
		"total":0
	},
	"message":"OK",
	"success":true
} 
cn.nine.commons.data.page.PageData<cn.nine.pros.post.client.model.db.UserDTO>

[2026-05-02 04:36:21.283] [DEBUG] [] [7569968769a043b4bb8c872666dd36bf]: =========================================
[2026-05-02 04:36:21.283] [DEBUG] [] [0b08f7f43e5b44299980616daa77b26f]: =========================================
[2026-05-02 04:36:21.283] [DEBUG] [] [0b08f7f43e5b44299980616daa77b26f]: ===>> Output object : 

{
	"alg":"SALT_MD5",
	"code":200,
	"data":{
		"empty":false,
		"page":1,
		"pages":0,
		"recordCount":1,
		"records":[
			{
				"birthYear":1990,
				"createdAt":"2026-05-01 21:18:50",
				"createdBy":0,
				"delFlag":false,
				"email":"admin@staff.local",
				"id":1,
				"isVip":false,
				"lastLoginAt":"2026-05-01 21:45:13.229045",
				"nickname":"超级管理员",
				"passwordHash":"$2a$10$YTUeGZqQ/xrX1d9V26669ubXuH90MthjRxhXxJV5EldtWdFm0WQbS",
				"staffRole":1,
				"stampsBalance":0,
				"status":1,
				"updatedAt":"2026-05-01 21:45:13",
				"updatedBy":0
			}
		],
		"size":50,
		"total":0
	},
	"message":"OK",
	"success":true
} 
cn.nine.commons.data.page.PageData<cn.nine.pros.post.client.model.db.UserDTO>

[2026-05-02 04:36:21.283] [DEBUG] [] [0b08f7f43e5b44299980616daa77b26f]: =========================================
[2026-05-02 04:36:21.283] [DEBUG] [] [7569968769a043b4bb8c872666dd36bf]: ==> leave RequestContextHolder.
[2026-05-02 04:36:21.283] [DEBUG] [] [7569968769a043b4bb8c872666dd36bf]: ==> leave RequestContextHolder.
[2026-05-02 04:36:21.283] [DEBUG] [] [0b08f7f43e5b44299980616daa77b26f]: ==> leave RequestContextHolder.
[2026-05-02 04:36:21.283] [DEBUG] [] [0b08f7f43e5b44299980616daa77b26f]: ==> leave RequestContextHolder.
[2026-05-02 04:36:21.286] [DEBUG] [] []: ==》/webapi/auth/current -> into PreRequestContextFilter.
[2026-05-02 04:36:21.286] [DEBUG] [] [d4db5e25766c47069949b2507dca74aa]: 地址 /webapi/auth/current 进入过滤器
[2026-05-02 04:36:21.286] [DEBUG] [] [d4db5e25766c47069949b2507dca74aa]: ==>  Preparing: SELECT id,email,password_hash,nickname,birth_year,country_code,bio,avatar_url,stamps_balance,is_vip,vip_expire_at,status,staff_role,register_ip,last_login_at,created_at,created_by,updated_at,updated_by,del_flag FROM bu_user WHERE id=?
[2026-05-02 04:36:21.287] [DEBUG] [] [d4db5e25766c47069949b2507dca74aa]: ==> Parameters: 1(Long)
[2026-05-02 04:36:21.288] [DEBUG] [] [d4db5e25766c47069949b2507dca74aa]: <==      Total: 1
[2026-05-02 04:36:21.288] [DEBUG] [] [d4db5e25766c47069949b2507dca74aa]: ===> Supports JSON Message Converter : true
[2026-05-02 04:36:21.288] [DEBUG] [] [d4db5e25766c47069949b2507dca74aa]: Using 'application/json', given [application/json, text/plain, */*] and supported [application/json, application/*+json]
[2026-05-02 04:36:21.288] [DEBUG] [] [d4db5e25766c47069949b2507dca74aa]: ===> Supports JSON Message Converter : true
[2026-05-02 04:36:21.288] [DEBUG] [] [d4db5e25766c47069949b2507dca74aa]: Writing [UserDTO(super=AbstractAuditableDTO(createdAt=2026-05-01T21:18:50.206341, createdBy=0, updatedAt=2026 (truncated)...]
[2026-05-02 04:36:21.288] [DEBUG] [] [d4db5e25766c47069949b2507dca74aa]: =========================================
[2026-05-02 04:36:21.288] [DEBUG] [] [d4db5e25766c47069949b2507dca74aa]: ===>> Output object : 

{
	"alg":"SALT_MD5",
	"code":200,
	"data":{
		"birthYear":1990,
		"createdAt":"2026-05-01 21:18:50",
		"createdBy":0,
		"delFlag":false,
		"email":"admin@staff.local",
		"id":1,
		"isVip":false,
		"lastLoginAt":"2026-05-01 21:45:13.229045",
		"nickname":"超级管理员",
		"staffRole":1,
		"stampsBalance":0,
		"status":1,
		"updatedAt":"2026-05-01 21:45:13",
		"updatedBy":0
	},
	"message":"OK",
	"success":true
} 
class cn.nine.pros.post.client.model.db.UserDTO

[2026-05-02 04:36:21.288] [DEBUG] [] [d4db5e25766c47069949b2507dca74aa]: =========================================
[2026-05-02 04:36:21.288] [DEBUG] [] [d4db5e25766c47069949b2507dca74aa]: ==> leave RequestContextHolder.
[2026-05-02 04:36:21.288] [DEBUG] [] [d4db5e25766c47069949b2507dca74aa]: ==> leave RequestContextHolder.
[2026-05-02 04:40:55.274] [DEBUG] [] []: ==》/webapi/user/paging -> into PreRequestContextFilter.
[2026-05-02 04:40:55.274] [DEBUG] [] [f3169678e5884cdd9b21891212459253]: 地址 /webapi/user/paging 进入过滤器
[2026-05-02 04:40:55.274] [DEBUG] [] []: ==》/webapi/user/paging -> into PreRequestContextFilter.
[2026-05-02 04:40:55.274] [DEBUG] [] [c2ee320a113a4fd09e308f0bd3bc592e]: 地址 /webapi/user/paging 进入过滤器
[2026-05-02 04:40:55.274] [DEBUG] [] []: ==》/webapi/auth/current -> into PreRequestContextFilter.
[2026-05-02 04:40:55.274] [DEBUG] [] [28faf779ba434830ad5e3339f6e82162]: 地址 /webapi/auth/current 进入过滤器
[2026-05-02 04:40:55.280] [DEBUG] [] [28faf779ba434830ad5e3339f6e82162]: ==>  Preparing: SELECT id,email,password_hash,nickname,birth_year,country_code,bio,avatar_url,stamps_balance,is_vip,vip_expire_at,status,staff_role,register_ip,last_login_at,created_at,created_by,updated_at,updated_by,del_flag FROM bu_user WHERE id=?
[2026-05-02 04:40:55.280] [DEBUG] [] [28faf779ba434830ad5e3339f6e82162]: ==> Parameters: 1(Long)
[2026-05-02 04:40:55.280] [DEBUG] [] [f3169678e5884cdd9b21891212459253]: ==>  Preparing: SELECT id,email,password_hash,nickname,birth_year,country_code,bio,avatar_url,stamps_balance,is_vip,vip_expire_at,status,staff_role,register_ip,last_login_at,created_at,created_by,updated_at,updated_by,del_flag FROM bu_user WHERE (del_flag = ?) ORDER BY created_at DESC
[2026-05-02 04:40:55.281] [DEBUG] [] [f3169678e5884cdd9b21891212459253]: ==> Parameters: false(Boolean)
[2026-05-02 04:40:55.281] [DEBUG] [] [c2ee320a113a4fd09e308f0bd3bc592e]: ==>  Preparing: SELECT id,email,password_hash,nickname,birth_year,country_code,bio,avatar_url,stamps_balance,is_vip,vip_expire_at,status,staff_role,register_ip,last_login_at,created_at,created_by,updated_at,updated_by,del_flag FROM bu_user WHERE (del_flag = ?) ORDER BY created_at DESC
[2026-05-02 04:40:55.281] [DEBUG] [] [c2ee320a113a4fd09e308f0bd3bc592e]: ==> Parameters: false(Boolean)
[2026-05-02 04:40:55.285] [DEBUG] [] [28faf779ba434830ad5e3339f6e82162]: <==      Total: 1
[2026-05-02 04:40:55.285] [DEBUG] [] [f3169678e5884cdd9b21891212459253]: <==      Total: 1
[2026-05-02 04:40:55.285] [DEBUG] [] [28faf779ba434830ad5e3339f6e82162]: ===> Supports JSON Message Converter : true
[2026-05-02 04:40:55.285] [DEBUG] [] [f3169678e5884cdd9b21891212459253]: ===> Supports JSON Message Converter : true
[2026-05-02 04:40:55.285] [DEBUG] [] [f3169678e5884cdd9b21891212459253]: Using 'application/json', given [application/json, text/plain, */*] and supported [application/json, application/*+json]
[2026-05-02 04:40:55.285] [DEBUG] [] [28faf779ba434830ad5e3339f6e82162]: Using 'application/json', given [application/json, text/plain, */*] and supported [application/json, application/*+json]
[2026-05-02 04:40:55.285] [DEBUG] [] [f3169678e5884cdd9b21891212459253]: ===> Supports JSON Message Converter : true
[2026-05-02 04:40:55.285] [DEBUG] [] [28faf779ba434830ad5e3339f6e82162]: ===> Supports JSON Message Converter : true
[2026-05-02 04:40:55.285] [DEBUG] [] [28faf779ba434830ad5e3339f6e82162]: Writing [UserDTO(super=AbstractAuditableDTO(createdAt=2026-05-01T21:18:50.206341, createdBy=0, updatedAt=2026 (truncated)...]
[2026-05-02 04:40:55.285] [DEBUG] [] [f3169678e5884cdd9b21891212459253]: Writing [PageData(total=0, page=1, size=50, pages=0, records=[UserDTO(super=AbstractAuditableDTO(createdAt=20 (truncated)...]
[2026-05-02 04:40:55.285] [DEBUG] [] [28faf779ba434830ad5e3339f6e82162]: =========================================
[2026-05-02 04:40:55.285] [DEBUG] [] [28faf779ba434830ad5e3339f6e82162]: ===>> Output object : 

{
	"alg":"SALT_MD5",
	"code":200,
	"data":{
		"birthYear":1990,
		"createdAt":"2026-05-01 21:18:50",
		"createdBy":0,
		"delFlag":false,
		"email":"admin@staff.local",
		"id":1,
		"isVip":false,
		"lastLoginAt":"2026-05-01 21:45:13.229045",
		"nickname":"超级管理员",
		"staffRole":1,
		"stampsBalance":0,
		"status":1,
		"updatedAt":"2026-05-01 21:45:13",
		"updatedBy":0
	},
	"message":"OK",
	"success":true
} 
class cn.nine.pros.post.client.model.db.UserDTO

[2026-05-02 04:40:55.286] [DEBUG] [] [c2ee320a113a4fd09e308f0bd3bc592e]: <==      Total: 1
[2026-05-02 04:40:55.286] [DEBUG] [] [28faf779ba434830ad5e3339f6e82162]: =========================================
[2026-05-02 04:40:55.286] [DEBUG] [] [f3169678e5884cdd9b21891212459253]: =========================================
[2026-05-02 04:40:55.286] [DEBUG] [] [f3169678e5884cdd9b21891212459253]: ===>> Output object : 

{
	"alg":"SALT_MD5",
	"code":200,
	"data":{
		"empty":false,
		"page":1,
		"pages":0,
		"recordCount":1,
		"records":[
			{
				"birthYear":1990,
				"createdAt":"2026-05-01 21:18:50",
				"createdBy":0,
				"delFlag":false,
				"email":"admin@staff.local",
				"id":1,
				"isVip":false,
				"lastLoginAt":"2026-05-01 21:45:13.229045",
				"nickname":"超级管理员",
				"passwordHash":"$2a$10$YTUeGZqQ/xrX1d9V26669ubXuH90MthjRxhXxJV5EldtWdFm0WQbS",
				"staffRole":1,
				"stampsBalance":0,
				"status":1,
				"updatedAt":"2026-05-01 21:45:13",
				"updatedBy":0
			}
		],
		"size":50,
		"total":0
	},
	"message":"OK",
	"success":true
} 
cn.nine.commons.data.page.PageData<cn.nine.pros.post.client.model.db.UserDTO>

[2026-05-02 04:40:55.286] [DEBUG] [] [f3169678e5884cdd9b21891212459253]: =========================================
[2026-05-02 04:40:55.286] [DEBUG] [] [c2ee320a113a4fd09e308f0bd3bc592e]: ===> Supports JSON Message Converter : true
[2026-05-02 04:40:55.286] [DEBUG] [] [c2ee320a113a4fd09e308f0bd3bc592e]: Using 'application/json', given [application/json, text/plain, */*] and supported [application/json, application/*+json]
[2026-05-02 04:40:55.286] [DEBUG] [] [c2ee320a113a4fd09e308f0bd3bc592e]: ===> Supports JSON Message Converter : true
[2026-05-02 04:40:55.286] [DEBUG] [] [c2ee320a113a4fd09e308f0bd3bc592e]: Writing [PageData(total=0, page=1, size=50, pages=0, records=[UserDTO(super=AbstractAuditableDTO(createdAt=20 (truncated)...]
[2026-05-02 04:40:55.286] [DEBUG] [] [c2ee320a113a4fd09e308f0bd3bc592e]: =========================================
[2026-05-02 04:40:55.286] [DEBUG] [] [c2ee320a113a4fd09e308f0bd3bc592e]: ===>> Output object : 

{
	"alg":"SALT_MD5",
	"code":200,
	"data":{
		"empty":false,
		"page":1,
		"pages":0,
		"recordCount":1,
		"records":[
			{
				"birthYear":1990,
				"createdAt":"2026-05-01 21:18:50",
				"createdBy":0,
				"delFlag":false,
				"email":"admin@staff.local",
				"id":1,
				"isVip":false,
				"lastLoginAt":"2026-05-01 21:45:13.229045",
				"nickname":"超级管理员",
				"passwordHash":"$2a$10$YTUeGZqQ/xrX1d9V26669ubXuH90MthjRxhXxJV5EldtWdFm0WQbS",
				"staffRole":1,
				"stampsBalance":0,
				"status":1,
				"updatedAt":"2026-05-01 21:45:13",
				"updatedBy":0
			}
		],
		"size":50,
		"total":0
	},
	"message":"OK",
	"success":true
} 
cn.nine.commons.data.page.PageData<cn.nine.pros.post.client.model.db.UserDTO>

[2026-05-02 04:40:55.286] [DEBUG] [] [28faf779ba434830ad5e3339f6e82162]: ==> leave RequestContextHolder.
[2026-05-02 04:40:55.286] [DEBUG] [] [f3169678e5884cdd9b21891212459253]: ==> leave RequestContextHolder.
[2026-05-02 04:40:55.286] [DEBUG] [] [c2ee320a113a4fd09e308f0bd3bc592e]: =========================================
[2026-05-02 04:40:55.286] [DEBUG] [] [f3169678e5884cdd9b21891212459253]: ==> leave RequestContextHolder.
[2026-05-02 04:40:55.286] [DEBUG] [] [28faf779ba434830ad5e3339f6e82162]: ==> leave RequestContextHolder.
[2026-05-02 04:40:55.286] [DEBUG] [] [c2ee320a113a4fd09e308f0bd3bc592e]: ==> leave RequestContextHolder.
[2026-05-02 04:40:55.286] [DEBUG] [] [c2ee320a113a4fd09e308f0bd3bc592e]: ==> leave RequestContextHolder.
[2026-05-02 04:40:55.290] [DEBUG] [] []: ==》/webapi/auth/current -> into PreRequestContextFilter.
[2026-05-02 04:40:55.290] [DEBUG] [] [0b0a9da79f0041e29f1966dca1276c72]: 地址 /webapi/auth/current 进入过滤器
[2026-05-02 04:40:55.292] [DEBUG] [] [0b0a9da79f0041e29f1966dca1276c72]: ==>  Preparing: SELECT id,email,password_hash,nickname,birth_year,country_code,bio,avatar_url,stamps_balance,is_vip,vip_expire_at,status,staff_role,register_ip,last_login_at,created_at,created_by,updated_at,updated_by,del_flag FROM bu_user WHERE id=?
[2026-05-02 04:40:55.292] [DEBUG] [] [0b0a9da79f0041e29f1966dca1276c72]: ==> Parameters: 1(Long)
[2026-05-02 04:40:55.294] [DEBUG] [] [0b0a9da79f0041e29f1966dca1276c72]: <==      Total: 1
[2026-05-02 04:40:55.294] [DEBUG] [] [0b0a9da79f0041e29f1966dca1276c72]: ===> Supports JSON Message Converter : true
[2026-05-02 04:40:55.294] [DEBUG] [] [0b0a9da79f0041e29f1966dca1276c72]: Using 'application/json', given [application/json, text/plain, */*] and supported [application/json, application/*+json]
[2026-05-02 04:40:55.294] [DEBUG] [] [0b0a9da79f0041e29f1966dca1276c72]: ===> Supports JSON Message Converter : true
[2026-05-02 04:40:55.294] [DEBUG] [] [0b0a9da79f0041e29f1966dca1276c72]: Writing [UserDTO(super=AbstractAuditableDTO(createdAt=2026-05-01T21:18:50.206341, createdBy=0, updatedAt=2026 (truncated)...]
[2026-05-02 04:40:55.294] [DEBUG] [] [0b0a9da79f0041e29f1966dca1276c72]: =========================================
[2026-05-02 04:40:55.294] [DEBUG] [] [0b0a9da79f0041e29f1966dca1276c72]: ===>> Output object : 

{
	"alg":"SALT_MD5",
	"code":200,
	"data":{
		"birthYear":1990,
		"createdAt":"2026-05-01 21:18:50",
		"createdBy":0,
		"delFlag":false,
		"email":"admin@staff.local",
		"id":1,
		"isVip":false,
		"lastLoginAt":"2026-05-01 21:45:13.229045",
		"nickname":"超级管理员",
		"staffRole":1,
		"stampsBalance":0,
		"status":1,
		"updatedAt":"2026-05-01 21:45:13",
		"updatedBy":0
	},
	"message":"OK",
	"success":true
} 
class cn.nine.pros.post.client.model.db.UserDTO

[2026-05-02 04:40:55.294] [DEBUG] [] [0b0a9da79f0041e29f1966dca1276c72]: =========================================
[2026-05-02 04:40:55.295] [DEBUG] [] [0b0a9da79f0041e29f1966dca1276c72]: ==> leave RequestContextHolder.
[2026-05-02 04:40:55.295] [DEBUG] [] [0b0a9da79f0041e29f1966dca1276c72]: ==> leave RequestContextHolder.
[2026-05-02 04:46:21.293] [DEBUG] [] []: ==》/webapi/user/paging -> into PreRequestContextFilter.
[2026-05-02 04:46:21.293] [DEBUG] [] []: ==》/webapi/user/paging -> into PreRequestContextFilter.
[2026-05-02 04:46:21.293] [DEBUG] [] [6baacbb2ea4e48cd85a7fc901479e20e]: 地址 /webapi/user/paging 进入过滤器
[2026-05-02 04:46:21.293] [DEBUG] [] [95e73cd101ba4d6794d3fa20825ad76c]: 地址 /webapi/user/paging 进入过滤器
[2026-05-02 04:46:21.293] [DEBUG] [] []: ==》/webapi/auth/current -> into PreRequestContextFilter.
[2026-05-02 04:46:21.293] [DEBUG] [] [7173e58fcc17460c8c2a2d3b3cfd272e]: 地址 /webapi/auth/current 进入过滤器
[2026-05-02 04:46:21.295] [DEBUG] [] [7173e58fcc17460c8c2a2d3b3cfd272e]: ==>  Preparing: SELECT id,email,password_hash,nickname,birth_year,country_code,bio,avatar_url,stamps_balance,is_vip,vip_expire_at,status,staff_role,register_ip,last_login_at,created_at,created_by,updated_at,updated_by,del_flag FROM bu_user WHERE id=?
[2026-05-02 04:46:21.295] [DEBUG] [] [7173e58fcc17460c8c2a2d3b3cfd272e]: ==> Parameters: 1(Long)
[2026-05-02 04:46:21.295] [DEBUG] [] [7173e58fcc17460c8c2a2d3b3cfd272e]: <==      Total: 1
[2026-05-02 04:46:21.296] [DEBUG] [] [95e73cd101ba4d6794d3fa20825ad76c]: ==>  Preparing: SELECT id,email,password_hash,nickname,birth_year,country_code,bio,avatar_url,stamps_balance,is_vip,vip_expire_at,status,staff_role,register_ip,last_login_at,created_at,created_by,updated_at,updated_by,del_flag FROM bu_user WHERE (del_flag = ?) ORDER BY created_at DESC
[2026-05-02 04:46:21.296] [DEBUG] [] [7173e58fcc17460c8c2a2d3b3cfd272e]: ===> Supports JSON Message Converter : true
[2026-05-02 04:46:21.296] [DEBUG] [] [95e73cd101ba4d6794d3fa20825ad76c]: ==> Parameters: false(Boolean)
[2026-05-02 04:46:21.296] [DEBUG] [] [7173e58fcc17460c8c2a2d3b3cfd272e]: Using 'application/json', given [application/json, text/plain, */*] and supported [application/json, application/*+json]
[2026-05-02 04:46:21.296] [DEBUG] [] [7173e58fcc17460c8c2a2d3b3cfd272e]: ===> Supports JSON Message Converter : true
[2026-05-02 04:46:21.296] [DEBUG] [] [7173e58fcc17460c8c2a2d3b3cfd272e]: Writing [UserDTO(super=AbstractAuditableDTO(createdAt=2026-05-01T21:18:50.206341, createdBy=0, updatedAt=2026 (truncated)...]
[2026-05-02 04:46:21.296] [DEBUG] [] [7173e58fcc17460c8c2a2d3b3cfd272e]: =========================================
[2026-05-02 04:46:21.296] [DEBUG] [] [7173e58fcc17460c8c2a2d3b3cfd272e]: ===>> Output object : 

{
	"alg":"SALT_MD5",
	"code":200,
	"data":{
		"birthYear":1990,
		"createdAt":"2026-05-01 21:18:50",
		"createdBy":0,
		"delFlag":false,
		"email":"admin@staff.local",
		"id":1,
		"isVip":false,
		"lastLoginAt":"2026-05-01 21:45:13.229045",
		"nickname":"超级管理员",
		"staffRole":1,
		"stampsBalance":0,
		"status":1,
		"updatedAt":"2026-05-01 21:45:13",
		"updatedBy":0
	},
	"message":"OK",
	"success":true
} 
class cn.nine.pros.post.client.model.db.UserDTO

[2026-05-02 04:46:21.297] [DEBUG] [] [7173e58fcc17460c8c2a2d3b3cfd272e]: =========================================
[2026-05-02 04:46:21.297] [DEBUG] [] [6baacbb2ea4e48cd85a7fc901479e20e]: ==>  Preparing: SELECT id,email,password_hash,nickname,birth_year,country_code,bio,avatar_url,stamps_balance,is_vip,vip_expire_at,status,staff_role,register_ip,last_login_at,created_at,created_by,updated_at,updated_by,del_flag FROM bu_user WHERE (del_flag = ?) ORDER BY created_at DESC
[2026-05-02 04:46:21.297] [DEBUG] [] [6baacbb2ea4e48cd85a7fc901479e20e]: ==> Parameters: false(Boolean)
[2026-05-02 04:46:21.297] [DEBUG] [] [7173e58fcc17460c8c2a2d3b3cfd272e]: ==> leave RequestContextHolder.
[2026-05-02 04:46:21.297] [DEBUG] [] [7173e58fcc17460c8c2a2d3b3cfd272e]: ==> leave RequestContextHolder.
[2026-05-02 04:46:21.297] [DEBUG] [] [95e73cd101ba4d6794d3fa20825ad76c]: <==      Total: 1
[2026-05-02 04:46:21.297] [DEBUG] [] [95e73cd101ba4d6794d3fa20825ad76c]: ===> Supports JSON Message Converter : true
[2026-05-02 04:46:21.297] [DEBUG] [] [95e73cd101ba4d6794d3fa20825ad76c]: Using 'application/json', given [application/json, text/plain, */*] and supported [application/json, application/*+json]
[2026-05-02 04:46:21.297] [DEBUG] [] [95e73cd101ba4d6794d3fa20825ad76c]: ===> Supports JSON Message Converter : true
[2026-05-02 04:46:21.297] [DEBUG] [] [95e73cd101ba4d6794d3fa20825ad76c]: Writing [PageData(total=0, page=1, size=50, pages=0, records=[UserDTO(super=AbstractAuditableDTO(createdAt=20 (truncated)...]
[2026-05-02 04:46:21.297] [DEBUG] [] [6baacbb2ea4e48cd85a7fc901479e20e]: <==      Total: 1
[2026-05-02 04:46:21.297] [DEBUG] [] [95e73cd101ba4d6794d3fa20825ad76c]: =========================================
[2026-05-02 04:46:21.297] [DEBUG] [] [95e73cd101ba4d6794d3fa20825ad76c]: ===>> Output object : 

{
	"alg":"SALT_MD5",
	"code":200,
	"data":{
		"empty":false,
		"page":1,
		"pages":0,
		"recordCount":1,
		"records":[
			{
				"birthYear":1990,
				"createdAt":"2026-05-01 21:18:50",
				"createdBy":0,
				"delFlag":false,
				"email":"admin@staff.local",
				"id":1,
				"isVip":false,
				"lastLoginAt":"2026-05-01 21:45:13.229045",
				"nickname":"超级管理员",
				"passwordHash":"$2a$10$YTUeGZqQ/xrX1d9V26669ubXuH90MthjRxhXxJV5EldtWdFm0WQbS",
				"staffRole":1,
				"stampsBalance":0,
				"status":1,
				"updatedAt":"2026-05-01 21:45:13",
				"updatedBy":0
			}
		],
		"size":50,
		"total":0
	},
	"message":"OK",
	"success":true
} 
cn.nine.commons.data.page.PageData<cn.nine.pros.post.client.model.db.UserDTO>

[2026-05-02 04:46:21.297] [DEBUG] [] [95e73cd101ba4d6794d3fa20825ad76c]: =========================================
[2026-05-02 04:46:21.297] [DEBUG] [] [6baacbb2ea4e48cd85a7fc901479e20e]: ===> Supports JSON Message Converter : true
[2026-05-02 04:46:21.298] [DEBUG] [] [6baacbb2ea4e48cd85a7fc901479e20e]: Using 'application/json', given [application/json, text/plain, */*] and supported [application/json, application/*+json]
[2026-05-02 04:46:21.298] [DEBUG] [] [6baacbb2ea4e48cd85a7fc901479e20e]: ===> Supports JSON Message Converter : true
[2026-05-02 04:46:21.298] [DEBUG] [] [6baacbb2ea4e48cd85a7fc901479e20e]: Writing [PageData(total=0, page=1, size=50, pages=0, records=[UserDTO(super=AbstractAuditableDTO(createdAt=20 (truncated)...]
[2026-05-02 04:46:21.298] [DEBUG] [] [6baacbb2ea4e48cd85a7fc901479e20e]: =========================================
[2026-05-02 04:46:21.298] [DEBUG] [] [95e73cd101ba4d6794d3fa20825ad76c]: ==> leave RequestContextHolder.
[2026-05-02 04:46:21.298] [DEBUG] [] [95e73cd101ba4d6794d3fa20825ad76c]: ==> leave RequestContextHolder.
[2026-05-02 04:46:21.298] [DEBUG] [] [6baacbb2ea4e48cd85a7fc901479e20e]: ===>> Output object : 

{
	"alg":"SALT_MD5",
	"code":200,
	"data":{
		"empty":false,
		"page":1,
		"pages":0,
		"recordCount":1,
		"records":[
			{
				"birthYear":1990,
				"createdAt":"2026-05-01 21:18:50",
				"createdBy":0,
				"delFlag":false,
				"email":"admin@staff.local",
				"id":1,
				"isVip":false,
				"lastLoginAt":"2026-05-01 21:45:13.229045",
				"nickname":"超级管理员",
				"passwordHash":"$2a$10$YTUeGZqQ/xrX1d9V26669ubXuH90MthjRxhXxJV5EldtWdFm0WQbS",
				"staffRole":1,
				"stampsBalance":0,
				"status":1,
				"updatedAt":"2026-05-01 21:45:13",
				"updatedBy":0
			}
		],
		"size":50,
		"total":0
	},
	"message":"OK",
	"success":true
} 
cn.nine.commons.data.page.PageData<cn.nine.pros.post.client.model.db.UserDTO>

[2026-05-02 04:46:21.298] [DEBUG] [] [6baacbb2ea4e48cd85a7fc901479e20e]: =========================================
[2026-05-02 04:46:21.298] [DEBUG] [] [6baacbb2ea4e48cd85a7fc901479e20e]: ==> leave RequestContextHolder.
[2026-05-02 04:46:21.298] [DEBUG] [] [6baacbb2ea4e48cd85a7fc901479e20e]: ==> leave RequestContextHolder.
[2026-05-02 04:46:21.299] [DEBUG] [] []: ==》/webapi/auth/current -> into PreRequestContextFilter.
[2026-05-02 04:46:21.299] [DEBUG] [] [94a1e76d8737482ab0f605cb33be98ed]: 地址 /webapi/auth/current 进入过滤器
[2026-05-02 04:46:21.301] [DEBUG] [] [94a1e76d8737482ab0f605cb33be98ed]: ==>  Preparing: SELECT id,email,password_hash,nickname,birth_year,country_code,bio,avatar_url,stamps_balance,is_vip,vip_expire_at,status,staff_role,register_ip,last_login_at,created_at,created_by,updated_at,updated_by,del_flag FROM bu_user WHERE id=?
[2026-05-02 04:46:21.301] [DEBUG] [] [94a1e76d8737482ab0f605cb33be98ed]: ==> Parameters: 1(Long)
[2026-05-02 04:46:21.301] [DEBUG] [] [94a1e76d8737482ab0f605cb33be98ed]: <==      Total: 1
[2026-05-02 04:46:21.302] [DEBUG] [] [94a1e76d8737482ab0f605cb33be98ed]: ===> Supports JSON Message Converter : true
[2026-05-02 04:46:21.302] [DEBUG] [] [94a1e76d8737482ab0f605cb33be98ed]: Using 'application/json', given [application/json, text/plain, */*] and supported [application/json, application/*+json]
[2026-05-02 04:46:21.302] [DEBUG] [] [94a1e76d8737482ab0f605cb33be98ed]: ===> Supports JSON Message Converter : true
[2026-05-02 04:46:21.302] [DEBUG] [] [94a1e76d8737482ab0f605cb33be98ed]: Writing [UserDTO(super=AbstractAuditableDTO(createdAt=2026-05-01T21:18:50.206341, createdBy=0, updatedAt=2026 (truncated)...]
[2026-05-02 04:46:21.302] [DEBUG] [] [94a1e76d8737482ab0f605cb33be98ed]: =========================================
[2026-05-02 04:46:21.302] [DEBUG] [] [94a1e76d8737482ab0f605cb33be98ed]: ===>> Output object : 

{
	"alg":"SALT_MD5",
	"code":200,
	"data":{
		"birthYear":1990,
		"createdAt":"2026-05-01 21:18:50",
		"createdBy":0,
		"delFlag":false,
		"email":"admin@staff.local",
		"id":1,
		"isVip":false,
		"lastLoginAt":"2026-05-01 21:45:13.229045",
		"nickname":"超级管理员",
		"staffRole":1,
		"stampsBalance":0,
		"status":1,
		"updatedAt":"2026-05-01 21:45:13",
		"updatedBy":0
	},
	"message":"OK",
	"success":true
} 
class cn.nine.pros.post.client.model.db.UserDTO

[2026-05-02 04:46:21.302] [DEBUG] [] [94a1e76d8737482ab0f605cb33be98ed]: =========================================
[2026-05-02 04:46:21.302] [DEBUG] [] [94a1e76d8737482ab0f605cb33be98ed]: ==> leave RequestContextHolder.
[2026-05-02 04:46:21.302] [DEBUG] [] [94a1e76d8737482ab0f605cb33be98ed]: ==> leave RequestContextHolder.
[2026-05-02 04:50:55.315] [DEBUG] [] []: ==》/webapi/user/paging -> into PreRequestContextFilter.
[2026-05-02 04:50:55.315] [DEBUG] [] [22012c717d3f4de580e2b40cea03f57c]: 地址 /webapi/user/paging 进入过滤器
[2026-05-02 04:50:55.315] [DEBUG] [] []: ==》/webapi/user/paging -> into PreRequestContextFilter.
[2026-05-02 04:50:55.316] [DEBUG] [] [ce638385651649c9a8b153140f0c4f82]: 地址 /webapi/user/paging 进入过滤器
[2026-05-02 04:50:55.316] [DEBUG] [] []: ==》/webapi/auth/current -> into PreRequestContextFilter.
[2026-05-02 04:50:55.316] [DEBUG] [] [853ff68d263c42cca173f3e318fa0c4b]: 地址 /webapi/auth/current 进入过滤器
[2026-05-02 04:50:55.317] [DEBUG] [] [853ff68d263c42cca173f3e318fa0c4b]: ==>  Preparing: SELECT id,email,password_hash,nickname,birth_year,country_code,bio,avatar_url,stamps_balance,is_vip,vip_expire_at,status,staff_role,register_ip,last_login_at,created_at,created_by,updated_at,updated_by,del_flag FROM bu_user WHERE id=?
[2026-05-02 04:50:55.317] [DEBUG] [] [853ff68d263c42cca173f3e318fa0c4b]: ==> Parameters: 1(Long)
[2026-05-02 04:50:55.317] [DEBUG] [] [853ff68d263c42cca173f3e318fa0c4b]: <==      Total: 1
[2026-05-02 04:50:55.317] [DEBUG] [] [22012c717d3f4de580e2b40cea03f57c]: ==>  Preparing: SELECT id,email,password_hash,nickname,birth_year,country_code,bio,avatar_url,stamps_balance,is_vip,vip_expire_at,status,staff_role,register_ip,last_login_at,created_at,created_by,updated_at,updated_by,del_flag FROM bu_user WHERE (del_flag = ?) ORDER BY created_at DESC
[2026-05-02 04:50:55.317] [DEBUG] [] [853ff68d263c42cca173f3e318fa0c4b]: ===> Supports JSON Message Converter : true
[2026-05-02 04:50:55.317] [DEBUG] [] [22012c717d3f4de580e2b40cea03f57c]: ==> Parameters: false(Boolean)
[2026-05-02 04:50:55.317] [DEBUG] [] [853ff68d263c42cca173f3e318fa0c4b]: Using 'application/json', given [application/json, text/plain, */*] and supported [application/json, application/*+json]
[2026-05-02 04:50:55.319] [DEBUG] [] [853ff68d263c42cca173f3e318fa0c4b]: ===> Supports JSON Message Converter : true
[2026-05-02 04:50:55.319] [DEBUG] [] [853ff68d263c42cca173f3e318fa0c4b]: Writing [UserDTO(super=AbstractAuditableDTO(createdAt=2026-05-01T21:18:50.206341, createdBy=0, updatedAt=2026 (truncated)...]
[2026-05-02 04:50:55.319] [DEBUG] [] [853ff68d263c42cca173f3e318fa0c4b]: =========================================
[2026-05-02 04:50:55.319] [DEBUG] [] [853ff68d263c42cca173f3e318fa0c4b]: ===>> Output object : 

{
	"alg":"SALT_MD5",
	"code":200,
	"data":{
		"birthYear":1990,
		"createdAt":"2026-05-01 21:18:50",
		"createdBy":0,
		"delFlag":false,
		"email":"admin@staff.local",
		"id":1,
		"isVip":false,
		"lastLoginAt":"2026-05-01 21:45:13.229045",
		"nickname":"超级管理员",
		"staffRole":1,
		"stampsBalance":0,
		"status":1,
		"updatedAt":"2026-05-01 21:45:13",
		"updatedBy":0
	},
	"message":"OK",
	"success":true
} 
class cn.nine.pros.post.client.model.db.UserDTO

[2026-05-02 04:50:55.319] [DEBUG] [] [853ff68d263c42cca173f3e318fa0c4b]: =========================================
[2026-05-02 04:50:55.319] [DEBUG] [] [ce638385651649c9a8b153140f0c4f82]: ==>  Preparing: SELECT id,email,password_hash,nickname,birth_year,country_code,bio,avatar_url,stamps_balance,is_vip,vip_expire_at,status,staff_role,register_ip,last_login_at,created_at,created_by,updated_at,updated_by,del_flag FROM bu_user WHERE (del_flag = ?) ORDER BY created_at DESC
[2026-05-02 04:50:55.319] [DEBUG] [] [ce638385651649c9a8b153140f0c4f82]: ==> Parameters: false(Boolean)
[2026-05-02 04:50:55.319] [DEBUG] [] [853ff68d263c42cca173f3e318fa0c4b]: ==> leave RequestContextHolder.
[2026-05-02 04:50:55.319] [DEBUG] [] [853ff68d263c42cca173f3e318fa0c4b]: ==> leave RequestContextHolder.
[2026-05-02 04:50:55.319] [DEBUG] [] [22012c717d3f4de580e2b40cea03f57c]: <==      Total: 1
[2026-05-02 04:50:55.319] [DEBUG] [] [22012c717d3f4de580e2b40cea03f57c]: ===> Supports JSON Message Converter : true
[2026-05-02 04:50:55.319] [DEBUG] [] [22012c717d3f4de580e2b40cea03f57c]: Using 'application/json', given [application/json, text/plain, */*] and supported [application/json, application/*+json]
[2026-05-02 04:50:55.319] [DEBUG] [] [22012c717d3f4de580e2b40cea03f57c]: ===> Supports JSON Message Converter : true
[2026-05-02 04:50:55.319] [DEBUG] [] [22012c717d3f4de580e2b40cea03f57c]: Writing [PageData(total=0, page=1, size=50, pages=0, records=[UserDTO(super=AbstractAuditableDTO(createdAt=20 (truncated)...]
[2026-05-02 04:50:55.319] [DEBUG] [] [22012c717d3f4de580e2b40cea03f57c]: =========================================
[2026-05-02 04:50:55.319] [DEBUG] [] [22012c717d3f4de580e2b40cea03f57c]: ===>> Output object : 

{
	"alg":"SALT_MD5",
	"code":200,
	"data":{
		"empty":false,
		"page":1,
		"pages":0,
		"recordCount":1,
		"records":[
			{
				"birthYear":1990,
				"createdAt":"2026-05-01 21:18:50",
				"createdBy":0,
				"delFlag":false,
				"email":"admin@staff.local",
				"id":1,
				"isVip":false,
				"lastLoginAt":"2026-05-01 21:45:13.229045",
				"nickname":"超级管理员",
				"passwordHash":"$2a$10$YTUeGZqQ/xrX1d9V26669ubXuH90MthjRxhXxJV5EldtWdFm0WQbS",
				"staffRole":1,
				"stampsBalance":0,
				"status":1,
				"updatedAt":"2026-05-01 21:45:13",
				"updatedBy":0
			}
		],
		"size":50,
		"total":0
	},
	"message":"OK",
	"success":true
} 
cn.nine.commons.data.page.PageData<cn.nine.pros.post.client.model.db.UserDTO>

[2026-05-02 04:50:55.319] [DEBUG] [] [22012c717d3f4de580e2b40cea03f57c]: =========================================
[2026-05-02 04:50:55.319] [DEBUG] [] [ce638385651649c9a8b153140f0c4f82]: <==      Total: 1
[2026-05-02 04:50:55.320] [DEBUG] [] [ce638385651649c9a8b153140f0c4f82]: ===> Supports JSON Message Converter : true
[2026-05-02 04:50:55.320] [DEBUG] [] [ce638385651649c9a8b153140f0c4f82]: Using 'application/json', given [application/json, text/plain, */*] and supported [application/json, application/*+json]
[2026-05-02 04:50:55.320] [DEBUG] [] [ce638385651649c9a8b153140f0c4f82]: ===> Supports JSON Message Converter : true
[2026-05-02 04:50:55.320] [DEBUG] [] [22012c717d3f4de580e2b40cea03f57c]: ==> leave RequestContextHolder.
[2026-05-02 04:50:55.320] [DEBUG] [] [22012c717d3f4de580e2b40cea03f57c]: ==> leave RequestContextHolder.
[2026-05-02 04:50:55.320] [DEBUG] [] [ce638385651649c9a8b153140f0c4f82]: Writing [PageData(total=0, page=1, size=50, pages=0, records=[UserDTO(super=AbstractAuditableDTO(createdAt=20 (truncated)...]
[2026-05-02 04:50:55.320] [DEBUG] [] [ce638385651649c9a8b153140f0c4f82]: =========================================
[2026-05-02 04:50:55.320] [DEBUG] [] [ce638385651649c9a8b153140f0c4f82]: ===>> Output object : 

{
	"alg":"SALT_MD5",
	"code":200,
	"data":{
		"empty":false,
		"page":1,
		"pages":0,
		"recordCount":1,
		"records":[
			{
				"birthYear":1990,
				"createdAt":"2026-05-01 21:18:50",
				"createdBy":0,
				"delFlag":false,
				"email":"admin@staff.local",
				"id":1,
				"isVip":false,
				"lastLoginAt":"2026-05-01 21:45:13.229045",
				"nickname":"超级管理员",
				"passwordHash":"$2a$10$YTUeGZqQ/xrX1d9V26669ubXuH90MthjRxhXxJV5EldtWdFm0WQbS",
				"staffRole":1,
				"stampsBalance":0,
				"status":1,
				"updatedAt":"2026-05-01 21:45:13",
				"updatedBy":0
			}
		],
		"size":50,
		"total":0
	},
	"message":"OK",
	"success":true
} 
cn.nine.commons.data.page.PageData<cn.nine.pros.post.client.model.db.UserDTO>

[2026-05-02 04:50:55.320] [DEBUG] [] [ce638385651649c9a8b153140f0c4f82]: =========================================
[2026-05-02 04:50:55.320] [DEBUG] [] [ce638385651649c9a8b153140f0c4f82]: ==> leave RequestContextHolder.
[2026-05-02 04:50:55.320] [DEBUG] [] [ce638385651649c9a8b153140f0c4f82]: ==> leave RequestContextHolder.
[2026-05-02 04:50:55.321] [DEBUG] [] []: ==》/webapi/auth/current -> into PreRequestContextFilter.
[2026-05-02 04:50:55.321] [DEBUG] [] [b1842e2a649c4c5b9548e44c41d9de84]: 地址 /webapi/auth/current 进入过滤器
[2026-05-02 04:50:55.322] [DEBUG] [] [b1842e2a649c4c5b9548e44c41d9de84]: ==>  Preparing: SELECT id,email,password_hash,nickname,birth_year,country_code,bio,avatar_url,stamps_balance,is_vip,vip_expire_at,status,staff_role,register_ip,last_login_at,created_at,created_by,updated_at,updated_by,del_flag FROM bu_user WHERE id=?
[2026-05-02 04:50:55.322] [DEBUG] [] [b1842e2a649c4c5b9548e44c41d9de84]: ==> Parameters: 1(Long)
[2026-05-02 04:50:55.322] [DEBUG] [] [b1842e2a649c4c5b9548e44c41d9de84]: <==      Total: 1
[2026-05-02 04:50:55.323] [DEBUG] [] [b1842e2a649c4c5b9548e44c41d9de84]: ===> Supports JSON Message Converter : true
[2026-05-02 04:50:55.323] [DEBUG] [] [b1842e2a649c4c5b9548e44c41d9de84]: Using 'application/json', given [application/json, text/plain, */*] and supported [application/json, application/*+json]
[2026-05-02 04:50:55.323] [DEBUG] [] [b1842e2a649c4c5b9548e44c41d9de84]: ===> Supports JSON Message Converter : true
[2026-05-02 04:50:55.323] [DEBUG] [] [b1842e2a649c4c5b9548e44c41d9de84]: Writing [UserDTO(super=AbstractAuditableDTO(createdAt=2026-05-01T21:18:50.206341, createdBy=0, updatedAt=2026 (truncated)...]
[2026-05-02 04:50:55.323] [DEBUG] [] [b1842e2a649c4c5b9548e44c41d9de84]: =========================================
[2026-05-02 04:50:55.323] [DEBUG] [] [b1842e2a649c4c5b9548e44c41d9de84]: ===>> Output object : 

{
	"alg":"SALT_MD5",
	"code":200,
	"data":{
		"birthYear":1990,
		"createdAt":"2026-05-01 21:18:50",
		"createdBy":0,
		"delFlag":false,
		"email":"admin@staff.local",
		"id":1,
		"isVip":false,
		"lastLoginAt":"2026-05-01 21:45:13.229045",
		"nickname":"超级管理员",
		"staffRole":1,
		"stampsBalance":0,
		"status":1,
		"updatedAt":"2026-05-01 21:45:13",
		"updatedBy":0
	},
	"message":"OK",
	"success":true
} 
class cn.nine.pros.post.client.model.db.UserDTO

[2026-05-02 04:50:55.323] [DEBUG] [] [b1842e2a649c4c5b9548e44c41d9de84]: =========================================
[2026-05-02 04:50:55.323] [DEBUG] [] [b1842e2a649c4c5b9548e44c41d9de84]: ==> leave RequestContextHolder.
[2026-05-02 04:50:55.323] [DEBUG] [] [b1842e2a649c4c5b9548e44c41d9de84]: ==> leave RequestContextHolder.
[2026-05-02 04:56:21.257] [DEBUG] [] []: ==》/webapi/user/paging -> into PreRequestContextFilter.
[2026-05-02 04:56:21.257] [DEBUG] [] [16d80dc27abd481dba5d7c4f4896e615]: 地址 /webapi/user/paging 进入过滤器
[2026-05-02 04:56:21.257] [DEBUG] [] []: ==》/webapi/user/paging -> into PreRequestContextFilter.
[2026-05-02 04:56:21.257] [DEBUG] [] [62c26be4c97240f2becf2762c7e4236e]: 地址 /webapi/user/paging 进入过滤器
[2026-05-02 04:56:21.257] [DEBUG] [] []: ==》/webapi/auth/current -> into PreRequestContextFilter.
[2026-05-02 04:56:21.257] [DEBUG] [] [29a7acb9a38b4eccb45f734d29fa7f2d]: 地址 /webapi/auth/current 进入过滤器
[2026-05-02 04:56:21.265] [DEBUG] [] [29a7acb9a38b4eccb45f734d29fa7f2d]: ==>  Preparing: SELECT id,email,password_hash,nickname,birth_year,country_code,bio,avatar_url,stamps_balance,is_vip,vip_expire_at,status,staff_role,register_ip,last_login_at,created_at,created_by,updated_at,updated_by,del_flag FROM bu_user WHERE id=?
[2026-05-02 04:56:21.265] [DEBUG] [] [29a7acb9a38b4eccb45f734d29fa7f2d]: ==> Parameters: 1(Long)
[2026-05-02 04:56:21.265] [DEBUG] [] [62c26be4c97240f2becf2762c7e4236e]: ==>  Preparing: SELECT id,email,password_hash,nickname,birth_year,country_code,bio,avatar_url,stamps_balance,is_vip,vip_expire_at,status,staff_role,register_ip,last_login_at,created_at,created_by,updated_at,updated_by,del_flag FROM bu_user WHERE (del_flag = ?) ORDER BY created_at DESC
[2026-05-02 04:56:21.265] [DEBUG] [] [16d80dc27abd481dba5d7c4f4896e615]: ==>  Preparing: SELECT id,email,password_hash,nickname,birth_year,country_code,bio,avatar_url,stamps_balance,is_vip,vip_expire_at,status,staff_role,register_ip,last_login_at,created_at,created_by,updated_at,updated_by,del_flag FROM bu_user WHERE (del_flag = ?) ORDER BY created_at DESC
[2026-05-02 04:56:21.265] [DEBUG] [] [62c26be4c97240f2becf2762c7e4236e]: ==> Parameters: false(Boolean)
[2026-05-02 04:56:21.265] [DEBUG] [] [16d80dc27abd481dba5d7c4f4896e615]: ==> Parameters: false(Boolean)
[2026-05-02 04:56:21.266] [DEBUG] [] [29a7acb9a38b4eccb45f734d29fa7f2d]: <==      Total: 1
[2026-05-02 04:56:21.266] [DEBUG] [] [29a7acb9a38b4eccb45f734d29fa7f2d]: ===> Supports JSON Message Converter : true
[2026-05-02 04:56:21.266] [DEBUG] [] [29a7acb9a38b4eccb45f734d29fa7f2d]: Using 'application/json', given [application/json, text/plain, */*] and supported [application/json, application/*+json]
[2026-05-02 04:56:21.266] [DEBUG] [] [16d80dc27abd481dba5d7c4f4896e615]: <==      Total: 1
[2026-05-02 04:56:21.266] [DEBUG] [] [29a7acb9a38b4eccb45f734d29fa7f2d]: ===> Supports JSON Message Converter : true
[2026-05-02 04:56:21.266] [DEBUG] [] [29a7acb9a38b4eccb45f734d29fa7f2d]: Writing [UserDTO(super=AbstractAuditableDTO(createdAt=2026-05-01T21:18:50.206341, createdBy=0, updatedAt=2026 (truncated)...]
[2026-05-02 04:56:21.266] [DEBUG] [] [29a7acb9a38b4eccb45f734d29fa7f2d]: =========================================
[2026-05-02 04:56:21.266] [DEBUG] [] [16d80dc27abd481dba5d7c4f4896e615]: ===> Supports JSON Message Converter : true
[2026-05-02 04:56:21.266] [DEBUG] [] [16d80dc27abd481dba5d7c4f4896e615]: Using 'application/json', given [application/json, text/plain, */*] and supported [application/json, application/*+json]
[2026-05-02 04:56:21.266] [DEBUG] [] [16d80dc27abd481dba5d7c4f4896e615]: ===> Supports JSON Message Converter : true
[2026-05-02 04:56:21.266] [DEBUG] [] [29a7acb9a38b4eccb45f734d29fa7f2d]: ===>> Output object : 

{
	"alg":"SALT_MD5",
	"code":200,
	"data":{
		"birthYear":1990,
		"createdAt":"2026-05-01 21:18:50",
		"createdBy":0,
		"delFlag":false,
		"email":"admin@staff.local",
		"id":1,
		"isVip":false,
		"lastLoginAt":"2026-05-01 21:45:13.229045",
		"nickname":"超级管理员",
		"staffRole":1,
		"stampsBalance":0,
		"status":1,
		"updatedAt":"2026-05-01 21:45:13",
		"updatedBy":0
	},
	"message":"OK",
	"success":true
} 
class cn.nine.pros.post.client.model.db.UserDTO

[2026-05-02 04:56:21.266] [DEBUG] [] [29a7acb9a38b4eccb45f734d29fa7f2d]: =========================================
[2026-05-02 04:56:21.266] [DEBUG] [] [16d80dc27abd481dba5d7c4f4896e615]: Writing [PageData(total=0, page=1, size=50, pages=0, records=[UserDTO(super=AbstractAuditableDTO(createdAt=20 (truncated)...]
[2026-05-02 04:56:21.266] [DEBUG] [] [16d80dc27abd481dba5d7c4f4896e615]: =========================================
[2026-05-02 04:56:21.266] [DEBUG] [] [16d80dc27abd481dba5d7c4f4896e615]: ===>> Output object : 

{
	"alg":"SALT_MD5",
	"code":200,
	"data":{
		"empty":false,
		"page":1,
		"pages":0,
		"recordCount":1,
		"records":[
			{
				"birthYear":1990,
				"createdAt":"2026-05-01 21:18:50",
				"createdBy":0,
				"delFlag":false,
				"email":"admin@staff.local",
				"id":1,
				"isVip":false,
				"lastLoginAt":"2026-05-01 21:45:13.229045",
				"nickname":"超级管理员",
				"passwordHash":"$2a$10$YTUeGZqQ/xrX1d9V26669ubXuH90MthjRxhXxJV5EldtWdFm0WQbS",
				"staffRole":1,
				"stampsBalance":0,
				"status":1,
				"updatedAt":"2026-05-01 21:45:13",
				"updatedBy":0
			}
		],
		"size":50,
		"total":0
	},
	"message":"OK",
	"success":true
} 
cn.nine.commons.data.page.PageData<cn.nine.pros.post.client.model.db.UserDTO>

[2026-05-02 04:56:21.266] [DEBUG] [] [16d80dc27abd481dba5d7c4f4896e615]: =========================================
[2026-05-02 04:56:21.266] [DEBUG] [] [29a7acb9a38b4eccb45f734d29fa7f2d]: ==> leave RequestContextHolder.
[2026-05-02 04:56:21.266] [DEBUG] [] [16d80dc27abd481dba5d7c4f4896e615]: ==> leave RequestContextHolder.
[2026-05-02 04:56:21.266] [DEBUG] [] [29a7acb9a38b4eccb45f734d29fa7f2d]: ==> leave RequestContextHolder.
[2026-05-02 04:56:21.266] [DEBUG] [] [16d80dc27abd481dba5d7c4f4896e615]: ==> leave RequestContextHolder.
[2026-05-02 04:56:21.268] [DEBUG] [] []: ==》/webapi/auth/current -> into PreRequestContextFilter.
[2026-05-02 04:56:21.268] [DEBUG] [] [69443048abfd49dc86a4772ac832d419]: 地址 /webapi/auth/current 进入过滤器
[2026-05-02 04:56:21.268] [DEBUG] [] [62c26be4c97240f2becf2762c7e4236e]: <==      Total: 1
[2026-05-02 04:56:21.270] [DEBUG] [] [62c26be4c97240f2becf2762c7e4236e]: ===> Supports JSON Message Converter : true
[2026-05-02 04:56:21.270] [DEBUG] [] [69443048abfd49dc86a4772ac832d419]: ==>  Preparing: SELECT id,email,password_hash,nickname,birth_year,country_code,bio,avatar_url,stamps_balance,is_vip,vip_expire_at,status,staff_role,register_ip,last_login_at,created_at,created_by,updated_at,updated_by,del_flag FROM bu_user WHERE id=?
[2026-05-02 04:56:21.270] [DEBUG] [] [62c26be4c97240f2becf2762c7e4236e]: Using 'application/json', given [application/json, text/plain, */*] and supported [application/json, application/*+json]
[2026-05-02 04:56:21.270] [DEBUG] [] [62c26be4c97240f2becf2762c7e4236e]: ===> Supports JSON Message Converter : true
[2026-05-02 04:56:21.270] [DEBUG] [] [69443048abfd49dc86a4772ac832d419]: ==> Parameters: 1(Long)
[2026-05-02 04:56:21.270] [DEBUG] [] [62c26be4c97240f2becf2762c7e4236e]: Writing [PageData(total=0, page=1, size=50, pages=0, records=[UserDTO(super=AbstractAuditableDTO(createdAt=20 (truncated)...]
[2026-05-02 04:56:21.270] [DEBUG] [] [62c26be4c97240f2becf2762c7e4236e]: =========================================
[2026-05-02 04:56:21.270] [DEBUG] [] [62c26be4c97240f2becf2762c7e4236e]: ===>> Output object : 

{
	"alg":"SALT_MD5",
	"code":200,
	"data":{
		"empty":false,
		"page":1,
		"pages":0,
		"recordCount":1,
		"records":[
			{
				"birthYear":1990,
				"createdAt":"2026-05-01 21:18:50",
				"createdBy":0,
				"delFlag":false,
				"email":"admin@staff.local",
				"id":1,
				"isVip":false,
				"lastLoginAt":"2026-05-01 21:45:13.229045",
				"nickname":"超级管理员",
				"passwordHash":"$2a$10$YTUeGZqQ/xrX1d9V26669ubXuH90MthjRxhXxJV5EldtWdFm0WQbS",
				"staffRole":1,
				"stampsBalance":0,
				"status":1,
				"updatedAt":"2026-05-01 21:45:13",
				"updatedBy":0
			}
		],
		"size":50,
		"total":0
	},
	"message":"OK",
	"success":true
} 
cn.nine.commons.data.page.PageData<cn.nine.pros.post.client.model.db.UserDTO>

[2026-05-02 04:56:21.270] [DEBUG] [] [62c26be4c97240f2becf2762c7e4236e]: =========================================
[2026-05-02 04:56:21.270] [DEBUG] [] [62c26be4c97240f2becf2762c7e4236e]: ==> leave RequestContextHolder.
[2026-05-02 04:56:21.270] [DEBUG] [] [62c26be4c97240f2becf2762c7e4236e]: ==> leave RequestContextHolder.
[2026-05-02 04:56:21.270] [DEBUG] [] [69443048abfd49dc86a4772ac832d419]: <==      Total: 1
[2026-05-02 04:56:21.270] [DEBUG] [] [69443048abfd49dc86a4772ac832d419]: ===> Supports JSON Message Converter : true
[2026-05-02 04:56:21.270] [DEBUG] [] [69443048abfd49dc86a4772ac832d419]: Using 'application/json', given [application/json, text/plain, */*] and supported [application/json, application/*+json]
[2026-05-02 04:56:21.270] [DEBUG] [] [69443048abfd49dc86a4772ac832d419]: ===> Supports JSON Message Converter : true
[2026-05-02 04:56:21.270] [DEBUG] [] [69443048abfd49dc86a4772ac832d419]: Writing [UserDTO(super=AbstractAuditableDTO(createdAt=2026-05-01T21:18:50.206341, createdBy=0, updatedAt=2026 (truncated)...]
[2026-05-02 04:56:21.270] [DEBUG] [] [69443048abfd49dc86a4772ac832d419]: =========================================
[2026-05-02 04:56:21.270] [DEBUG] [] [69443048abfd49dc86a4772ac832d419]: ===>> Output object : 

{
	"alg":"SALT_MD5",
	"code":200,
	"data":{
		"birthYear":1990,
		"createdAt":"2026-05-01 21:18:50",
		"createdBy":0,
		"delFlag":false,
		"email":"admin@staff.local",
		"id":1,
		"isVip":false,
		"lastLoginAt":"2026-05-01 21:45:13.229045",
		"nickname":"超级管理员",
		"staffRole":1,
		"stampsBalance":0,
		"status":1,
		"updatedAt":"2026-05-01 21:45:13",
		"updatedBy":0
	},
	"message":"OK",
	"success":true
} 
class cn.nine.pros.post.client.model.db.UserDTO

[2026-05-02 04:56:21.270] [DEBUG] [] [69443048abfd49dc86a4772ac832d419]: =========================================
[2026-05-02 04:56:21.271] [DEBUG] [] [69443048abfd49dc86a4772ac832d419]: ==> leave RequestContextHolder.
[2026-05-02 04:56:21.271] [DEBUG] [] [69443048abfd49dc86a4772ac832d419]: ==> leave RequestContextHolder.
[2026-05-02 05:00:55.317] [DEBUG] [] []: ==》/webapi/user/paging -> into PreRequestContextFilter.
[2026-05-02 05:00:55.317] [DEBUG] [] [40bc362e323b4cc0aef7331c98a688dc]: 地址 /webapi/user/paging 进入过滤器
[2026-05-02 05:00:55.317] [DEBUG] [] []: ==》/webapi/user/paging -> into PreRequestContextFilter.
[2026-05-02 05:00:55.317] [DEBUG] [] [828a32759ffa4f7cbeaeab0a0d68d29b]: 地址 /webapi/user/paging 进入过滤器
[2026-05-02 05:00:55.318] [DEBUG] [] []: ==》/webapi/auth/current -> into PreRequestContextFilter.
[2026-05-02 05:00:55.318] [DEBUG] [] [126ffe9c4d8a4cee89799ac6b16b79d9]: 地址 /webapi/auth/current 进入过滤器
[2026-05-02 05:00:55.318] [DEBUG] [] [126ffe9c4d8a4cee89799ac6b16b79d9]: ==>  Preparing: SELECT id,email,password_hash,nickname,birth_year,country_code,bio,avatar_url,stamps_balance,is_vip,vip_expire_at,status,staff_role,register_ip,last_login_at,created_at,created_by,updated_at,updated_by,del_flag FROM bu_user WHERE id=?
[2026-05-02 05:00:55.318] [DEBUG] [] [126ffe9c4d8a4cee89799ac6b16b79d9]: ==> Parameters: 1(Long)
[2026-05-02 05:00:55.320] [DEBUG] [] [126ffe9c4d8a4cee89799ac6b16b79d9]: <==      Total: 1
[2026-05-02 05:00:55.320] [DEBUG] [] [40bc362e323b4cc0aef7331c98a688dc]: ==>  Preparing: SELECT id,email,password_hash,nickname,birth_year,country_code,bio,avatar_url,stamps_balance,is_vip,vip_expire_at,status,staff_role,register_ip,last_login_at,created_at,created_by,updated_at,updated_by,del_flag FROM bu_user WHERE (del_flag = ?) ORDER BY created_at DESC
[2026-05-02 05:00:55.320] [DEBUG] [] [828a32759ffa4f7cbeaeab0a0d68d29b]: ==>  Preparing: SELECT id,email,password_hash,nickname,birth_year,country_code,bio,avatar_url,stamps_balance,is_vip,vip_expire_at,status,staff_role,register_ip,last_login_at,created_at,created_by,updated_at,updated_by,del_flag FROM bu_user WHERE (del_flag = ?) ORDER BY created_at DESC
[2026-05-02 05:00:55.320] [DEBUG] [] [126ffe9c4d8a4cee89799ac6b16b79d9]: ===> Supports JSON Message Converter : true
[2026-05-02 05:00:55.320] [DEBUG] [] [126ffe9c4d8a4cee89799ac6b16b79d9]: Using 'application/json', given [application/json, text/plain, */*] and supported [application/json, application/*+json]
[2026-05-02 05:00:55.320] [DEBUG] [] [40bc362e323b4cc0aef7331c98a688dc]: ==> Parameters: false(Boolean)
[2026-05-02 05:00:55.320] [DEBUG] [] [828a32759ffa4f7cbeaeab0a0d68d29b]: ==> Parameters: false(Boolean)
[2026-05-02 05:00:55.320] [DEBUG] [] [126ffe9c4d8a4cee89799ac6b16b79d9]: ===> Supports JSON Message Converter : true
[2026-05-02 05:00:55.320] [DEBUG] [] [126ffe9c4d8a4cee89799ac6b16b79d9]: Writing [UserDTO(super=AbstractAuditableDTO(createdAt=2026-05-01T21:18:50.206341, createdBy=0, updatedAt=2026 (truncated)...]
[2026-05-02 05:00:55.320] [DEBUG] [] [126ffe9c4d8a4cee89799ac6b16b79d9]: =========================================
[2026-05-02 05:00:55.320] [DEBUG] [] [126ffe9c4d8a4cee89799ac6b16b79d9]: ===>> Output object : 

{
	"alg":"SALT_MD5",
	"code":200,
	"data":{
		"birthYear":1990,
		"createdAt":"2026-05-01 21:18:50",
		"createdBy":0,
		"delFlag":false,
		"email":"admin@staff.local",
		"id":1,
		"isVip":false,
		"lastLoginAt":"2026-05-01 21:45:13.229045",
		"nickname":"超级管理员",
		"staffRole":1,
		"stampsBalance":0,
		"status":1,
		"updatedAt":"2026-05-01 21:45:13",
		"updatedBy":0
	},
	"message":"OK",
	"success":true
} 
class cn.nine.pros.post.client.model.db.UserDTO

[2026-05-02 05:00:55.320] [DEBUG] [] [126ffe9c4d8a4cee89799ac6b16b79d9]: =========================================
[2026-05-02 05:00:55.320] [DEBUG] [] [126ffe9c4d8a4cee89799ac6b16b79d9]: ==> leave RequestContextHolder.
[2026-05-02 05:00:55.320] [DEBUG] [] [126ffe9c4d8a4cee89799ac6b16b79d9]: ==> leave RequestContextHolder.
[2026-05-02 05:00:55.320] [DEBUG] [] [40bc362e323b4cc0aef7331c98a688dc]: <==      Total: 1
[2026-05-02 05:00:55.321] [DEBUG] [] [828a32759ffa4f7cbeaeab0a0d68d29b]: <==      Total: 1
[2026-05-02 05:00:55.321] [DEBUG] [] [40bc362e323b4cc0aef7331c98a688dc]: ===> Supports JSON Message Converter : true
[2026-05-02 05:00:55.321] [DEBUG] [] [40bc362e323b4cc0aef7331c98a688dc]: Using 'application/json', given [application/json, text/plain, */*] and supported [application/json, application/*+json]
[2026-05-02 05:00:55.321] [DEBUG] [] [828a32759ffa4f7cbeaeab0a0d68d29b]: ===> Supports JSON Message Converter : true
[2026-05-02 05:00:55.321] [DEBUG] [] [40bc362e323b4cc0aef7331c98a688dc]: ===> Supports JSON Message Converter : true
[2026-05-02 05:00:55.321] [DEBUG] [] [828a32759ffa4f7cbeaeab0a0d68d29b]: Using 'application/json', given [application/json, text/plain, */*] and supported [application/json, application/*+json]
[2026-05-02 05:00:55.321] [DEBUG] [] [828a32759ffa4f7cbeaeab0a0d68d29b]: ===> Supports JSON Message Converter : true
[2026-05-02 05:00:55.321] [DEBUG] [] [40bc362e323b4cc0aef7331c98a688dc]: Writing [PageData(total=0, page=1, size=50, pages=0, records=[UserDTO(super=AbstractAuditableDTO(createdAt=20 (truncated)...]
[2026-05-02 05:00:55.321] [DEBUG] [] [828a32759ffa4f7cbeaeab0a0d68d29b]: Writing [PageData(total=0, page=1, size=50, pages=0, records=[UserDTO(super=AbstractAuditableDTO(createdAt=20 (truncated)...]
[2026-05-02 05:00:55.321] [DEBUG] [] [40bc362e323b4cc0aef7331c98a688dc]: =========================================
[2026-05-02 05:00:55.321] [DEBUG] [] [40bc362e323b4cc0aef7331c98a688dc]: ===>> Output object : 

{
	"alg":"SALT_MD5",
	"code":200,
	"data":{
		"empty":false,
		"page":1,
		"pages":0,
		"recordCount":1,
		"records":[
			{
				"birthYear":1990,
				"createdAt":"2026-05-01 21:18:50",
				"createdBy":0,
				"delFlag":false,
				"email":"admin@staff.local",
				"id":1,
				"isVip":false,
				"lastLoginAt":"2026-05-01 21:45:13.229045",
				"nickname":"超级管理员",
				"passwordHash":"$2a$10$YTUeGZqQ/xrX1d9V26669ubXuH90MthjRxhXxJV5EldtWdFm0WQbS",
				"staffRole":1,
				"stampsBalance":0,
				"status":1,
				"updatedAt":"2026-05-01 21:45:13",
				"updatedBy":0
			}
		],
		"size":50,
		"total":0
	},
	"message":"OK",
	"success":true
} 
cn.nine.commons.data.page.PageData<cn.nine.pros.post.client.model.db.UserDTO>

[2026-05-02 05:00:55.321] [DEBUG] [] [40bc362e323b4cc0aef7331c98a688dc]: =========================================
[2026-05-02 05:00:55.321] [DEBUG] [] [828a32759ffa4f7cbeaeab0a0d68d29b]: =========================================
[2026-05-02 05:00:55.321] [DEBUG] [] [828a32759ffa4f7cbeaeab0a0d68d29b]: ===>> Output object : 

{
	"alg":"SALT_MD5",
	"code":200,
	"data":{
		"empty":false,
		"page":1,
		"pages":0,
		"recordCount":1,
		"records":[
			{
				"birthYear":1990,
				"createdAt":"2026-05-01 21:18:50",
				"createdBy":0,
				"delFlag":false,
				"email":"admin@staff.local",
				"id":1,
				"isVip":false,
				"lastLoginAt":"2026-05-01 21:45:13.229045",
				"nickname":"超级管理员",
				"passwordHash":"$2a$10$YTUeGZqQ/xrX1d9V26669ubXuH90MthjRxhXxJV5EldtWdFm0WQbS",
				"staffRole":1,
				"stampsBalance":0,
				"status":1,
				"updatedAt":"2026-05-01 21:45:13",
				"updatedBy":0
			}
		],
		"size":50,
		"total":0
	},
	"message":"OK",
	"success":true
} 
cn.nine.commons.data.page.PageData<cn.nine.pros.post.client.model.db.UserDTO>

[2026-05-02 05:00:55.321] [DEBUG] [] [828a32759ffa4f7cbeaeab0a0d68d29b]: =========================================
[2026-05-02 05:00:55.321] [DEBUG] [] [40bc362e323b4cc0aef7331c98a688dc]: ==> leave RequestContextHolder.
[2026-05-02 05:00:55.321] [DEBUG] [] [40bc362e323b4cc0aef7331c98a688dc]: ==> leave RequestContextHolder.
[2026-05-02 05:00:55.321] [DEBUG] [] [828a32759ffa4f7cbeaeab0a0d68d29b]: ==> leave RequestContextHolder.
[2026-05-02 05:00:55.321] [DEBUG] [] [828a32759ffa4f7cbeaeab0a0d68d29b]: ==> leave RequestContextHolder.
[2026-05-02 05:00:55.322] [DEBUG] [] []: ==》/webapi/auth/current -> into PreRequestContextFilter.
[2026-05-02 05:00:55.322] [DEBUG] [] [d2462f865ac240b89aa23a83a5eb1273]: 地址 /webapi/auth/current 进入过滤器
[2026-05-02 05:00:55.323] [DEBUG] [] [d2462f865ac240b89aa23a83a5eb1273]: ==>  Preparing: SELECT id,email,password_hash,nickname,birth_year,country_code,bio,avatar_url,stamps_balance,is_vip,vip_expire_at,status,staff_role,register_ip,last_login_at,created_at,created_by,updated_at,updated_by,del_flag FROM bu_user WHERE id=?
[2026-05-02 05:00:55.323] [DEBUG] [] [d2462f865ac240b89aa23a83a5eb1273]: ==> Parameters: 1(Long)
[2026-05-02 05:00:55.324] [DEBUG] [] [d2462f865ac240b89aa23a83a5eb1273]: <==      Total: 1
[2026-05-02 05:00:55.324] [DEBUG] [] [d2462f865ac240b89aa23a83a5eb1273]: ===> Supports JSON Message Converter : true
[2026-05-02 05:00:55.324] [DEBUG] [] [d2462f865ac240b89aa23a83a5eb1273]: Using 'application/json', given [application/json, text/plain, */*] and supported [application/json, application/*+json]
[2026-05-02 05:00:55.324] [DEBUG] [] [d2462f865ac240b89aa23a83a5eb1273]: ===> Supports JSON Message Converter : true
[2026-05-02 05:00:55.324] [DEBUG] [] [d2462f865ac240b89aa23a83a5eb1273]: Writing [UserDTO(super=AbstractAuditableDTO(createdAt=2026-05-01T21:18:50.206341, createdBy=0, updatedAt=2026 (truncated)...]
[2026-05-02 05:00:55.324] [DEBUG] [] [d2462f865ac240b89aa23a83a5eb1273]: =========================================
[2026-05-02 05:00:55.324] [DEBUG] [] [d2462f865ac240b89aa23a83a5eb1273]: ===>> Output object : 

{
	"alg":"SALT_MD5",
	"code":200,
	"data":{
		"birthYear":1990,
		"createdAt":"2026-05-01 21:18:50",
		"createdBy":0,
		"delFlag":false,
		"email":"admin@staff.local",
		"id":1,
		"isVip":false,
		"lastLoginAt":"2026-05-01 21:45:13.229045",
		"nickname":"超级管理员",
		"staffRole":1,
		"stampsBalance":0,
		"status":1,
		"updatedAt":"2026-05-01 21:45:13",
		"updatedBy":0
	},
	"message":"OK",
	"success":true
} 
class cn.nine.pros.post.client.model.db.UserDTO

[2026-05-02 05:00:55.324] [DEBUG] [] [d2462f865ac240b89aa23a83a5eb1273]: =========================================
[2026-05-02 05:00:55.324] [DEBUG] [] [d2462f865ac240b89aa23a83a5eb1273]: ==> leave RequestContextHolder.
[2026-05-02 05:00:55.324] [DEBUG] [] [d2462f865ac240b89aa23a83a5eb1273]: ==> leave RequestContextHolder.
[2026-05-02 05:07:21.272] [DEBUG] [] []: ==》/webapi/user/paging -> into PreRequestContextFilter.
[2026-05-02 05:07:21.272] [DEBUG] [] [1106fa3f23a24b05a28c649fa1554200]: 地址 /webapi/user/paging 进入过滤器
[2026-05-02 05:07:21.273] [DEBUG] [] []: ==》/webapi/user/paging -> into PreRequestContextFilter.
[2026-05-02 05:07:21.273] [DEBUG] [] [0ce504a525b142c49032a92a7fcdbafb]: 地址 /webapi/user/paging 进入过滤器
[2026-05-02 05:07:21.273] [DEBUG] [] []: ==》/webapi/auth/current -> into PreRequestContextFilter.
[2026-05-02 05:07:21.273] [DEBUG] [] [f2347c3b4ed64c5dac5b526276ebaf51]: 地址 /webapi/auth/current 进入过滤器
[2026-05-02 05:07:21.278] [DEBUG] [] [f2347c3b4ed64c5dac5b526276ebaf51]: ==>  Preparing: SELECT id,email,password_hash,nickname,birth_year,country_code,bio,avatar_url,stamps_balance,is_vip,vip_expire_at,status,staff_role,register_ip,last_login_at,created_at,created_by,updated_at,updated_by,del_flag FROM bu_user WHERE id=?
[2026-05-02 05:07:21.278] [DEBUG] [] [f2347c3b4ed64c5dac5b526276ebaf51]: ==> Parameters: 1(Long)
[2026-05-02 05:07:21.279] [DEBUG] [] [1106fa3f23a24b05a28c649fa1554200]: ==>  Preparing: SELECT id,email,password_hash,nickname,birth_year,country_code,bio,avatar_url,stamps_balance,is_vip,vip_expire_at,status,staff_role,register_ip,last_login_at,created_at,created_by,updated_at,updated_by,del_flag FROM bu_user WHERE (del_flag = ?) ORDER BY created_at DESC
[2026-05-02 05:07:21.279] [DEBUG] [] [1106fa3f23a24b05a28c649fa1554200]: ==> Parameters: false(Boolean)
[2026-05-02 05:07:21.279] [DEBUG] [] [0ce504a525b142c49032a92a7fcdbafb]: ==>  Preparing: SELECT id,email,password_hash,nickname,birth_year,country_code,bio,avatar_url,stamps_balance,is_vip,vip_expire_at,status,staff_role,register_ip,last_login_at,created_at,created_by,updated_at,updated_by,del_flag FROM bu_user WHERE (del_flag = ?) ORDER BY created_at DESC
[2026-05-02 05:07:21.279] [DEBUG] [] [0ce504a525b142c49032a92a7fcdbafb]: ==> Parameters: false(Boolean)
[2026-05-02 05:07:21.279] [DEBUG] [] [f2347c3b4ed64c5dac5b526276ebaf51]: <==      Total: 1
[2026-05-02 05:07:21.279] [DEBUG] [] [1106fa3f23a24b05a28c649fa1554200]: <==      Total: 1
[2026-05-02 05:07:21.279] [DEBUG] [] [f2347c3b4ed64c5dac5b526276ebaf51]: ===> Supports JSON Message Converter : true
[2026-05-02 05:07:21.280] [DEBUG] [] [f2347c3b4ed64c5dac5b526276ebaf51]: Using 'application/json', given [application/json, text/plain, */*] and supported [application/json, application/*+json]
[2026-05-02 05:07:21.280] [DEBUG] [] [f2347c3b4ed64c5dac5b526276ebaf51]: ===> Supports JSON Message Converter : true
[2026-05-02 05:07:21.280] [DEBUG] [] [1106fa3f23a24b05a28c649fa1554200]: ===> Supports JSON Message Converter : true
[2026-05-02 05:07:21.280] [DEBUG] [] [1106fa3f23a24b05a28c649fa1554200]: Using 'application/json', given [application/json, text/plain, */*] and supported [application/json, application/*+json]
[2026-05-02 05:07:21.280] [DEBUG] [] [f2347c3b4ed64c5dac5b526276ebaf51]: Writing [UserDTO(super=AbstractAuditableDTO(createdAt=2026-05-01T21:18:50.206341, createdBy=0, updatedAt=2026 (truncated)...]
[2026-05-02 05:07:21.280] [DEBUG] [] [1106fa3f23a24b05a28c649fa1554200]: ===> Supports JSON Message Converter : true
[2026-05-02 05:07:21.280] [DEBUG] [] [0ce504a525b142c49032a92a7fcdbafb]: <==      Total: 1
[2026-05-02 05:07:21.280] [DEBUG] [] [f2347c3b4ed64c5dac5b526276ebaf51]: =========================================
[2026-05-02 05:07:21.280] [DEBUG] [] [1106fa3f23a24b05a28c649fa1554200]: Writing [PageData(total=0, page=1, size=50, pages=0, records=[UserDTO(super=AbstractAuditableDTO(createdAt=20 (truncated)...]
[2026-05-02 05:07:21.280] [DEBUG] [] [f2347c3b4ed64c5dac5b526276ebaf51]: ===>> Output object : 

{
	"alg":"SALT_MD5",
	"code":200,
	"data":{
		"birthYear":1990,
		"createdAt":"2026-05-01 21:18:50",
		"createdBy":0,
		"delFlag":false,
		"email":"admin@staff.local",
		"id":1,
		"isVip":false,
		"lastLoginAt":"2026-05-01 21:45:13.229045",
		"nickname":"超级管理员",
		"staffRole":1,
		"stampsBalance":0,
		"status":1,
		"updatedAt":"2026-05-01 21:45:13",
		"updatedBy":0
	},
	"message":"OK",
	"success":true
} 
class cn.nine.pros.post.client.model.db.UserDTO

[2026-05-02 05:07:21.280] [DEBUG] [] [f2347c3b4ed64c5dac5b526276ebaf51]: =========================================
[2026-05-02 05:07:21.280] [DEBUG] [] [1106fa3f23a24b05a28c649fa1554200]: =========================================
[2026-05-02 05:07:21.280] [DEBUG] [] [0ce504a525b142c49032a92a7fcdbafb]: ===> Supports JSON Message Converter : true
[2026-05-02 05:07:21.280] [DEBUG] [] [0ce504a525b142c49032a92a7fcdbafb]: Using 'application/json', given [application/json, text/plain, */*] and supported [application/json, application/*+json]
[2026-05-02 05:07:21.280] [DEBUG] [] [0ce504a525b142c49032a92a7fcdbafb]: ===> Supports JSON Message Converter : true
[2026-05-02 05:07:21.280] [DEBUG] [] [1106fa3f23a24b05a28c649fa1554200]: ===>> Output object : 

{
	"alg":"SALT_MD5",
	"code":200,
	"data":{
		"empty":false,
		"page":1,
		"pages":0,
		"recordCount":1,
		"records":[
			{
				"birthYear":1990,
				"createdAt":"2026-05-01 21:18:50",
				"createdBy":0,
				"delFlag":false,
				"email":"admin@staff.local",
				"id":1,
				"isVip":false,
				"lastLoginAt":"2026-05-01 21:45:13.229045",
				"nickname":"超级管理员",
				"passwordHash":"$2a$10$YTUeGZqQ/xrX1d9V26669ubXuH90MthjRxhXxJV5EldtWdFm0WQbS",
				"staffRole":1,
				"stampsBalance":0,
				"status":1,
				"updatedAt":"2026-05-01 21:45:13",
				"updatedBy":0
			}
		],
		"size":50,
		"total":0
	},
	"message":"OK",
	"success":true
} 
cn.nine.commons.data.page.PageData<cn.nine.pros.post.client.model.db.UserDTO>

[2026-05-02 05:07:21.280] [DEBUG] [] [0ce504a525b142c49032a92a7fcdbafb]: Writing [PageData(total=0, page=1, size=50, pages=0, records=[UserDTO(super=AbstractAuditableDTO(createdAt=20 (truncated)...]
[2026-05-02 05:07:21.280] [DEBUG] [] [1106fa3f23a24b05a28c649fa1554200]: =========================================
[2026-05-02 05:07:21.280] [DEBUG] [] [0ce504a525b142c49032a92a7fcdbafb]: =========================================
[2026-05-02 05:07:21.280] [DEBUG] [] [0ce504a525b142c49032a92a7fcdbafb]: ===>> Output object : 

{
	"alg":"SALT_MD5",
	"code":200,
	"data":{
		"empty":false,
		"page":1,
		"pages":0,
		"recordCount":1,
		"records":[
			{
				"birthYear":1990,
				"createdAt":"2026-05-01 21:18:50",
				"createdBy":0,
				"delFlag":false,
				"email":"admin@staff.local",
				"id":1,
				"isVip":false,
				"lastLoginAt":"2026-05-01 21:45:13.229045",
				"nickname":"超级管理员",
				"passwordHash":"$2a$10$YTUeGZqQ/xrX1d9V26669ubXuH90MthjRxhXxJV5EldtWdFm0WQbS",
				"staffRole":1,
				"stampsBalance":0,
				"status":1,
				"updatedAt":"2026-05-01 21:45:13",
				"updatedBy":0
			}
		],
		"size":50,
		"total":0
	},
	"message":"OK",
	"success":true
} 
cn.nine.commons.data.page.PageData<cn.nine.pros.post.client.model.db.UserDTO>

[2026-05-02 05:07:21.280] [DEBUG] [] [0ce504a525b142c49032a92a7fcdbafb]: =========================================
[2026-05-02 05:07:21.280] [DEBUG] [] [f2347c3b4ed64c5dac5b526276ebaf51]: ==> leave RequestContextHolder.
[2026-05-02 05:07:21.280] [DEBUG] [] [f2347c3b4ed64c5dac5b526276ebaf51]: ==> leave RequestContextHolder.
[2026-05-02 05:07:21.280] [DEBUG] [] [1106fa3f23a24b05a28c649fa1554200]: ==> leave RequestContextHolder.
[2026-05-02 05:07:21.280] [DEBUG] [] [1106fa3f23a24b05a28c649fa1554200]: ==> leave RequestContextHolder.
[2026-05-02 05:07:21.280] [DEBUG] [] [0ce504a525b142c49032a92a7fcdbafb]: ==> leave RequestContextHolder.
[2026-05-02 05:07:21.280] [DEBUG] [] [0ce504a525b142c49032a92a7fcdbafb]: ==> leave RequestContextHolder.
[2026-05-02 05:07:21.282] [DEBUG] [] []: ==》/webapi/auth/current -> into PreRequestContextFilter.
[2026-05-02 05:07:21.282] [DEBUG] [] [0fb8c6e1263f43658c9ad25459ad8327]: 地址 /webapi/auth/current 进入过滤器
[2026-05-02 05:07:21.283] [DEBUG] [] [0fb8c6e1263f43658c9ad25459ad8327]: ==>  Preparing: SELECT id,email,password_hash,nickname,birth_year,country_code,bio,avatar_url,stamps_balance,is_vip,vip_expire_at,status,staff_role,register_ip,last_login_at,created_at,created_by,updated_at,updated_by,del_flag FROM bu_user WHERE id=?
[2026-05-02 05:07:21.283] [DEBUG] [] [0fb8c6e1263f43658c9ad25459ad8327]: ==> Parameters: 1(Long)
[2026-05-02 05:07:21.284] [DEBUG] [] [0fb8c6e1263f43658c9ad25459ad8327]: <==      Total: 1
[2026-05-02 05:07:21.284] [DEBUG] [] [0fb8c6e1263f43658c9ad25459ad8327]: ===> Supports JSON Message Converter : true
[2026-05-02 05:07:21.284] [DEBUG] [] [0fb8c6e1263f43658c9ad25459ad8327]: Using 'application/json', given [application/json, text/plain, */*] and supported [application/json, application/*+json]
[2026-05-02 05:07:21.284] [DEBUG] [] [0fb8c6e1263f43658c9ad25459ad8327]: ===> Supports JSON Message Converter : true
[2026-05-02 05:07:21.284] [DEBUG] [] [0fb8c6e1263f43658c9ad25459ad8327]: Writing [UserDTO(super=AbstractAuditableDTO(createdAt=2026-05-01T21:18:50.206341, createdBy=0, updatedAt=2026 (truncated)...]
[2026-05-02 05:07:21.284] [DEBUG] [] [0fb8c6e1263f43658c9ad25459ad8327]: =========================================
[2026-05-02 05:07:21.284] [DEBUG] [] [0fb8c6e1263f43658c9ad25459ad8327]: ===>> Output object : 

{
	"alg":"SALT_MD5",
	"code":200,
	"data":{
		"birthYear":1990,
		"createdAt":"2026-05-01 21:18:50",
		"createdBy":0,
		"delFlag":false,
		"email":"admin@staff.local",
		"id":1,
		"isVip":false,
		"lastLoginAt":"2026-05-01 21:45:13.229045",
		"nickname":"超级管理员",
		"staffRole":1,
		"stampsBalance":0,
		"status":1,
		"updatedAt":"2026-05-01 21:45:13",
		"updatedBy":0
	},
	"message":"OK",
	"success":true
} 
class cn.nine.pros.post.client.model.db.UserDTO

[2026-05-02 05:07:21.284] [DEBUG] [] [0fb8c6e1263f43658c9ad25459ad8327]: =========================================
[2026-05-02 05:07:21.284] [DEBUG] [] [0fb8c6e1263f43658c9ad25459ad8327]: ==> leave RequestContextHolder.
[2026-05-02 05:07:21.284] [DEBUG] [] [0fb8c6e1263f43658c9ad25459ad8327]: ==> leave RequestContextHolder.
[2026-05-02 05:11:55.306] [DEBUG] [] []: ==》/webapi/user/paging -> into PreRequestContextFilter.
[2026-05-02 05:11:55.306] [DEBUG] [] [111d391171af447180839bc264c3a4ab]: 地址 /webapi/user/paging 进入过滤器
[2026-05-02 05:11:55.306] [DEBUG] [] []: ==》/webapi/auth/current -> into PreRequestContextFilter.
[2026-05-02 05:11:55.306] [DEBUG] [] []: ==》/webapi/user/paging -> into PreRequestContextFilter.
[2026-05-02 05:11:55.306] [DEBUG] [] [1b1e6ea7a02d41f39ffc1a53c3361cf2]: 地址 /webapi/auth/current 进入过滤器
[2026-05-02 05:11:55.306] [DEBUG] [] [01ce9ca7dcaa41768beff64d1e5e6176]: 地址 /webapi/user/paging 进入过滤器
[2026-05-02 05:11:55.309] [DEBUG] [] [1b1e6ea7a02d41f39ffc1a53c3361cf2]: ==>  Preparing: SELECT id,email,password_hash,nickname,birth_year,country_code,bio,avatar_url,stamps_balance,is_vip,vip_expire_at,status,staff_role,register_ip,last_login_at,created_at,created_by,updated_at,updated_by,del_flag FROM bu_user WHERE id=?
[2026-05-02 05:11:55.309] [DEBUG] [] [1b1e6ea7a02d41f39ffc1a53c3361cf2]: ==> Parameters: 1(Long)
[2026-05-02 05:11:55.309] [DEBUG] [] [111d391171af447180839bc264c3a4ab]: ==>  Preparing: SELECT id,email,password_hash,nickname,birth_year,country_code,bio,avatar_url,stamps_balance,is_vip,vip_expire_at,status,staff_role,register_ip,last_login_at,created_at,created_by,updated_at,updated_by,del_flag FROM bu_user WHERE (del_flag = ?) ORDER BY created_at DESC
[2026-05-02 05:11:55.309] [DEBUG] [] [01ce9ca7dcaa41768beff64d1e5e6176]: ==>  Preparing: SELECT id,email,password_hash,nickname,birth_year,country_code,bio,avatar_url,stamps_balance,is_vip,vip_expire_at,status,staff_role,register_ip,last_login_at,created_at,created_by,updated_at,updated_by,del_flag FROM bu_user WHERE (del_flag = ?) ORDER BY created_at DESC
[2026-05-02 05:11:55.309] [DEBUG] [] [111d391171af447180839bc264c3a4ab]: ==> Parameters: false(Boolean)
[2026-05-02 05:11:55.309] [DEBUG] [] [01ce9ca7dcaa41768beff64d1e5e6176]: ==> Parameters: false(Boolean)
[2026-05-02 05:11:55.312] [DEBUG] [] [1b1e6ea7a02d41f39ffc1a53c3361cf2]: <==      Total: 1
[2026-05-02 05:11:55.313] [DEBUG] [] [1b1e6ea7a02d41f39ffc1a53c3361cf2]: ===> Supports JSON Message Converter : true
[2026-05-02 05:11:55.313] [DEBUG] [] [1b1e6ea7a02d41f39ffc1a53c3361cf2]: Using 'application/json', given [application/json, text/plain, */*] and supported [application/json, application/*+json]
[2026-05-02 05:11:55.313] [DEBUG] [] [1b1e6ea7a02d41f39ffc1a53c3361cf2]: ===> Supports JSON Message Converter : true
[2026-05-02 05:11:55.313] [DEBUG] [] [1b1e6ea7a02d41f39ffc1a53c3361cf2]: Writing [UserDTO(super=AbstractAuditableDTO(createdAt=2026-05-01T21:18:50.206341, createdBy=0, updatedAt=2026 (truncated)...]
[2026-05-02 05:11:55.313] [DEBUG] [] [1b1e6ea7a02d41f39ffc1a53c3361cf2]: =========================================
[2026-05-02 05:11:55.313] [DEBUG] [] [111d391171af447180839bc264c3a4ab]: <==      Total: 1
[2026-05-02 05:11:55.313] [DEBUG] [] [1b1e6ea7a02d41f39ffc1a53c3361cf2]: ===>> Output object : 

{
	"alg":"SALT_MD5",
	"code":200,
	"data":{
		"birthYear":1990,
		"createdAt":"2026-05-01 21:18:50",
		"createdBy":0,
		"delFlag":false,
		"email":"admin@staff.local",
		"id":1,
		"isVip":false,
		"lastLoginAt":"2026-05-01 21:45:13.229045",
		"nickname":"超级管理员",
		"staffRole":1,
		"stampsBalance":0,
		"status":1,
		"updatedAt":"2026-05-01 21:45:13",
		"updatedBy":0
	},
	"message":"OK",
	"success":true
} 
class cn.nine.pros.post.client.model.db.UserDTO

[2026-05-02 05:11:55.313] [DEBUG] [] [1b1e6ea7a02d41f39ffc1a53c3361cf2]: =========================================
[2026-05-02 05:11:55.313] [DEBUG] [] [111d391171af447180839bc264c3a4ab]: ===> Supports JSON Message Converter : true
[2026-05-02 05:11:55.313] [DEBUG] [] [01ce9ca7dcaa41768beff64d1e5e6176]: <==      Total: 1
[2026-05-02 05:11:55.313] [DEBUG] [] [111d391171af447180839bc264c3a4ab]: Using 'application/json', given [application/json, text/plain, */*] and supported [application/json, application/*+json]
[2026-05-02 05:11:55.313] [DEBUG] [] [111d391171af447180839bc264c3a4ab]: ===> Supports JSON Message Converter : true
[2026-05-02 05:11:55.313] [DEBUG] [] [111d391171af447180839bc264c3a4ab]: Writing [PageData(total=0, page=1, size=50, pages=0, records=[UserDTO(super=AbstractAuditableDTO(createdAt=20 (truncated)...]
[2026-05-02 05:11:55.313] [DEBUG] [] [111d391171af447180839bc264c3a4ab]: =========================================
[2026-05-02 05:11:55.313] [DEBUG] [] [01ce9ca7dcaa41768beff64d1e5e6176]: ===> Supports JSON Message Converter : true
[2026-05-02 05:11:55.313] [DEBUG] [] [1b1e6ea7a02d41f39ffc1a53c3361cf2]: ==> leave RequestContextHolder.
[2026-05-02 05:11:55.313] [DEBUG] [] [111d391171af447180839bc264c3a4ab]: ===>> Output object : 

{
	"alg":"SALT_MD5",
	"code":200,
	"data":{
		"empty":false,
		"page":1,
		"pages":0,
		"recordCount":1,
		"records":[
			{
				"birthYear":1990,
				"createdAt":"2026-05-01 21:18:50",
				"createdBy":0,
				"delFlag":false,
				"email":"admin@staff.local",
				"id":1,
				"isVip":false,
				"lastLoginAt":"2026-05-01 21:45:13.229045",
				"nickname":"超级管理员",
				"passwordHash":"$2a$10$YTUeGZqQ/xrX1d9V26669ubXuH90MthjRxhXxJV5EldtWdFm0WQbS",
				"staffRole":1,
				"stampsBalance":0,
				"status":1,
				"updatedAt":"2026-05-01 21:45:13",
				"updatedBy":0
			}
		],
		"size":50,
		"total":0
	},
	"message":"OK",
	"success":true
} 
cn.nine.commons.data.page.PageData<cn.nine.pros.post.client.model.db.UserDTO>

[2026-05-02 05:11:55.313] [DEBUG] [] [111d391171af447180839bc264c3a4ab]: =========================================
[2026-05-02 05:11:55.313] [DEBUG] [] [1b1e6ea7a02d41f39ffc1a53c3361cf2]: ==> leave RequestContextHolder.
[2026-05-02 05:11:55.313] [DEBUG] [] [01ce9ca7dcaa41768beff64d1e5e6176]: Using 'application/json', given [application/json, text/plain, */*] and supported [application/json, application/*+json]
[2026-05-02 05:11:55.313] [DEBUG] [] [01ce9ca7dcaa41768beff64d1e5e6176]: ===> Supports JSON Message Converter : true
[2026-05-02 05:11:55.313] [DEBUG] [] [01ce9ca7dcaa41768beff64d1e5e6176]: Writing [PageData(total=0, page=1, size=50, pages=0, records=[UserDTO(super=AbstractAuditableDTO(createdAt=20 (truncated)...]
[2026-05-02 05:11:55.313] [DEBUG] [] [01ce9ca7dcaa41768beff64d1e5e6176]: =========================================
[2026-05-02 05:11:55.313] [DEBUG] [] [01ce9ca7dcaa41768beff64d1e5e6176]: ===>> Output object : 

{
	"alg":"SALT_MD5",
	"code":200,
	"data":{
		"empty":false,
		"page":1,
		"pages":0,
		"recordCount":1,
		"records":[
			{
				"birthYear":1990,
				"createdAt":"2026-05-01 21:18:50",
				"createdBy":0,
				"delFlag":false,
				"email":"admin@staff.local",
				"id":1,
				"isVip":false,
				"lastLoginAt":"2026-05-01 21:45:13.229045",
				"nickname":"超级管理员",
				"passwordHash":"$2a$10$YTUeGZqQ/xrX1d9V26669ubXuH90MthjRxhXxJV5EldtWdFm0WQbS",
				"staffRole":1,
				"stampsBalance":0,
				"status":1,
				"updatedAt":"2026-05-01 21:45:13",
				"updatedBy":0
			}
		],
		"size":50,
		"total":0
	},
	"message":"OK",
	"success":true
} 
cn.nine.commons.data.page.PageData<cn.nine.pros.post.client.model.db.UserDTO>

[2026-05-02 05:11:55.313] [DEBUG] [] [01ce9ca7dcaa41768beff64d1e5e6176]: =========================================
[2026-05-02 05:11:55.313] [DEBUG] [] [111d391171af447180839bc264c3a4ab]: ==> leave RequestContextHolder.
[2026-05-02 05:11:55.313] [DEBUG] [] [111d391171af447180839bc264c3a4ab]: ==> leave RequestContextHolder.
[2026-05-02 05:11:55.313] [DEBUG] [] [01ce9ca7dcaa41768beff64d1e5e6176]: ==> leave RequestContextHolder.
[2026-05-02 05:11:55.313] [DEBUG] [] [01ce9ca7dcaa41768beff64d1e5e6176]: ==> leave RequestContextHolder.
[2026-05-02 05:11:55.337] [DEBUG] [] []: ==》/webapi/auth/current -> into PreRequestContextFilter.
[2026-05-02 05:11:55.337] [DEBUG] [] [bab3f3f7d7a2413ebf5bd09dbc7cf0a9]: 地址 /webapi/auth/current 进入过滤器
[2026-05-02 05:11:55.339] [DEBUG] [] [bab3f3f7d7a2413ebf5bd09dbc7cf0a9]: ==>  Preparing: SELECT id,email,password_hash,nickname,birth_year,country_code,bio,avatar_url,stamps_balance,is_vip,vip_expire_at,status,staff_role,register_ip,last_login_at,created_at,created_by,updated_at,updated_by,del_flag FROM bu_user WHERE id=?
[2026-05-02 05:11:55.339] [DEBUG] [] [bab3f3f7d7a2413ebf5bd09dbc7cf0a9]: ==> Parameters: 1(Long)
[2026-05-02 05:11:55.339] [DEBUG] [] [bab3f3f7d7a2413ebf5bd09dbc7cf0a9]: <==      Total: 1
[2026-05-02 05:11:55.340] [DEBUG] [] [bab3f3f7d7a2413ebf5bd09dbc7cf0a9]: ===> Supports JSON Message Converter : true
[2026-05-02 05:11:55.340] [DEBUG] [] [bab3f3f7d7a2413ebf5bd09dbc7cf0a9]: Using 'application/json', given [application/json, text/plain, */*] and supported [application/json, application/*+json]
[2026-05-02 05:11:55.340] [DEBUG] [] [bab3f3f7d7a2413ebf5bd09dbc7cf0a9]: ===> Supports JSON Message Converter : true
[2026-05-02 05:11:55.340] [DEBUG] [] [bab3f3f7d7a2413ebf5bd09dbc7cf0a9]: Writing [UserDTO(super=AbstractAuditableDTO(createdAt=2026-05-01T21:18:50.206341, createdBy=0, updatedAt=2026 (truncated)...]
[2026-05-02 05:11:55.340] [DEBUG] [] [bab3f3f7d7a2413ebf5bd09dbc7cf0a9]: =========================================
[2026-05-02 05:11:55.340] [DEBUG] [] [bab3f3f7d7a2413ebf5bd09dbc7cf0a9]: ===>> Output object : 

{
	"alg":"SALT_MD5",
	"code":200,
	"data":{
		"birthYear":1990,
		"createdAt":"2026-05-01 21:18:50",
		"createdBy":0,
		"delFlag":false,
		"email":"admin@staff.local",
		"id":1,
		"isVip":false,
		"lastLoginAt":"2026-05-01 21:45:13.229045",
		"nickname":"超级管理员",
		"staffRole":1,
		"stampsBalance":0,
		"status":1,
		"updatedAt":"2026-05-01 21:45:13",
		"updatedBy":0
	},
	"message":"OK",
	"success":true
} 
class cn.nine.pros.post.client.model.db.UserDTO

[2026-05-02 05:11:55.340] [DEBUG] [] [bab3f3f7d7a2413ebf5bd09dbc7cf0a9]: =========================================
[2026-05-02 05:11:55.340] [DEBUG] [] [bab3f3f7d7a2413ebf5bd09dbc7cf0a9]: ==> leave RequestContextHolder.
[2026-05-02 05:11:55.340] [DEBUG] [] [bab3f3f7d7a2413ebf5bd09dbc7cf0a9]: ==> leave RequestContextHolder.
[2026-05-02 05:17:21.315] [DEBUG] [] []: ==》/webapi/user/paging -> into PreRequestContextFilter.
[2026-05-02 05:17:21.315] [DEBUG] [] [9d9c35a585fc4337b7a3641ecea1e4d3]: 地址 /webapi/user/paging 进入过滤器
[2026-05-02 05:17:21.319] [DEBUG] [] [9d9c35a585fc4337b7a3641ecea1e4d3]: ==>  Preparing: SELECT id,email,password_hash,nickname,birth_year,country_code,bio,avatar_url,stamps_balance,is_vip,vip_expire_at,status,staff_role,register_ip,last_login_at,created_at,created_by,updated_at,updated_by,del_flag FROM bu_user WHERE (del_flag = ?) ORDER BY created_at DESC
[2026-05-02 05:17:21.319] [DEBUG] [] [9d9c35a585fc4337b7a3641ecea1e4d3]: ==> Parameters: false(Boolean)
[2026-05-02 05:17:21.320] [DEBUG] [] [9d9c35a585fc4337b7a3641ecea1e4d3]: <==      Total: 1
[2026-05-02 05:17:21.320] [DEBUG] [] [9d9c35a585fc4337b7a3641ecea1e4d3]: ===> Supports JSON Message Converter : true
[2026-05-02 05:17:21.320] [DEBUG] [] [9d9c35a585fc4337b7a3641ecea1e4d3]: Using 'application/json', given [application/json, text/plain, */*] and supported [application/json, application/*+json]
[2026-05-02 05:17:21.320] [DEBUG] [] [9d9c35a585fc4337b7a3641ecea1e4d3]: ===> Supports JSON Message Converter : true
[2026-05-02 05:17:21.320] [DEBUG] [] [9d9c35a585fc4337b7a3641ecea1e4d3]: Writing [PageData(total=0, page=1, size=50, pages=0, records=[UserDTO(super=AbstractAuditableDTO(createdAt=20 (truncated)...]
[2026-05-02 05:17:21.320] [DEBUG] [] [9d9c35a585fc4337b7a3641ecea1e4d3]: =========================================
[2026-05-02 05:17:21.320] [DEBUG] [] [9d9c35a585fc4337b7a3641ecea1e4d3]: ===>> Output object : 

{
	"alg":"SALT_MD5",
	"code":200,
	"data":{
		"empty":false,
		"page":1,
		"pages":0,
		"recordCount":1,
		"records":[
			{
				"birthYear":1990,
				"createdAt":"2026-05-01 21:18:50",
				"createdBy":0,
				"delFlag":false,
				"email":"admin@staff.local",
				"id":1,
				"isVip":false,
				"lastLoginAt":"2026-05-01 21:45:13.229045",
				"nickname":"超级管理员",
				"passwordHash":"$2a$10$YTUeGZqQ/xrX1d9V26669ubXuH90MthjRxhXxJV5EldtWdFm0WQbS",
				"staffRole":1,
				"stampsBalance":0,
				"status":1,
				"updatedAt":"2026-05-01 21:45:13",
				"updatedBy":0
			}
		],
		"size":50,
		"total":0
	},
	"message":"OK",
	"success":true
} 
cn.nine.commons.data.page.PageData<cn.nine.pros.post.client.model.db.UserDTO>

[2026-05-02 05:17:21.320] [DEBUG] [] [9d9c35a585fc4337b7a3641ecea1e4d3]: =========================================
[2026-05-02 05:17:21.320] [DEBUG] [] [9d9c35a585fc4337b7a3641ecea1e4d3]: ==> leave RequestContextHolder.
[2026-05-02 05:17:21.320] [DEBUG] [] [9d9c35a585fc4337b7a3641ecea1e4d3]: ==> leave RequestContextHolder.
[2026-05-02 05:17:21.337] [DEBUG] [] []: ==》/webapi/user/paging -> into PreRequestContextFilter.
[2026-05-02 05:17:21.337] [DEBUG] [] [daa281604a944335a7708973fe12602b]: 地址 /webapi/user/paging 进入过滤器
[2026-05-02 05:17:21.337] [DEBUG] [] []: ==》/webapi/auth/current -> into PreRequestContextFilter.
[2026-05-02 05:17:21.337] [DEBUG] [] [42d68e9f6489466c928f8b2d75c9395e]: 地址 /webapi/auth/current 进入过滤器
[2026-05-02 05:17:21.339] [DEBUG] [] [42d68e9f6489466c928f8b2d75c9395e]: ==>  Preparing: SELECT id,email,password_hash,nickname,birth_year,country_code,bio,avatar_url,stamps_balance,is_vip,vip_expire_at,status,staff_role,register_ip,last_login_at,created_at,created_by,updated_at,updated_by,del_flag FROM bu_user WHERE id=?
[2026-05-02 05:17:21.340] [DEBUG] [] [42d68e9f6489466c928f8b2d75c9395e]: ==> Parameters: 1(Long)
[2026-05-02 05:17:21.340] [DEBUG] [] [42d68e9f6489466c928f8b2d75c9395e]: <==      Total: 1
[2026-05-02 05:17:21.340] [DEBUG] [] [42d68e9f6489466c928f8b2d75c9395e]: ===> Supports JSON Message Converter : true
[2026-05-02 05:17:21.340] [DEBUG] [] [daa281604a944335a7708973fe12602b]: ==>  Preparing: SELECT id,email,password_hash,nickname,birth_year,country_code,bio,avatar_url,stamps_balance,is_vip,vip_expire_at,status,staff_role,register_ip,last_login_at,created_at,created_by,updated_at,updated_by,del_flag FROM bu_user WHERE (del_flag = ?) ORDER BY created_at DESC
[2026-05-02 05:17:21.340] [DEBUG] [] [42d68e9f6489466c928f8b2d75c9395e]: Using 'application/json', given [application/json, text/plain, */*] and supported [application/json, application/*+json]
[2026-05-02 05:17:21.340] [DEBUG] [] [42d68e9f6489466c928f8b2d75c9395e]: ===> Supports JSON Message Converter : true
[2026-05-02 05:17:21.340] [DEBUG] [] [daa281604a944335a7708973fe12602b]: ==> Parameters: false(Boolean)
[2026-05-02 05:17:21.340] [DEBUG] [] [42d68e9f6489466c928f8b2d75c9395e]: Writing [UserDTO(super=AbstractAuditableDTO(createdAt=2026-05-01T21:18:50.206341, createdBy=0, updatedAt=2026 (truncated)...]
[2026-05-02 05:17:21.340] [DEBUG] [] [42d68e9f6489466c928f8b2d75c9395e]: =========================================
[2026-05-02 05:17:21.340] [DEBUG] [] [42d68e9f6489466c928f8b2d75c9395e]: ===>> Output object : 

{
	"alg":"SALT_MD5",
	"code":200,
	"data":{
		"birthYear":1990,
		"createdAt":"2026-05-01 21:18:50",
		"createdBy":0,
		"delFlag":false,
		"email":"admin@staff.local",
		"id":1,
		"isVip":false,
		"lastLoginAt":"2026-05-01 21:45:13.229045",
		"nickname":"超级管理员",
		"staffRole":1,
		"stampsBalance":0,
		"status":1,
		"updatedAt":"2026-05-01 21:45:13",
		"updatedBy":0
	},
	"message":"OK",
	"success":true
} 
class cn.nine.pros.post.client.model.db.UserDTO

[2026-05-02 05:17:21.340] [DEBUG] [] [42d68e9f6489466c928f8b2d75c9395e]: =========================================
[2026-05-02 05:17:21.340] [DEBUG] [] [42d68e9f6489466c928f8b2d75c9395e]: ==> leave RequestContextHolder.
[2026-05-02 05:17:21.340] [DEBUG] [] [42d68e9f6489466c928f8b2d75c9395e]: ==> leave RequestContextHolder.
[2026-05-02 05:17:21.340] [DEBUG] [] [daa281604a944335a7708973fe12602b]: <==      Total: 1
[2026-05-02 05:17:21.340] [DEBUG] [] [daa281604a944335a7708973fe12602b]: ===> Supports JSON Message Converter : true
[2026-05-02 05:17:21.340] [DEBUG] [] [daa281604a944335a7708973fe12602b]: Using 'application/json', given [application/json, text/plain, */*] and supported [application/json, application/*+json]
[2026-05-02 05:17:21.340] [DEBUG] [] [daa281604a944335a7708973fe12602b]: ===> Supports JSON Message Converter : true
[2026-05-02 05:17:21.341] [DEBUG] [] [daa281604a944335a7708973fe12602b]: Writing [PageData(total=0, page=1, size=50, pages=0, records=[UserDTO(super=AbstractAuditableDTO(createdAt=20 (truncated)...]
[2026-05-02 05:17:21.341] [DEBUG] [] [daa281604a944335a7708973fe12602b]: =========================================
[2026-05-02 05:17:21.341] [DEBUG] [] [daa281604a944335a7708973fe12602b]: ===>> Output object : 

{
	"alg":"SALT_MD5",
	"code":200,
	"data":{
		"empty":false,
		"page":1,
		"pages":0,
		"recordCount":1,
		"records":[
			{
				"birthYear":1990,
				"createdAt":"2026-05-01 21:18:50",
				"createdBy":0,
				"delFlag":false,
				"email":"admin@staff.local",
				"id":1,
				"isVip":false,
				"lastLoginAt":"2026-05-01 21:45:13.229045",
				"nickname":"超级管理员",
				"passwordHash":"$2a$10$YTUeGZqQ/xrX1d9V26669ubXuH90MthjRxhXxJV5EldtWdFm0WQbS",
				"staffRole":1,
				"stampsBalance":0,
				"status":1,
				"updatedAt":"2026-05-01 21:45:13",
				"updatedBy":0
			}
		],
		"size":50,
		"total":0
	},
	"message":"OK",
	"success":true
} 
cn.nine.commons.data.page.PageData<cn.nine.pros.post.client.model.db.UserDTO>

[2026-05-02 05:17:21.341] [DEBUG] [] [daa281604a944335a7708973fe12602b]: =========================================
[2026-05-02 05:17:21.341] [DEBUG] [] [daa281604a944335a7708973fe12602b]: ==> leave RequestContextHolder.
[2026-05-02 05:17:21.341] [DEBUG] [] [daa281604a944335a7708973fe12602b]: ==> leave RequestContextHolder.
[2026-05-02 05:17:21.342] [DEBUG] [] []: ==》/webapi/auth/current -> into PreRequestContextFilter.
[2026-05-02 05:17:21.342] [DEBUG] [] [8b62aa3fdac34a4cbdd08c74eeea0bb8]: 地址 /webapi/auth/current 进入过滤器
[2026-05-02 05:17:21.343] [DEBUG] [] [8b62aa3fdac34a4cbdd08c74eeea0bb8]: ==>  Preparing: SELECT id,email,password_hash,nickname,birth_year,country_code,bio,avatar_url,stamps_balance,is_vip,vip_expire_at,status,staff_role,register_ip,last_login_at,created_at,created_by,updated_at,updated_by,del_flag FROM bu_user WHERE id=?
[2026-05-02 05:17:21.343] [DEBUG] [] [8b62aa3fdac34a4cbdd08c74eeea0bb8]: ==> Parameters: 1(Long)
[2026-05-02 05:17:21.343] [DEBUG] [] [8b62aa3fdac34a4cbdd08c74eeea0bb8]: <==      Total: 1
[2026-05-02 05:17:21.343] [DEBUG] [] [8b62aa3fdac34a4cbdd08c74eeea0bb8]: ===> Supports JSON Message Converter : true
[2026-05-02 05:17:21.343] [DEBUG] [] [8b62aa3fdac34a4cbdd08c74eeea0bb8]: Using 'application/json', given [application/json, text/plain, */*] and supported [application/json, application/*+json]
[2026-05-02 05:17:21.343] [DEBUG] [] [8b62aa3fdac34a4cbdd08c74eeea0bb8]: ===> Supports JSON Message Converter : true
[2026-05-02 05:17:21.343] [DEBUG] [] [8b62aa3fdac34a4cbdd08c74eeea0bb8]: Writing [UserDTO(super=AbstractAuditableDTO(createdAt=2026-05-01T21:18:50.206341, createdBy=0, updatedAt=2026 (truncated)...]
[2026-05-02 05:17:21.343] [DEBUG] [] [8b62aa3fdac34a4cbdd08c74eeea0bb8]: =========================================
[2026-05-02 05:17:21.343] [DEBUG] [] [8b62aa3fdac34a4cbdd08c74eeea0bb8]: ===>> Output object : 

{
	"alg":"SALT_MD5",
	"code":200,
	"data":{
		"birthYear":1990,
		"createdAt":"2026-05-01 21:18:50",
		"createdBy":0,
		"delFlag":false,
		"email":"admin@staff.local",
		"id":1,
		"isVip":false,
		"lastLoginAt":"2026-05-01 21:45:13.229045",
		"nickname":"超级管理员",
		"staffRole":1,
		"stampsBalance":0,
		"status":1,
		"updatedAt":"2026-05-01 21:45:13",
		"updatedBy":0
	},
	"message":"OK",
	"success":true
} 
class cn.nine.pros.post.client.model.db.UserDTO

[2026-05-02 05:17:21.343] [DEBUG] [] [8b62aa3fdac34a4cbdd08c74eeea0bb8]: =========================================
[2026-05-02 05:17:21.343] [DEBUG] [] [8b62aa3fdac34a4cbdd08c74eeea0bb8]: ==> leave RequestContextHolder.
[2026-05-02 05:17:21.343] [DEBUG] [] [8b62aa3fdac34a4cbdd08c74eeea0bb8]: ==> leave RequestContextHolder.
[2026-05-02 05:21:55.283] [DEBUG] [] []: ==》/webapi/user/paging -> into PreRequestContextFilter.
[2026-05-02 05:21:55.283] [DEBUG] [] [c56ed61963fa477fabc591bd00fe66d8]: 地址 /webapi/user/paging 进入过滤器
[2026-05-02 05:21:55.285] [DEBUG] [] []: ==》/webapi/user/paging -> into PreRequestContextFilter.
[2026-05-02 05:21:55.285] [DEBUG] [] []: ==》/webapi/auth/current -> into PreRequestContextFilter.
[2026-05-02 05:21:55.285] [DEBUG] [] [a4873ef9223b40a28aeba87eeefc735d]: 地址 /webapi/user/paging 进入过滤器
[2026-05-02 05:21:55.285] [DEBUG] [] [4d4cfe5dff7d4665a89133f4542ed523]: 地址 /webapi/auth/current 进入过滤器
[2026-05-02 05:21:55.291] [DEBUG] [] [4d4cfe5dff7d4665a89133f4542ed523]: ==>  Preparing: SELECT id,email,password_hash,nickname,birth_year,country_code,bio,avatar_url,stamps_balance,is_vip,vip_expire_at,status,staff_role,register_ip,last_login_at,created_at,created_by,updated_at,updated_by,del_flag FROM bu_user WHERE id=?
[2026-05-02 05:21:55.291] [DEBUG] [] [4d4cfe5dff7d4665a89133f4542ed523]: ==> Parameters: 1(Long)
[2026-05-02 05:21:55.291] [DEBUG] [] [4d4cfe5dff7d4665a89133f4542ed523]: <==      Total: 1
[2026-05-02 05:21:55.291] [DEBUG] [] [c56ed61963fa477fabc591bd00fe66d8]: ==>  Preparing: SELECT id,email,password_hash,nickname,birth_year,country_code,bio,avatar_url,stamps_balance,is_vip,vip_expire_at,status,staff_role,register_ip,last_login_at,created_at,created_by,updated_at,updated_by,del_flag FROM bu_user WHERE (del_flag = ?) ORDER BY created_at DESC
[2026-05-02 05:21:55.291] [DEBUG] [] [4d4cfe5dff7d4665a89133f4542ed523]: ===> Supports JSON Message Converter : true
[2026-05-02 05:21:55.291] [DEBUG] [] [4d4cfe5dff7d4665a89133f4542ed523]: Using 'application/json', given [application/json, text/plain, */*] and supported [application/json, application/*+json]
[2026-05-02 05:21:55.291] [DEBUG] [] [4d4cfe5dff7d4665a89133f4542ed523]: ===> Supports JSON Message Converter : true
[2026-05-02 05:21:55.291] [DEBUG] [] [c56ed61963fa477fabc591bd00fe66d8]: ==> Parameters: false(Boolean)
[2026-05-02 05:21:55.291] [DEBUG] [] [a4873ef9223b40a28aeba87eeefc735d]: ==>  Preparing: SELECT id,email,password_hash,nickname,birth_year,country_code,bio,avatar_url,stamps_balance,is_vip,vip_expire_at,status,staff_role,register_ip,last_login_at,created_at,created_by,updated_at,updated_by,del_flag FROM bu_user WHERE (del_flag = ?) ORDER BY created_at DESC
[2026-05-02 05:21:55.291] [DEBUG] [] [4d4cfe5dff7d4665a89133f4542ed523]: Writing [UserDTO(super=AbstractAuditableDTO(createdAt=2026-05-01T21:18:50.206341, createdBy=0, updatedAt=2026 (truncated)...]
[2026-05-02 05:21:55.291] [DEBUG] [] [4d4cfe5dff7d4665a89133f4542ed523]: =========================================
[2026-05-02 05:21:55.291] [DEBUG] [] [a4873ef9223b40a28aeba87eeefc735d]: ==> Parameters: false(Boolean)
[2026-05-02 05:21:55.291] [DEBUG] [] [4d4cfe5dff7d4665a89133f4542ed523]: ===>> Output object : 

{
	"alg":"SALT_MD5",
	"code":200,
	"data":{
		"birthYear":1990,
		"createdAt":"2026-05-01 21:18:50",
		"createdBy":0,
		"delFlag":false,
		"email":"admin@staff.local",
		"id":1,
		"isVip":false,
		"lastLoginAt":"2026-05-01 21:45:13.229045",
		"nickname":"超级管理员",
		"staffRole":1,
		"stampsBalance":0,
		"status":1,
		"updatedAt":"2026-05-01 21:45:13",
		"updatedBy":0
	},
	"message":"OK",
	"success":true
} 
class cn.nine.pros.post.client.model.db.UserDTO

[2026-05-02 05:21:55.291] [DEBUG] [] [4d4cfe5dff7d4665a89133f4542ed523]: =========================================
[2026-05-02 05:21:55.291] [DEBUG] [] [4d4cfe5dff7d4665a89133f4542ed523]: ==> leave RequestContextHolder.
[2026-05-02 05:21:55.291] [DEBUG] [] [4d4cfe5dff7d4665a89133f4542ed523]: ==> leave RequestContextHolder.
[2026-05-02 05:21:55.292] [DEBUG] [] [c56ed61963fa477fabc591bd00fe66d8]: <==      Total: 1
[2026-05-02 05:21:55.292] [DEBUG] [] [a4873ef9223b40a28aeba87eeefc735d]: <==      Total: 1
[2026-05-02 05:21:55.292] [DEBUG] [] [c56ed61963fa477fabc591bd00fe66d8]: ===> Supports JSON Message Converter : true
[2026-05-02 05:21:55.292] [DEBUG] [] [a4873ef9223b40a28aeba87eeefc735d]: ===> Supports JSON Message Converter : true
[2026-05-02 05:21:55.292] [DEBUG] [] [c56ed61963fa477fabc591bd00fe66d8]: Using 'application/json', given [application/json, text/plain, */*] and supported [application/json, application/*+json]
[2026-05-02 05:21:55.292] [DEBUG] [] [c56ed61963fa477fabc591bd00fe66d8]: ===> Supports JSON Message Converter : true
[2026-05-02 05:21:55.292] [DEBUG] [] [a4873ef9223b40a28aeba87eeefc735d]: Using 'application/json', given [application/json, text/plain, */*] and supported [application/json, application/*+json]
[2026-05-02 05:21:55.292] [DEBUG] [] [a4873ef9223b40a28aeba87eeefc735d]: ===> Supports JSON Message Converter : true
[2026-05-02 05:21:55.292] [DEBUG] [] [c56ed61963fa477fabc591bd00fe66d8]: Writing [PageData(total=0, page=1, size=50, pages=0, records=[UserDTO(super=AbstractAuditableDTO(createdAt=20 (truncated)...]
[2026-05-02 05:21:55.292] [DEBUG] [] [a4873ef9223b40a28aeba87eeefc735d]: Writing [PageData(total=0, page=1, size=50, pages=0, records=[UserDTO(super=AbstractAuditableDTO(createdAt=20 (truncated)...]
[2026-05-02 05:21:55.292] [DEBUG] [] [c56ed61963fa477fabc591bd00fe66d8]: =========================================
[2026-05-02 05:21:55.292] [DEBUG] [] [c56ed61963fa477fabc591bd00fe66d8]: ===>> Output object : 

{
	"alg":"SALT_MD5",
	"code":200,
	"data":{
		"empty":false,
		"page":1,
		"pages":0,
		"recordCount":1,
		"records":[
			{
				"birthYear":1990,
				"createdAt":"2026-05-01 21:18:50",
				"createdBy":0,
				"delFlag":false,
				"email":"admin@staff.local",
				"id":1,
				"isVip":false,
				"lastLoginAt":"2026-05-01 21:45:13.229045",
				"nickname":"超级管理员",
				"passwordHash":"$2a$10$YTUeGZqQ/xrX1d9V26669ubXuH90MthjRxhXxJV5EldtWdFm0WQbS",
				"staffRole":1,
				"stampsBalance":0,
				"status":1,
				"updatedAt":"2026-05-01 21:45:13",
				"updatedBy":0
			}
		],
		"size":50,
		"total":0
	},
	"message":"OK",
	"success":true
} 
cn.nine.commons.data.page.PageData<cn.nine.pros.post.client.model.db.UserDTO>

[2026-05-02 05:21:55.292] [DEBUG] [] [c56ed61963fa477fabc591bd00fe66d8]: =========================================
[2026-05-02 05:21:55.292] [DEBUG] [] [a4873ef9223b40a28aeba87eeefc735d]: =========================================
[2026-05-02 05:21:55.292] [DEBUG] [] [a4873ef9223b40a28aeba87eeefc735d]: ===>> Output object : 

{
	"alg":"SALT_MD5",
	"code":200,
	"data":{
		"empty":false,
		"page":1,
		"pages":0,
		"recordCount":1,
		"records":[
			{
				"birthYear":1990,
				"createdAt":"2026-05-01 21:18:50",
				"createdBy":0,
				"delFlag":false,
				"email":"admin@staff.local",
				"id":1,
				"isVip":false,
				"lastLoginAt":"2026-05-01 21:45:13.229045",
				"nickname":"超级管理员",
				"passwordHash":"$2a$10$YTUeGZqQ/xrX1d9V26669ubXuH90MthjRxhXxJV5EldtWdFm0WQbS",
				"staffRole":1,
				"stampsBalance":0,
				"status":1,
				"updatedAt":"2026-05-01 21:45:13",
				"updatedBy":0
			}
		],
		"size":50,
		"total":0
	},
	"message":"OK",
	"success":true
} 
cn.nine.commons.data.page.PageData<cn.nine.pros.post.client.model.db.UserDTO>

[2026-05-02 05:21:55.292] [DEBUG] [] [a4873ef9223b40a28aeba87eeefc735d]: =========================================
[2026-05-02 05:21:55.292] [DEBUG] [] [c56ed61963fa477fabc591bd00fe66d8]: ==> leave RequestContextHolder.
[2026-05-02 05:21:55.292] [DEBUG] [] [c56ed61963fa477fabc591bd00fe66d8]: ==> leave RequestContextHolder.
[2026-05-02 05:21:55.292] [DEBUG] [] [a4873ef9223b40a28aeba87eeefc735d]: ==> leave RequestContextHolder.
[2026-05-02 05:21:55.292] [DEBUG] [] [a4873ef9223b40a28aeba87eeefc735d]: ==> leave RequestContextHolder.
[2026-05-02 05:21:55.294] [DEBUG] [] []: ==》/webapi/auth/current -> into PreRequestContextFilter.
[2026-05-02 05:21:55.294] [DEBUG] [] [662a2ffd27a6464babeafc3a23c3d360]: 地址 /webapi/auth/current 进入过滤器
[2026-05-02 05:21:55.295] [DEBUG] [] [662a2ffd27a6464babeafc3a23c3d360]: ==>  Preparing: SELECT id,email,password_hash,nickname,birth_year,country_code,bio,avatar_url,stamps_balance,is_vip,vip_expire_at,status,staff_role,register_ip,last_login_at,created_at,created_by,updated_at,updated_by,del_flag FROM bu_user WHERE id=?
[2026-05-02 05:21:55.295] [DEBUG] [] [662a2ffd27a6464babeafc3a23c3d360]: ==> Parameters: 1(Long)
[2026-05-02 05:21:55.296] [DEBUG] [] [662a2ffd27a6464babeafc3a23c3d360]: <==      Total: 1
[2026-05-02 05:21:55.296] [DEBUG] [] [662a2ffd27a6464babeafc3a23c3d360]: ===> Supports JSON Message Converter : true
[2026-05-02 05:21:55.296] [DEBUG] [] [662a2ffd27a6464babeafc3a23c3d360]: Using 'application/json', given [application/json, text/plain, */*] and supported [application/json, application/*+json]
[2026-05-02 05:21:55.296] [DEBUG] [] [662a2ffd27a6464babeafc3a23c3d360]: ===> Supports JSON Message Converter : true
[2026-05-02 05:21:55.296] [DEBUG] [] [662a2ffd27a6464babeafc3a23c3d360]: Writing [UserDTO(super=AbstractAuditableDTO(createdAt=2026-05-01T21:18:50.206341, createdBy=0, updatedAt=2026 (truncated)...]
[2026-05-02 05:21:55.296] [DEBUG] [] [662a2ffd27a6464babeafc3a23c3d360]: =========================================
[2026-05-02 05:21:55.296] [DEBUG] [] [662a2ffd27a6464babeafc3a23c3d360]: ===>> Output object : 

{
	"alg":"SALT_MD5",
	"code":200,
	"data":{
		"birthYear":1990,
		"createdAt":"2026-05-01 21:18:50",
		"createdBy":0,
		"delFlag":false,
		"email":"admin@staff.local",
		"id":1,
		"isVip":false,
		"lastLoginAt":"2026-05-01 21:45:13.229045",
		"nickname":"超级管理员",
		"staffRole":1,
		"stampsBalance":0,
		"status":1,
		"updatedAt":"2026-05-01 21:45:13",
		"updatedBy":0
	},
	"message":"OK",
	"success":true
} 
class cn.nine.pros.post.client.model.db.UserDTO

[2026-05-02 05:21:55.296] [DEBUG] [] [662a2ffd27a6464babeafc3a23c3d360]: =========================================
[2026-05-02 05:21:55.296] [DEBUG] [] [662a2ffd27a6464babeafc3a23c3d360]: ==> leave RequestContextHolder.
[2026-05-02 05:21:55.296] [DEBUG] [] [662a2ffd27a6464babeafc3a23c3d360]: ==> leave RequestContextHolder.
[2026-05-02 05:27:21.305] [DEBUG] [] []: ==》/webapi/user/paging -> into PreRequestContextFilter.
[2026-05-02 05:27:21.305] [DEBUG] [] [75a4fb4eaf6a4e18878f50cf3ac161d5]: 地址 /webapi/user/paging 进入过滤器
[2026-05-02 05:27:21.305] [DEBUG] [] []: ==》/webapi/auth/current -> into PreRequestContextFilter.
[2026-05-02 05:27:21.305] [DEBUG] [] []: ==》/webapi/user/paging -> into PreRequestContextFilter.
[2026-05-02 05:27:21.305] [DEBUG] [] [a7b8f69617cb4fadb5b4ee3fe8f668b2]: 地址 /webapi/auth/current 进入过滤器
[2026-05-02 05:27:21.305] [DEBUG] [] [f72c4ae827724a5e85e8d055ec707fba]: 地址 /webapi/user/paging 进入过滤器
[2026-05-02 05:27:21.307] [DEBUG] [] [a7b8f69617cb4fadb5b4ee3fe8f668b2]: ==>  Preparing: SELECT id,email,password_hash,nickname,birth_year,country_code,bio,avatar_url,stamps_balance,is_vip,vip_expire_at,status,staff_role,register_ip,last_login_at,created_at,created_by,updated_at,updated_by,del_flag FROM bu_user WHERE id=?
[2026-05-02 05:27:21.307] [DEBUG] [] [a7b8f69617cb4fadb5b4ee3fe8f668b2]: ==> Parameters: 1(Long)
[2026-05-02 05:27:21.308] [DEBUG] [] [75a4fb4eaf6a4e18878f50cf3ac161d5]: ==>  Preparing: SELECT id,email,password_hash,nickname,birth_year,country_code,bio,avatar_url,stamps_balance,is_vip,vip_expire_at,status,staff_role,register_ip,last_login_at,created_at,created_by,updated_at,updated_by,del_flag FROM bu_user WHERE (del_flag = ?) ORDER BY created_at DESC
[2026-05-02 05:27:21.308] [DEBUG] [] [f72c4ae827724a5e85e8d055ec707fba]: ==>  Preparing: SELECT id,email,password_hash,nickname,birth_year,country_code,bio,avatar_url,stamps_balance,is_vip,vip_expire_at,status,staff_role,register_ip,last_login_at,created_at,created_by,updated_at,updated_by,del_flag FROM bu_user WHERE (del_flag = ?) ORDER BY created_at DESC
[2026-05-02 05:27:21.308] [DEBUG] [] [75a4fb4eaf6a4e18878f50cf3ac161d5]: ==> Parameters: false(Boolean)
[2026-05-02 05:27:21.308] [DEBUG] [] [f72c4ae827724a5e85e8d055ec707fba]: ==> Parameters: false(Boolean)
[2026-05-02 05:27:21.308] [DEBUG] [] [a7b8f69617cb4fadb5b4ee3fe8f668b2]: <==      Total: 1
[2026-05-02 05:27:21.308] [DEBUG] [] [a7b8f69617cb4fadb5b4ee3fe8f668b2]: ===> Supports JSON Message Converter : true
[2026-05-02 05:27:21.308] [DEBUG] [] [a7b8f69617cb4fadb5b4ee3fe8f668b2]: Using 'application/json', given [application/json, text/plain, */*] and supported [application/json, application/*+json]
[2026-05-02 05:27:21.308] [DEBUG] [] [a7b8f69617cb4fadb5b4ee3fe8f668b2]: ===> Supports JSON Message Converter : true
[2026-05-02 05:27:21.308] [DEBUG] [] [a7b8f69617cb4fadb5b4ee3fe8f668b2]: Writing [UserDTO(super=AbstractAuditableDTO(createdAt=2026-05-01T21:18:50.206341, createdBy=0, updatedAt=2026 (truncated)...]
[2026-05-02 05:27:21.308] [DEBUG] [] [a7b8f69617cb4fadb5b4ee3fe8f668b2]: =========================================
[2026-05-02 05:27:21.308] [DEBUG] [] [75a4fb4eaf6a4e18878f50cf3ac161d5]: <==      Total: 1
[2026-05-02 05:27:21.308] [DEBUG] [] [f72c4ae827724a5e85e8d055ec707fba]: <==      Total: 1
[2026-05-02 05:27:21.308] [DEBUG] [] [a7b8f69617cb4fadb5b4ee3fe8f668b2]: ===>> Output object : 

{
	"alg":"SALT_MD5",
	"code":200,
	"data":{
		"birthYear":1990,
		"createdAt":"2026-05-01 21:18:50",
		"createdBy":0,
		"delFlag":false,
		"email":"admin@staff.local",
		"id":1,
		"isVip":false,
		"lastLoginAt":"2026-05-01 21:45:13.229045",
		"nickname":"超级管理员",
		"staffRole":1,
		"stampsBalance":0,
		"status":1,
		"updatedAt":"2026-05-01 21:45:13",
		"updatedBy":0
	},
	"message":"OK",
	"success":true
} 
class cn.nine.pros.post.client.model.db.UserDTO

[2026-05-02 05:27:21.308] [DEBUG] [] [a7b8f69617cb4fadb5b4ee3fe8f668b2]: =========================================
[2026-05-02 05:27:21.308] [DEBUG] [] [f72c4ae827724a5e85e8d055ec707fba]: ===> Supports JSON Message Converter : true
[2026-05-02 05:27:21.308] [DEBUG] [] [75a4fb4eaf6a4e18878f50cf3ac161d5]: ===> Supports JSON Message Converter : true
[2026-05-02 05:27:21.308] [DEBUG] [] [f72c4ae827724a5e85e8d055ec707fba]: Using 'application/json', given [application/json, text/plain, */*] and supported [application/json, application/*+json]
[2026-05-02 05:27:21.308] [DEBUG] [] [f72c4ae827724a5e85e8d055ec707fba]: ===> Supports JSON Message Converter : true
[2026-05-02 05:27:21.308] [DEBUG] [] [75a4fb4eaf6a4e18878f50cf3ac161d5]: Using 'application/json', given [application/json, text/plain, */*] and supported [application/json, application/*+json]
[2026-05-02 05:27:21.308] [DEBUG] [] [f72c4ae827724a5e85e8d055ec707fba]: Writing [PageData(total=0, page=1, size=50, pages=0, records=[UserDTO(super=AbstractAuditableDTO(createdAt=20 (truncated)...]
[2026-05-02 05:27:21.308] [DEBUG] [] [75a4fb4eaf6a4e18878f50cf3ac161d5]: ===> Supports JSON Message Converter : true
[2026-05-02 05:27:21.308] [DEBUG] [] [f72c4ae827724a5e85e8d055ec707fba]: =========================================
[2026-05-02 05:27:21.308] [DEBUG] [] [75a4fb4eaf6a4e18878f50cf3ac161d5]: Writing [PageData(total=0, page=1, size=50, pages=0, records=[UserDTO(super=AbstractAuditableDTO(createdAt=20 (truncated)...]
[2026-05-02 05:27:21.308] [DEBUG] [] [f72c4ae827724a5e85e8d055ec707fba]: ===>> Output object : 

{
	"alg":"SALT_MD5",
	"code":200,
	"data":{
		"empty":false,
		"page":1,
		"pages":0,
		"recordCount":1,
		"records":[
			{
				"birthYear":1990,
				"createdAt":"2026-05-01 21:18:50",
				"createdBy":0,
				"delFlag":false,
				"email":"admin@staff.local",
				"id":1,
				"isVip":false,
				"lastLoginAt":"2026-05-01 21:45:13.229045",
				"nickname":"超级管理员",
				"passwordHash":"$2a$10$YTUeGZqQ/xrX1d9V26669ubXuH90MthjRxhXxJV5EldtWdFm0WQbS",
				"staffRole":1,
				"stampsBalance":0,
				"status":1,
				"updatedAt":"2026-05-01 21:45:13",
				"updatedBy":0
			}
		],
		"size":50,
		"total":0
	},
	"message":"OK",
	"success":true
} 
cn.nine.commons.data.page.PageData<cn.nine.pros.post.client.model.db.UserDTO>

[2026-05-02 05:27:21.308] [DEBUG] [] [f72c4ae827724a5e85e8d055ec707fba]: =========================================
[2026-05-02 05:27:21.308] [DEBUG] [] [a7b8f69617cb4fadb5b4ee3fe8f668b2]: ==> leave RequestContextHolder.
[2026-05-02 05:27:21.308] [DEBUG] [] [75a4fb4eaf6a4e18878f50cf3ac161d5]: =========================================
[2026-05-02 05:27:21.308] [DEBUG] [] [a7b8f69617cb4fadb5b4ee3fe8f668b2]: ==> leave RequestContextHolder.
[2026-05-02 05:27:21.308] [DEBUG] [] [75a4fb4eaf6a4e18878f50cf3ac161d5]: ===>> Output object : 

{
	"alg":"SALT_MD5",
	"code":200,
	"data":{
		"empty":false,
		"page":1,
		"pages":0,
		"recordCount":1,
		"records":[
			{
				"birthYear":1990,
				"createdAt":"2026-05-01 21:18:50",
				"createdBy":0,
				"delFlag":false,
				"email":"admin@staff.local",
				"id":1,
				"isVip":false,
				"lastLoginAt":"2026-05-01 21:45:13.229045",
				"nickname":"超级管理员",
				"passwordHash":"$2a$10$YTUeGZqQ/xrX1d9V26669ubXuH90MthjRxhXxJV5EldtWdFm0WQbS",
				"staffRole":1,
				"stampsBalance":0,
				"status":1,
				"updatedAt":"2026-05-01 21:45:13",
				"updatedBy":0
			}
		],
		"size":50,
		"total":0
	},
	"message":"OK",
	"success":true
} 
cn.nine.commons.data.page.PageData<cn.nine.pros.post.client.model.db.UserDTO>

[2026-05-02 05:27:21.308] [DEBUG] [] [75a4fb4eaf6a4e18878f50cf3ac161d5]: =========================================
[2026-05-02 05:27:21.308] [DEBUG] [] [f72c4ae827724a5e85e8d055ec707fba]: ==> leave RequestContextHolder.
[2026-05-02 05:27:21.308] [DEBUG] [] [f72c4ae827724a5e85e8d055ec707fba]: ==> leave RequestContextHolder.
[2026-05-02 05:27:21.308] [DEBUG] [] [75a4fb4eaf6a4e18878f50cf3ac161d5]: ==> leave RequestContextHolder.
[2026-05-02 05:27:21.308] [DEBUG] [] [75a4fb4eaf6a4e18878f50cf3ac161d5]: ==> leave RequestContextHolder.
[2026-05-02 05:27:21.321] [DEBUG] [] []: ==》/webapi/auth/current -> into PreRequestContextFilter.
[2026-05-02 05:27:21.321] [DEBUG] [] [5b6e4ac06bfc46a4b4f25eb313785f4f]: 地址 /webapi/auth/current 进入过滤器
[2026-05-02 05:27:21.322] [DEBUG] [] [5b6e4ac06bfc46a4b4f25eb313785f4f]: ==>  Preparing: SELECT id,email,password_hash,nickname,birth_year,country_code,bio,avatar_url,stamps_balance,is_vip,vip_expire_at,status,staff_role,register_ip,last_login_at,created_at,created_by,updated_at,updated_by,del_flag FROM bu_user WHERE id=?
[2026-05-02 05:27:21.322] [DEBUG] [] [5b6e4ac06bfc46a4b4f25eb313785f4f]: ==> Parameters: 1(Long)
[2026-05-02 05:27:21.323] [DEBUG] [] [5b6e4ac06bfc46a4b4f25eb313785f4f]: <==      Total: 1
[2026-05-02 05:27:21.324] [DEBUG] [] [5b6e4ac06bfc46a4b4f25eb313785f4f]: ===> Supports JSON Message Converter : true
[2026-05-02 05:27:21.324] [DEBUG] [] [5b6e4ac06bfc46a4b4f25eb313785f4f]: Using 'application/json', given [application/json, text/plain, */*] and supported [application/json, application/*+json]
[2026-05-02 05:27:21.324] [DEBUG] [] [5b6e4ac06bfc46a4b4f25eb313785f4f]: ===> Supports JSON Message Converter : true
[2026-05-02 05:27:21.324] [DEBUG] [] [5b6e4ac06bfc46a4b4f25eb313785f4f]: Writing [UserDTO(super=AbstractAuditableDTO(createdAt=2026-05-01T21:18:50.206341, createdBy=0, updatedAt=2026 (truncated)...]
[2026-05-02 05:27:21.324] [DEBUG] [] [5b6e4ac06bfc46a4b4f25eb313785f4f]: =========================================
[2026-05-02 05:27:21.324] [DEBUG] [] [5b6e4ac06bfc46a4b4f25eb313785f4f]: ===>> Output object : 

{
	"alg":"SALT_MD5",
	"code":200,
	"data":{
		"birthYear":1990,
		"createdAt":"2026-05-01 21:18:50",
		"createdBy":0,
		"delFlag":false,
		"email":"admin@staff.local",
		"id":1,
		"isVip":false,
		"lastLoginAt":"2026-05-01 21:45:13.229045",
		"nickname":"超级管理员",
		"staffRole":1,
		"stampsBalance":0,
		"status":1,
		"updatedAt":"2026-05-01 21:45:13",
		"updatedBy":0
	},
	"message":"OK",
	"success":true
} 
class cn.nine.pros.post.client.model.db.UserDTO

[2026-05-02 05:27:21.324] [DEBUG] [] [5b6e4ac06bfc46a4b4f25eb313785f4f]: =========================================
[2026-05-02 05:27:21.324] [DEBUG] [] [5b6e4ac06bfc46a4b4f25eb313785f4f]: ==> leave RequestContextHolder.
[2026-05-02 05:27:21.324] [DEBUG] [] [5b6e4ac06bfc46a4b4f25eb313785f4f]: ==> leave RequestContextHolder.
[2026-05-02 05:31:55.258] [DEBUG] [] []: ==》/webapi/user/paging -> into PreRequestContextFilter.
[2026-05-02 05:31:55.259] [DEBUG] [] [3216c63547044860828be7e99938c86a]: 地址 /webapi/user/paging 进入过滤器
[2026-05-02 05:31:55.259] [DEBUG] [] []: ==》/webapi/user/paging -> into PreRequestContextFilter.
[2026-05-02 05:31:55.259] [DEBUG] [] [f91c7594e3c9457c9515cb3f9fb58cd8]: 地址 /webapi/user/paging 进入过滤器
[2026-05-02 05:31:55.259] [DEBUG] [] []: ==》/webapi/auth/current -> into PreRequestContextFilter.
[2026-05-02 05:31:55.259] [DEBUG] [] [09f1de52d7c74b5cb1a6949610dc1c4e]: 地址 /webapi/auth/current 进入过滤器
[2026-05-02 05:31:55.260] [DEBUG] [] [09f1de52d7c74b5cb1a6949610dc1c4e]: ==>  Preparing: SELECT id,email,password_hash,nickname,birth_year,country_code,bio,avatar_url,stamps_balance,is_vip,vip_expire_at,status,staff_role,register_ip,last_login_at,created_at,created_by,updated_at,updated_by,del_flag FROM bu_user WHERE id=?
[2026-05-02 05:31:55.260] [DEBUG] [] [09f1de52d7c74b5cb1a6949610dc1c4e]: ==> Parameters: 1(Long)
[2026-05-02 05:31:55.262] [DEBUG] [] [f91c7594e3c9457c9515cb3f9fb58cd8]: ==>  Preparing: SELECT id,email,password_hash,nickname,birth_year,country_code,bio,avatar_url,stamps_balance,is_vip,vip_expire_at,status,staff_role,register_ip,last_login_at,created_at,created_by,updated_at,updated_by,del_flag FROM bu_user WHERE (del_flag = ?) ORDER BY created_at DESC
[2026-05-02 05:31:55.262] [DEBUG] [] [3216c63547044860828be7e99938c86a]: ==>  Preparing: SELECT id,email,password_hash,nickname,birth_year,country_code,bio,avatar_url,stamps_balance,is_vip,vip_expire_at,status,staff_role,register_ip,last_login_at,created_at,created_by,updated_at,updated_by,del_flag FROM bu_user WHERE (del_flag = ?) ORDER BY created_at DESC
[2026-05-02 05:31:55.262] [DEBUG] [] [09f1de52d7c74b5cb1a6949610dc1c4e]: <==      Total: 1
[2026-05-02 05:31:55.262] [DEBUG] [] [f91c7594e3c9457c9515cb3f9fb58cd8]: ==> Parameters: false(Boolean)
[2026-05-02 05:31:55.262] [DEBUG] [] [3216c63547044860828be7e99938c86a]: ==> Parameters: false(Boolean)
[2026-05-02 05:31:55.262] [DEBUG] [] [09f1de52d7c74b5cb1a6949610dc1c4e]: ===> Supports JSON Message Converter : true
[2026-05-02 05:31:55.262] [DEBUG] [] [09f1de52d7c74b5cb1a6949610dc1c4e]: Using 'application/json', given [application/json, text/plain, */*] and supported [application/json, application/*+json]
[2026-05-02 05:31:55.262] [DEBUG] [] [09f1de52d7c74b5cb1a6949610dc1c4e]: ===> Supports JSON Message Converter : true
[2026-05-02 05:31:55.262] [DEBUG] [] [09f1de52d7c74b5cb1a6949610dc1c4e]: Writing [UserDTO(super=AbstractAuditableDTO(createdAt=2026-05-01T21:18:50.206341, createdBy=0, updatedAt=2026 (truncated)...]
[2026-05-02 05:31:55.262] [DEBUG] [] [09f1de52d7c74b5cb1a6949610dc1c4e]: =========================================
[2026-05-02 05:31:55.262] [DEBUG] [] [09f1de52d7c74b5cb1a6949610dc1c4e]: ===>> Output object : 

{
	"alg":"SALT_MD5",
	"code":200,
	"data":{
		"birthYear":1990,
		"createdAt":"2026-05-01 21:18:50",
		"createdBy":0,
		"delFlag":false,
		"email":"admin@staff.local",
		"id":1,
		"isVip":false,
		"lastLoginAt":"2026-05-01 21:45:13.229045",
		"nickname":"超级管理员",
		"staffRole":1,
		"stampsBalance":0,
		"status":1,
		"updatedAt":"2026-05-01 21:45:13",
		"updatedBy":0
	},
	"message":"OK",
	"success":true
} 
class cn.nine.pros.post.client.model.db.UserDTO

[2026-05-02 05:31:55.262] [DEBUG] [] [09f1de52d7c74b5cb1a6949610dc1c4e]: =========================================
[2026-05-02 05:31:55.263] [DEBUG] [] [3216c63547044860828be7e99938c86a]: <==      Total: 1
[2026-05-02 05:31:55.263] [DEBUG] [] [09f1de52d7c74b5cb1a6949610dc1c4e]: ==> leave RequestContextHolder.
[2026-05-02 05:31:55.263] [DEBUG] [] [09f1de52d7c74b5cb1a6949610dc1c4e]: ==> leave RequestContextHolder.
[2026-05-02 05:31:55.263] [DEBUG] [] [f91c7594e3c9457c9515cb3f9fb58cd8]: <==      Total: 1
[2026-05-02 05:31:55.263] [DEBUG] [] [3216c63547044860828be7e99938c86a]: ===> Supports JSON Message Converter : true
[2026-05-02 05:31:55.263] [DEBUG] [] [3216c63547044860828be7e99938c86a]: Using 'application/json', given [application/json, text/plain, */*] and supported [application/json, application/*+json]
[2026-05-02 05:31:55.263] [DEBUG] [] [3216c63547044860828be7e99938c86a]: ===> Supports JSON Message Converter : true
[2026-05-02 05:31:55.263] [DEBUG] [] [f91c7594e3c9457c9515cb3f9fb58cd8]: ===> Supports JSON Message Converter : true
[2026-05-02 05:31:55.263] [DEBUG] [] [f91c7594e3c9457c9515cb3f9fb58cd8]: Using 'application/json', given [application/json, text/plain, */*] and supported [application/json, application/*+json]
[2026-05-02 05:31:55.263] [DEBUG] [] [f91c7594e3c9457c9515cb3f9fb58cd8]: ===> Supports JSON Message Converter : true
[2026-05-02 05:31:55.263] [DEBUG] [] [3216c63547044860828be7e99938c86a]: Writing [PageData(total=0, page=1, size=50, pages=0, records=[UserDTO(super=AbstractAuditableDTO(createdAt=20 (truncated)...]
[2026-05-02 05:31:55.263] [DEBUG] [] [3216c63547044860828be7e99938c86a]: =========================================
[2026-05-02 05:31:55.263] [DEBUG] [] [f91c7594e3c9457c9515cb3f9fb58cd8]: Writing [PageData(total=0, page=1, size=50, pages=0, records=[UserDTO(super=AbstractAuditableDTO(createdAt=20 (truncated)...]
[2026-05-02 05:31:55.263] [DEBUG] [] [3216c63547044860828be7e99938c86a]: ===>> Output object : 

{
	"alg":"SALT_MD5",
	"code":200,
	"data":{
		"empty":false,
		"page":1,
		"pages":0,
		"recordCount":1,
		"records":[
			{
				"birthYear":1990,
				"createdAt":"2026-05-01 21:18:50",
				"createdBy":0,
				"delFlag":false,
				"email":"admin@staff.local",
				"id":1,
				"isVip":false,
				"lastLoginAt":"2026-05-01 21:45:13.229045",
				"nickname":"超级管理员",
				"passwordHash":"$2a$10$YTUeGZqQ/xrX1d9V26669ubXuH90MthjRxhXxJV5EldtWdFm0WQbS",
				"staffRole":1,
				"stampsBalance":0,
				"status":1,
				"updatedAt":"2026-05-01 21:45:13",
				"updatedBy":0
			}
		],
		"size":50,
		"total":0
	},
	"message":"OK",
	"success":true
} 
cn.nine.commons.data.page.PageData<cn.nine.pros.post.client.model.db.UserDTO>

[2026-05-02 05:31:55.263] [DEBUG] [] [3216c63547044860828be7e99938c86a]: =========================================
[2026-05-02 05:31:55.263] [DEBUG] [] [f91c7594e3c9457c9515cb3f9fb58cd8]: =========================================
[2026-05-02 05:31:55.263] [DEBUG] [] [f91c7594e3c9457c9515cb3f9fb58cd8]: ===>> Output object : 

{
	"alg":"SALT_MD5",
	"code":200,
	"data":{
		"empty":false,
		"page":1,
		"pages":0,
		"recordCount":1,
		"records":[
			{
				"birthYear":1990,
				"createdAt":"2026-05-01 21:18:50",
				"createdBy":0,
				"delFlag":false,
				"email":"admin@staff.local",
				"id":1,
				"isVip":false,
				"lastLoginAt":"2026-05-01 21:45:13.229045",
				"nickname":"超级管理员",
				"passwordHash":"$2a$10$YTUeGZqQ/xrX1d9V26669ubXuH90MthjRxhXxJV5EldtWdFm0WQbS",
				"staffRole":1,
				"stampsBalance":0,
				"status":1,
				"updatedAt":"2026-05-01 21:45:13",
				"updatedBy":0
			}
		],
		"size":50,
		"total":0
	},
	"message":"OK",
	"success":true
} 
cn.nine.commons.data.page.PageData<cn.nine.pros.post.client.model.db.UserDTO>

[2026-05-02 05:31:55.263] [DEBUG] [] [f91c7594e3c9457c9515cb3f9fb58cd8]: =========================================
[2026-05-02 05:31:55.263] [DEBUG] [] [3216c63547044860828be7e99938c86a]: ==> leave RequestContextHolder.
[2026-05-02 05:31:55.263] [DEBUG] [] [3216c63547044860828be7e99938c86a]: ==> leave RequestContextHolder.
[2026-05-02 05:31:55.263] [DEBUG] [] [f91c7594e3c9457c9515cb3f9fb58cd8]: ==> leave RequestContextHolder.
[2026-05-02 05:31:55.263] [DEBUG] [] [f91c7594e3c9457c9515cb3f9fb58cd8]: ==> leave RequestContextHolder.
[2026-05-02 05:31:55.265] [DEBUG] [] []: ==》/webapi/auth/current -> into PreRequestContextFilter.
[2026-05-02 05:31:55.266] [DEBUG] [] [42d6e68684e7408281f5355fd9069607]: 地址 /webapi/auth/current 进入过滤器
[2026-05-02 05:31:55.266] [DEBUG] [] [42d6e68684e7408281f5355fd9069607]: ==>  Preparing: SELECT id,email,password_hash,nickname,birth_year,country_code,bio,avatar_url,stamps_balance,is_vip,vip_expire_at,status,staff_role,register_ip,last_login_at,created_at,created_by,updated_at,updated_by,del_flag FROM bu_user WHERE id=?
[2026-05-02 05:31:55.266] [DEBUG] [] [42d6e68684e7408281f5355fd9069607]: ==> Parameters: 1(Long)
[2026-05-02 05:31:55.267] [DEBUG] [] [42d6e68684e7408281f5355fd9069607]: <==      Total: 1
[2026-05-02 05:31:55.267] [DEBUG] [] [42d6e68684e7408281f5355fd9069607]: ===> Supports JSON Message Converter : true
[2026-05-02 05:31:55.267] [DEBUG] [] [42d6e68684e7408281f5355fd9069607]: Using 'application/json', given [application/json, text/plain, */*] and supported [application/json, application/*+json]
[2026-05-02 05:31:55.267] [DEBUG] [] [42d6e68684e7408281f5355fd9069607]: ===> Supports JSON Message Converter : true
[2026-05-02 05:31:55.267] [DEBUG] [] [42d6e68684e7408281f5355fd9069607]: Writing [UserDTO(super=AbstractAuditableDTO(createdAt=2026-05-01T21:18:50.206341, createdBy=0, updatedAt=2026 (truncated)...]
[2026-05-02 05:31:55.267] [DEBUG] [] [42d6e68684e7408281f5355fd9069607]: =========================================
[2026-05-02 05:31:55.267] [DEBUG] [] [42d6e68684e7408281f5355fd9069607]: ===>> Output object : 

{
	"alg":"SALT_MD5",
	"code":200,
	"data":{
		"birthYear":1990,
		"createdAt":"2026-05-01 21:18:50",
		"createdBy":0,
		"delFlag":false,
		"email":"admin@staff.local",
		"id":1,
		"isVip":false,
		"lastLoginAt":"2026-05-01 21:45:13.229045",
		"nickname":"超级管理员",
		"staffRole":1,
		"stampsBalance":0,
		"status":1,
		"updatedAt":"2026-05-01 21:45:13",
		"updatedBy":0
	},
	"message":"OK",
	"success":true
} 
class cn.nine.pros.post.client.model.db.UserDTO

[2026-05-02 05:31:55.267] [DEBUG] [] [42d6e68684e7408281f5355fd9069607]: =========================================
[2026-05-02 05:31:55.267] [DEBUG] [] [42d6e68684e7408281f5355fd9069607]: ==> leave RequestContextHolder.
[2026-05-02 05:31:55.267] [DEBUG] [] [42d6e68684e7408281f5355fd9069607]: ==> leave RequestContextHolder.
[2026-05-02 05:37:21.315] [DEBUG] [] []: ==》/webapi/user/paging -> into PreRequestContextFilter.
[2026-05-02 05:37:21.315] [DEBUG] [] [fe3758dc1e8743538db98915ad7e7f68]: 地址 /webapi/user/paging 进入过滤器
[2026-05-02 05:37:21.315] [DEBUG] [] []: ==》/webapi/user/paging -> into PreRequestContextFilter.
[2026-05-02 05:37:21.315] [DEBUG] [] [b09ada0c722c4d79a25b874611e44395]: 地址 /webapi/user/paging 进入过滤器
[2026-05-02 05:37:21.316] [DEBUG] [] []: ==》/webapi/auth/current -> into PreRequestContextFilter.
[2026-05-02 05:37:21.316] [DEBUG] [] [6661b77a75f84ab4877c4a2f86bfc9d8]: 地址 /webapi/auth/current 进入过滤器
[2026-05-02 05:37:21.318] [DEBUG] [] [6661b77a75f84ab4877c4a2f86bfc9d8]: ==>  Preparing: SELECT id,email,password_hash,nickname,birth_year,country_code,bio,avatar_url,stamps_balance,is_vip,vip_expire_at,status,staff_role,register_ip,last_login_at,created_at,created_by,updated_at,updated_by,del_flag FROM bu_user WHERE id=?
[2026-05-02 05:37:21.318] [DEBUG] [] [6661b77a75f84ab4877c4a2f86bfc9d8]: ==> Parameters: 1(Long)
[2026-05-02 05:37:21.318] [DEBUG] [] [b09ada0c722c4d79a25b874611e44395]: ==>  Preparing: SELECT id,email,password_hash,nickname,birth_year,country_code,bio,avatar_url,stamps_balance,is_vip,vip_expire_at,status,staff_role,register_ip,last_login_at,created_at,created_by,updated_at,updated_by,del_flag FROM bu_user WHERE (del_flag = ?) ORDER BY created_at DESC
[2026-05-02 05:37:21.318] [DEBUG] [] [b09ada0c722c4d79a25b874611e44395]: ==> Parameters: false(Boolean)
[2026-05-02 05:37:21.318] [DEBUG] [] [6661b77a75f84ab4877c4a2f86bfc9d8]: <==      Total: 1
[2026-05-02 05:37:21.318] [DEBUG] [] [fe3758dc1e8743538db98915ad7e7f68]: ==>  Preparing: SELECT id,email,password_hash,nickname,birth_year,country_code,bio,avatar_url,stamps_balance,is_vip,vip_expire_at,status,staff_role,register_ip,last_login_at,created_at,created_by,updated_at,updated_by,del_flag FROM bu_user WHERE (del_flag = ?) ORDER BY created_at DESC
[2026-05-02 05:37:21.319] [DEBUG] [] [fe3758dc1e8743538db98915ad7e7f68]: ==> Parameters: false(Boolean)
[2026-05-02 05:37:21.319] [DEBUG] [] [6661b77a75f84ab4877c4a2f86bfc9d8]: ===> Supports JSON Message Converter : true
[2026-05-02 05:37:21.319] [DEBUG] [] [6661b77a75f84ab4877c4a2f86bfc9d8]: Using 'application/json', given [application/json, text/plain, */*] and supported [application/json, application/*+json]
[2026-05-02 05:37:21.319] [DEBUG] [] [6661b77a75f84ab4877c4a2f86bfc9d8]: ===> Supports JSON Message Converter : true
[2026-05-02 05:37:21.319] [DEBUG] [] [6661b77a75f84ab4877c4a2f86bfc9d8]: Writing [UserDTO(super=AbstractAuditableDTO(createdAt=2026-05-01T21:18:50.206341, createdBy=0, updatedAt=2026 (truncated)...]
[2026-05-02 05:37:21.319] [DEBUG] [] [6661b77a75f84ab4877c4a2f86bfc9d8]: =========================================
[2026-05-02 05:37:21.319] [DEBUG] [] [b09ada0c722c4d79a25b874611e44395]: <==      Total: 1
[2026-05-02 05:37:21.319] [DEBUG] [] [6661b77a75f84ab4877c4a2f86bfc9d8]: ===>> Output object : 

{
	"alg":"SALT_MD5",
	"code":200,
	"data":{
		"birthYear":1990,
		"createdAt":"2026-05-01 21:18:50",
		"createdBy":0,
		"delFlag":false,
		"email":"admin@staff.local",
		"id":1,
		"isVip":false,
		"lastLoginAt":"2026-05-01 21:45:13.229045",
		"nickname":"超级管理员",
		"staffRole":1,
		"stampsBalance":0,
		"status":1,
		"updatedAt":"2026-05-01 21:45:13",
		"updatedBy":0
	},
	"message":"OK",
	"success":true
} 
class cn.nine.pros.post.client.model.db.UserDTO

[2026-05-02 05:37:21.319] [DEBUG] [] [6661b77a75f84ab4877c4a2f86bfc9d8]: =========================================
[2026-05-02 05:37:21.319] [DEBUG] [] [b09ada0c722c4d79a25b874611e44395]: ===> Supports JSON Message Converter : true
[2026-05-02 05:37:21.319] [DEBUG] [] [b09ada0c722c4d79a25b874611e44395]: Using 'application/json', given [application/json, text/plain, */*] and supported [application/json, application/*+json]
[2026-05-02 05:37:21.319] [DEBUG] [] [b09ada0c722c4d79a25b874611e44395]: ===> Supports JSON Message Converter : true
[2026-05-02 05:37:21.319] [DEBUG] [] [fe3758dc1e8743538db98915ad7e7f68]: <==      Total: 1
[2026-05-02 05:37:21.319] [DEBUG] [] [b09ada0c722c4d79a25b874611e44395]: Writing [PageData(total=0, page=1, size=50, pages=0, records=[UserDTO(super=AbstractAuditableDTO(createdAt=20 (truncated)...]
[2026-05-02 05:37:21.319] [DEBUG] [] [b09ada0c722c4d79a25b874611e44395]: =========================================
[2026-05-02 05:37:21.319] [DEBUG] [] [b09ada0c722c4d79a25b874611e44395]: ===>> Output object : 

{
	"alg":"SALT_MD5",
	"code":200,
	"data":{
		"empty":false,
		"page":1,
		"pages":0,
		"recordCount":1,
		"records":[
			{
				"birthYear":1990,
				"createdAt":"2026-05-01 21:18:50",
				"createdBy":0,
				"delFlag":false,
				"email":"admin@staff.local",
				"id":1,
				"isVip":false,
				"lastLoginAt":"2026-05-01 21:45:13.229045",
				"nickname":"超级管理员",
				"passwordHash":"$2a$10$YTUeGZqQ/xrX1d9V26669ubXuH90MthjRxhXxJV5EldtWdFm0WQbS",
				"staffRole":1,
				"stampsBalance":0,
				"status":1,
				"updatedAt":"2026-05-01 21:45:13",
				"updatedBy":0
			}
		],
		"size":50,
		"total":0
	},
	"message":"OK",
	"success":true
} 
cn.nine.commons.data.page.PageData<cn.nine.pros.post.client.model.db.UserDTO>

[2026-05-02 05:37:21.319] [DEBUG] [] [6661b77a75f84ab4877c4a2f86bfc9d8]: ==> leave RequestContextHolder.
[2026-05-02 05:37:21.319] [DEBUG] [] [fe3758dc1e8743538db98915ad7e7f68]: ===> Supports JSON Message Converter : true
[2026-05-02 05:37:21.319] [DEBUG] [] [b09ada0c722c4d79a25b874611e44395]: =========================================
[2026-05-02 05:37:21.319] [DEBUG] [] [fe3758dc1e8743538db98915ad7e7f68]: Using 'application/json', given [application/json, text/plain, */*] and supported [application/json, application/*+json]
[2026-05-02 05:37:21.319] [DEBUG] [] [fe3758dc1e8743538db98915ad7e7f68]: ===> Supports JSON Message Converter : true
[2026-05-02 05:37:21.319] [DEBUG] [] [6661b77a75f84ab4877c4a2f86bfc9d8]: ==> leave RequestContextHolder.
[2026-05-02 05:37:21.319] [DEBUG] [] [fe3758dc1e8743538db98915ad7e7f68]: Writing [PageData(total=0, page=1, size=50, pages=0, records=[UserDTO(super=AbstractAuditableDTO(createdAt=20 (truncated)...]
[2026-05-02 05:37:21.319] [DEBUG] [] [fe3758dc1e8743538db98915ad7e7f68]: =========================================
[2026-05-02 05:37:21.319] [DEBUG] [] [fe3758dc1e8743538db98915ad7e7f68]: ===>> Output object : 

{
	"alg":"SALT_MD5",
	"code":200,
	"data":{
		"empty":false,
		"page":1,
		"pages":0,
		"recordCount":1,
		"records":[
			{
				"birthYear":1990,
				"createdAt":"2026-05-01 21:18:50",
				"createdBy":0,
				"delFlag":false,
				"email":"admin@staff.local",
				"id":1,
				"isVip":false,
				"lastLoginAt":"2026-05-01 21:45:13.229045",
				"nickname":"超级管理员",
				"passwordHash":"$2a$10$YTUeGZqQ/xrX1d9V26669ubXuH90MthjRxhXxJV5EldtWdFm0WQbS",
				"staffRole":1,
				"stampsBalance":0,
				"status":1,
				"updatedAt":"2026-05-01 21:45:13",
				"updatedBy":0
			}
		],
		"size":50,
		"total":0
	},
	"message":"OK",
	"success":true
} 
cn.nine.commons.data.page.PageData<cn.nine.pros.post.client.model.db.UserDTO>

[2026-05-02 05:37:21.319] [DEBUG] [] [fe3758dc1e8743538db98915ad7e7f68]: =========================================
[2026-05-02 05:37:21.319] [DEBUG] [] [b09ada0c722c4d79a25b874611e44395]: ==> leave RequestContextHolder.
[2026-05-02 05:37:21.319] [DEBUG] [] [b09ada0c722c4d79a25b874611e44395]: ==> leave RequestContextHolder.
[2026-05-02 05:37:21.319] [DEBUG] [] [fe3758dc1e8743538db98915ad7e7f68]: ==> leave RequestContextHolder.
[2026-05-02 05:37:21.319] [DEBUG] [] [fe3758dc1e8743538db98915ad7e7f68]: ==> leave RequestContextHolder.
[2026-05-02 05:37:21.321] [DEBUG] [] []: ==》/webapi/auth/current -> into PreRequestContextFilter.
[2026-05-02 05:37:21.321] [DEBUG] [] [f0040d2ae54b4d9db218bd01429ebdcd]: 地址 /webapi/auth/current 进入过滤器
[2026-05-02 05:37:21.322] [DEBUG] [] [f0040d2ae54b4d9db218bd01429ebdcd]: ==>  Preparing: SELECT id,email,password_hash,nickname,birth_year,country_code,bio,avatar_url,stamps_balance,is_vip,vip_expire_at,status,staff_role,register_ip,last_login_at,created_at,created_by,updated_at,updated_by,del_flag FROM bu_user WHERE id=?
[2026-05-02 05:37:21.322] [DEBUG] [] [f0040d2ae54b4d9db218bd01429ebdcd]: ==> Parameters: 1(Long)
[2026-05-02 05:37:21.323] [DEBUG] [] [f0040d2ae54b4d9db218bd01429ebdcd]: <==      Total: 1
[2026-05-02 05:37:21.323] [DEBUG] [] [f0040d2ae54b4d9db218bd01429ebdcd]: ===> Supports JSON Message Converter : true
[2026-05-02 05:37:21.323] [DEBUG] [] [f0040d2ae54b4d9db218bd01429ebdcd]: Using 'application/json', given [application/json, text/plain, */*] and supported [application/json, application/*+json]
[2026-05-02 05:37:21.323] [DEBUG] [] [f0040d2ae54b4d9db218bd01429ebdcd]: ===> Supports JSON Message Converter : true
[2026-05-02 05:37:21.323] [DEBUG] [] [f0040d2ae54b4d9db218bd01429ebdcd]: Writing [UserDTO(super=AbstractAuditableDTO(createdAt=2026-05-01T21:18:50.206341, createdBy=0, updatedAt=2026 (truncated)...]
[2026-05-02 05:37:21.323] [DEBUG] [] [f0040d2ae54b4d9db218bd01429ebdcd]: =========================================
[2026-05-02 05:37:21.323] [DEBUG] [] [f0040d2ae54b4d9db218bd01429ebdcd]: ===>> Output object : 

{
	"alg":"SALT_MD5",
	"code":200,
	"data":{
		"birthYear":1990,
		"createdAt":"2026-05-01 21:18:50",
		"createdBy":0,
		"delFlag":false,
		"email":"admin@staff.local",
		"id":1,
		"isVip":false,
		"lastLoginAt":"2026-05-01 21:45:13.229045",
		"nickname":"超级管理员",
		"staffRole":1,
		"stampsBalance":0,
		"status":1,
		"updatedAt":"2026-05-01 21:45:13",
		"updatedBy":0
	},
	"message":"OK",
	"success":true
} 
class cn.nine.pros.post.client.model.db.UserDTO

[2026-05-02 05:37:21.323] [DEBUG] [] [f0040d2ae54b4d9db218bd01429ebdcd]: =========================================
[2026-05-02 05:37:21.323] [DEBUG] [] [f0040d2ae54b4d9db218bd01429ebdcd]: ==> leave RequestContextHolder.
[2026-05-02 05:37:21.323] [DEBUG] [] [f0040d2ae54b4d9db218bd01429ebdcd]: ==> leave RequestContextHolder.
[2026-05-02 05:41:55.324] [DEBUG] [] []: ==》/webapi/user/paging -> into PreRequestContextFilter.
[2026-05-02 05:41:55.324] [DEBUG] [] []: ==》/webapi/user/paging -> into PreRequestContextFilter.
[2026-05-02 05:41:55.324] [DEBUG] [] [7268a333c7ce418593c197574cf0fa50]: 地址 /webapi/user/paging 进入过滤器
[2026-05-02 05:41:55.324] [DEBUG] [] [6615b2212eba45fd93c6879259eed5a8]: 地址 /webapi/user/paging 进入过滤器
[2026-05-02 05:41:55.324] [DEBUG] [] []: ==》/webapi/auth/current -> into PreRequestContextFilter.
[2026-05-02 05:41:55.325] [DEBUG] [] [04697d55a1e14da08116feaa578a23a3]: 地址 /webapi/auth/current 进入过滤器
[2026-05-02 05:41:55.326] [DEBUG] [] [04697d55a1e14da08116feaa578a23a3]: ==>  Preparing: SELECT id,email,password_hash,nickname,birth_year,country_code,bio,avatar_url,stamps_balance,is_vip,vip_expire_at,status,staff_role,register_ip,last_login_at,created_at,created_by,updated_at,updated_by,del_flag FROM bu_user WHERE id=?
[2026-05-02 05:41:55.326] [DEBUG] [] [04697d55a1e14da08116feaa578a23a3]: ==> Parameters: 1(Long)
[2026-05-02 05:41:55.328] [DEBUG] [] [7268a333c7ce418593c197574cf0fa50]: ==>  Preparing: SELECT id,email,password_hash,nickname,birth_year,country_code,bio,avatar_url,stamps_balance,is_vip,vip_expire_at,status,staff_role,register_ip,last_login_at,created_at,created_by,updated_at,updated_by,del_flag FROM bu_user WHERE (del_flag = ?) ORDER BY created_at DESC
[2026-05-02 05:41:55.328] [DEBUG] [] [6615b2212eba45fd93c6879259eed5a8]: ==>  Preparing: SELECT id,email,password_hash,nickname,birth_year,country_code,bio,avatar_url,stamps_balance,is_vip,vip_expire_at,status,staff_role,register_ip,last_login_at,created_at,created_by,updated_at,updated_by,del_flag FROM bu_user WHERE (del_flag = ?) ORDER BY created_at DESC
[2026-05-02 05:41:55.328] [DEBUG] [] [6615b2212eba45fd93c6879259eed5a8]: ==> Parameters: false(Boolean)
[2026-05-02 05:41:55.328] [DEBUG] [] [7268a333c7ce418593c197574cf0fa50]: ==> Parameters: false(Boolean)
[2026-05-02 05:41:55.330] [DEBUG] [] [04697d55a1e14da08116feaa578a23a3]: <==      Total: 1
[2026-05-02 05:41:55.331] [DEBUG] [] [04697d55a1e14da08116feaa578a23a3]: ===> Supports JSON Message Converter : true
[2026-05-02 05:41:55.331] [DEBUG] [] [04697d55a1e14da08116feaa578a23a3]: Using 'application/json', given [application/json, text/plain, */*] and supported [application/json, application/*+json]
[2026-05-02 05:41:55.331] [DEBUG] [] [04697d55a1e14da08116feaa578a23a3]: ===> Supports JSON Message Converter : true
[2026-05-02 05:41:55.331] [DEBUG] [] [04697d55a1e14da08116feaa578a23a3]: Writing [UserDTO(super=AbstractAuditableDTO(createdAt=2026-05-01T21:18:50.206341, createdBy=0, updatedAt=2026 (truncated)...]
[2026-05-02 05:41:55.331] [DEBUG] [] [04697d55a1e14da08116feaa578a23a3]: =========================================
[2026-05-02 05:41:55.331] [DEBUG] [] [04697d55a1e14da08116feaa578a23a3]: ===>> Output object : 

{
	"alg":"SALT_MD5",
	"code":200,
	"data":{
		"birthYear":1990,
		"createdAt":"2026-05-01 21:18:50",
		"createdBy":0,
		"delFlag":false,
		"email":"admin@staff.local",
		"id":1,
		"isVip":false,
		"lastLoginAt":"2026-05-01 21:45:13.229045",
		"nickname":"超级管理员",
		"staffRole":1,
		"stampsBalance":0,
		"status":1,
		"updatedAt":"2026-05-01 21:45:13",
		"updatedBy":0
	},
	"message":"OK",
	"success":true
} 
class cn.nine.pros.post.client.model.db.UserDTO

[2026-05-02 05:41:55.331] [DEBUG] [] [04697d55a1e14da08116feaa578a23a3]: =========================================
[2026-05-02 05:41:55.331] [DEBUG] [] [04697d55a1e14da08116feaa578a23a3]: ==> leave RequestContextHolder.
[2026-05-02 05:41:55.331] [DEBUG] [] [04697d55a1e14da08116feaa578a23a3]: ==> leave RequestContextHolder.
[2026-05-02 05:41:55.331] [DEBUG] [] [7268a333c7ce418593c197574cf0fa50]: <==      Total: 1
[2026-05-02 05:41:55.331] [DEBUG] [] [6615b2212eba45fd93c6879259eed5a8]: <==      Total: 1
[2026-05-02 05:41:55.331] [DEBUG] [] [7268a333c7ce418593c197574cf0fa50]: ===> Supports JSON Message Converter : true
[2026-05-02 05:41:55.331] [DEBUG] [] [7268a333c7ce418593c197574cf0fa50]: Using 'application/json', given [application/json, text/plain, */*] and supported [application/json, application/*+json]
[2026-05-02 05:41:55.331] [DEBUG] [] [7268a333c7ce418593c197574cf0fa50]: ===> Supports JSON Message Converter : true
[2026-05-02 05:41:55.331] [DEBUG] [] [7268a333c7ce418593c197574cf0fa50]: Writing [PageData(total=0, page=1, size=50, pages=0, records=[UserDTO(super=AbstractAuditableDTO(createdAt=20 (truncated)...]
[2026-05-02 05:41:55.331] [DEBUG] [] [6615b2212eba45fd93c6879259eed5a8]: ===> Supports JSON Message Converter : true
[2026-05-02 05:41:55.332] [DEBUG] [] [7268a333c7ce418593c197574cf0fa50]: =========================================
[2026-05-02 05:41:55.332] [DEBUG] [] [6615b2212eba45fd93c6879259eed5a8]: Using 'application/json', given [application/json, text/plain, */*] and supported [application/json, application/*+json]
[2026-05-02 05:41:55.332] [DEBUG] [] [7268a333c7ce418593c197574cf0fa50]: ===>> Output object : 

{
	"alg":"SALT_MD5",
	"code":200,
	"data":{
		"empty":false,
		"page":1,
		"pages":0,
		"recordCount":1,
		"records":[
			{
				"birthYear":1990,
				"createdAt":"2026-05-01 21:18:50",
				"createdBy":0,
				"delFlag":false,
				"email":"admin@staff.local",
				"id":1,
				"isVip":false,
				"lastLoginAt":"2026-05-01 21:45:13.229045",
				"nickname":"超级管理员",
				"passwordHash":"$2a$10$YTUeGZqQ/xrX1d9V26669ubXuH90MthjRxhXxJV5EldtWdFm0WQbS",
				"staffRole":1,
				"stampsBalance":0,
				"status":1,
				"updatedAt":"2026-05-01 21:45:13",
				"updatedBy":0
			}
		],
		"size":50,
		"total":0
	},
	"message":"OK",
	"success":true
} 
cn.nine.commons.data.page.PageData<cn.nine.pros.post.client.model.db.UserDTO>

[2026-05-02 05:41:55.332] [DEBUG] [] [7268a333c7ce418593c197574cf0fa50]: =========================================
[2026-05-02 05:41:55.332] [DEBUG] [] [6615b2212eba45fd93c6879259eed5a8]: ===> Supports JSON Message Converter : true
[2026-05-02 05:41:55.332] [DEBUG] [] [6615b2212eba45fd93c6879259eed5a8]: Writing [PageData(total=0, page=1, size=50, pages=0, records=[UserDTO(super=AbstractAuditableDTO(createdAt=20 (truncated)...]
[2026-05-02 05:41:55.332] [DEBUG] [] [6615b2212eba45fd93c6879259eed5a8]: =========================================
[2026-05-02 05:41:55.332] [DEBUG] [] [6615b2212eba45fd93c6879259eed5a8]: ===>> Output object : 

{
	"alg":"SALT_MD5",
	"code":200,
	"data":{
		"empty":false,
		"page":1,
		"pages":0,
		"recordCount":1,
		"records":[
			{
				"birthYear":1990,
				"createdAt":"2026-05-01 21:18:50",
				"createdBy":0,
				"delFlag":false,
				"email":"admin@staff.local",
				"id":1,
				"isVip":false,
				"lastLoginAt":"2026-05-01 21:45:13.229045",
				"nickname":"超级管理员",
				"passwordHash":"$2a$10$YTUeGZqQ/xrX1d9V26669ubXuH90MthjRxhXxJV5EldtWdFm0WQbS",
				"staffRole":1,
				"stampsBalance":0,
				"status":1,
				"updatedAt":"2026-05-01 21:45:13",
				"updatedBy":0
			}
		],
		"size":50,
		"total":0
	},
	"message":"OK",
	"success":true
} 
cn.nine.commons.data.page.PageData<cn.nine.pros.post.client.model.db.UserDTO>

[2026-05-02 05:41:55.332] [DEBUG] [] [6615b2212eba45fd93c6879259eed5a8]: =========================================
[2026-05-02 05:41:55.332] [DEBUG] [] [7268a333c7ce418593c197574cf0fa50]: ==> leave RequestContextHolder.
[2026-05-02 05:41:55.332] [DEBUG] [] [7268a333c7ce418593c197574cf0fa50]: ==> leave RequestContextHolder.
[2026-05-02 05:41:55.333] [DEBUG] [] [6615b2212eba45fd93c6879259eed5a8]: ==> leave RequestContextHolder.
[2026-05-02 05:41:55.333] [DEBUG] [] [6615b2212eba45fd93c6879259eed5a8]: ==> leave RequestContextHolder.
[2026-05-02 05:41:55.335] [DEBUG] [] []: ==》/webapi/auth/current -> into PreRequestContextFilter.
[2026-05-02 05:41:55.335] [DEBUG] [] [e7bf174799204defa5dfed930fcd2b04]: 地址 /webapi/auth/current 进入过滤器
[2026-05-02 05:41:55.336] [DEBUG] [] [e7bf174799204defa5dfed930fcd2b04]: ==>  Preparing: SELECT id,email,password_hash,nickname,birth_year,country_code,bio,avatar_url,stamps_balance,is_vip,vip_expire_at,status,staff_role,register_ip,last_login_at,created_at,created_by,updated_at,updated_by,del_flag FROM bu_user WHERE id=?
[2026-05-02 05:41:55.336] [DEBUG] [] [e7bf174799204defa5dfed930fcd2b04]: ==> Parameters: 1(Long)
[2026-05-02 05:41:55.338] [DEBUG] [] [e7bf174799204defa5dfed930fcd2b04]: <==      Total: 1
[2026-05-02 05:41:55.339] [DEBUG] [] [e7bf174799204defa5dfed930fcd2b04]: ===> Supports JSON Message Converter : true
[2026-05-02 05:41:55.339] [DEBUG] [] [e7bf174799204defa5dfed930fcd2b04]: Using 'application/json', given [application/json, text/plain, */*] and supported [application/json, application/*+json]
[2026-05-02 05:41:55.339] [DEBUG] [] [e7bf174799204defa5dfed930fcd2b04]: ===> Supports JSON Message Converter : true
[2026-05-02 05:41:55.339] [DEBUG] [] [e7bf174799204defa5dfed930fcd2b04]: Writing [UserDTO(super=AbstractAuditableDTO(createdAt=2026-05-01T21:18:50.206341, createdBy=0, updatedAt=2026 (truncated)...]
[2026-05-02 05:41:55.339] [DEBUG] [] [e7bf174799204defa5dfed930fcd2b04]: =========================================
[2026-05-02 05:41:55.339] [DEBUG] [] [e7bf174799204defa5dfed930fcd2b04]: ===>> Output object : 

{
	"alg":"SALT_MD5",
	"code":200,
	"data":{
		"birthYear":1990,
		"createdAt":"2026-05-01 21:18:50",
		"createdBy":0,
		"delFlag":false,
		"email":"admin@staff.local",
		"id":1,
		"isVip":false,
		"lastLoginAt":"2026-05-01 21:45:13.229045",
		"nickname":"超级管理员",
		"staffRole":1,
		"stampsBalance":0,
		"status":1,
		"updatedAt":"2026-05-01 21:45:13",
		"updatedBy":0
	},
	"message":"OK",
	"success":true
} 
class cn.nine.pros.post.client.model.db.UserDTO

[2026-05-02 05:41:55.339] [DEBUG] [] [e7bf174799204defa5dfed930fcd2b04]: =========================================
[2026-05-02 05:41:55.340] [DEBUG] [] [e7bf174799204defa5dfed930fcd2b04]: ==> leave RequestContextHolder.
[2026-05-02 05:41:55.340] [DEBUG] [] [e7bf174799204defa5dfed930fcd2b04]: ==> leave RequestContextHolder.
[2026-05-02 05:48:21.279] [DEBUG] [] []: ==》/webapi/user/paging -> into PreRequestContextFilter.
[2026-05-02 05:48:21.279] [DEBUG] [] []: ==》/webapi/user/paging -> into PreRequestContextFilter.
[2026-05-02 05:48:21.279] [DEBUG] [] [1c9d39c02e3a462f9cf31bb7d6a6981a]: 地址 /webapi/user/paging 进入过滤器
[2026-05-02 05:48:21.279] [DEBUG] [] [179c34bfdb3a4e23b049c806478c786a]: 地址 /webapi/user/paging 进入过滤器
[2026-05-02 05:48:21.279] [DEBUG] [] []: ==》/webapi/auth/current -> into PreRequestContextFilter.
[2026-05-02 05:48:21.279] [DEBUG] [] [174600d472524f52b6ecd880a6a5b711]: 地址 /webapi/auth/current 进入过滤器
[2026-05-02 05:48:21.281] [DEBUG] [] [174600d472524f52b6ecd880a6a5b711]: ==>  Preparing: SELECT id,email,password_hash,nickname,birth_year,country_code,bio,avatar_url,stamps_balance,is_vip,vip_expire_at,status,staff_role,register_ip,last_login_at,created_at,created_by,updated_at,updated_by,del_flag FROM bu_user WHERE id=?
[2026-05-02 05:48:21.281] [DEBUG] [] [174600d472524f52b6ecd880a6a5b711]: ==> Parameters: 1(Long)
[2026-05-02 05:48:21.282] [DEBUG] [] [174600d472524f52b6ecd880a6a5b711]: <==      Total: 1
[2026-05-02 05:48:21.282] [DEBUG] [] [179c34bfdb3a4e23b049c806478c786a]: ==>  Preparing: SELECT id,email,password_hash,nickname,birth_year,country_code,bio,avatar_url,stamps_balance,is_vip,vip_expire_at,status,staff_role,register_ip,last_login_at,created_at,created_by,updated_at,updated_by,del_flag FROM bu_user WHERE (del_flag = ?) ORDER BY created_at DESC
[2026-05-02 05:48:21.282] [DEBUG] [] [179c34bfdb3a4e23b049c806478c786a]: ==> Parameters: false(Boolean)
[2026-05-02 05:48:21.282] [DEBUG] [] [1c9d39c02e3a462f9cf31bb7d6a6981a]: ==>  Preparing: SELECT id,email,password_hash,nickname,birth_year,country_code,bio,avatar_url,stamps_balance,is_vip,vip_expire_at,status,staff_role,register_ip,last_login_at,created_at,created_by,updated_at,updated_by,del_flag FROM bu_user WHERE (del_flag = ?) ORDER BY created_at DESC
[2026-05-02 05:48:21.282] [DEBUG] [] [1c9d39c02e3a462f9cf31bb7d6a6981a]: ==> Parameters: false(Boolean)
[2026-05-02 05:48:21.282] [DEBUG] [] [179c34bfdb3a4e23b049c806478c786a]: <==      Total: 1
[2026-05-02 05:48:21.282] [DEBUG] [] [1c9d39c02e3a462f9cf31bb7d6a6981a]: <==      Total: 1
[2026-05-02 05:48:21.282] [DEBUG] [] [179c34bfdb3a4e23b049c806478c786a]: ===> Supports JSON Message Converter : true
[2026-05-02 05:48:21.282] [DEBUG] [] [179c34bfdb3a4e23b049c806478c786a]: Using 'application/json', given [application/json, text/plain, */*] and supported [application/json, application/*+json]
[2026-05-02 05:48:21.282] [DEBUG] [] [179c34bfdb3a4e23b049c806478c786a]: ===> Supports JSON Message Converter : true
[2026-05-02 05:48:21.282] [DEBUG] [] [1c9d39c02e3a462f9cf31bb7d6a6981a]: ===> Supports JSON Message Converter : true
[2026-05-02 05:48:21.282] [DEBUG] [] [1c9d39c02e3a462f9cf31bb7d6a6981a]: Using 'application/json', given [application/json, text/plain, */*] and supported [application/json, application/*+json]
[2026-05-02 05:48:21.282] [DEBUG] [] [1c9d39c02e3a462f9cf31bb7d6a6981a]: ===> Supports JSON Message Converter : true
[2026-05-02 05:48:21.282] [DEBUG] [] [179c34bfdb3a4e23b049c806478c786a]: Writing [PageData(total=0, page=1, size=50, pages=0, records=[UserDTO(super=AbstractAuditableDTO(createdAt=20 (truncated)...]
[2026-05-02 05:48:21.282] [DEBUG] [] [1c9d39c02e3a462f9cf31bb7d6a6981a]: Writing [PageData(total=0, page=1, size=50, pages=0, records=[UserDTO(super=AbstractAuditableDTO(createdAt=20 (truncated)...]
[2026-05-02 05:48:21.282] [DEBUG] [] [179c34bfdb3a4e23b049c806478c786a]: =========================================
[2026-05-02 05:48:21.282] [DEBUG] [] [179c34bfdb3a4e23b049c806478c786a]: ===>> Output object : 

{
	"alg":"SALT_MD5",
	"code":200,
	"data":{
		"empty":false,
		"page":1,
		"pages":0,
		"recordCount":1,
		"records":[
			{
				"birthYear":1990,
				"createdAt":"2026-05-01 21:18:50",
				"createdBy":0,
				"delFlag":false,
				"email":"admin@staff.local",
				"id":1,
				"isVip":false,
				"lastLoginAt":"2026-05-01 21:45:13.229045",
				"nickname":"超级管理员",
				"passwordHash":"$2a$10$YTUeGZqQ/xrX1d9V26669ubXuH90MthjRxhXxJV5EldtWdFm0WQbS",
				"staffRole":1,
				"stampsBalance":0,
				"status":1,
				"updatedAt":"2026-05-01 21:45:13",
				"updatedBy":0
			}
		],
		"size":50,
		"total":0
	},
	"message":"OK",
	"success":true
} 
cn.nine.commons.data.page.PageData<cn.nine.pros.post.client.model.db.UserDTO>

[2026-05-02 05:48:21.282] [DEBUG] [] [179c34bfdb3a4e23b049c806478c786a]: =========================================
[2026-05-02 05:48:21.282] [DEBUG] [] [1c9d39c02e3a462f9cf31bb7d6a6981a]: =========================================
[2026-05-02 05:48:21.283] [DEBUG] [] [1c9d39c02e3a462f9cf31bb7d6a6981a]: ===>> Output object : 

{
	"alg":"SALT_MD5",
	"code":200,
	"data":{
		"empty":false,
		"page":1,
		"pages":0,
		"recordCount":1,
		"records":[
			{
				"birthYear":1990,
				"createdAt":"2026-05-01 21:18:50",
				"createdBy":0,
				"delFlag":false,
				"email":"admin@staff.local",
				"id":1,
				"isVip":false,
				"lastLoginAt":"2026-05-01 21:45:13.229045",
				"nickname":"超级管理员",
				"passwordHash":"$2a$10$YTUeGZqQ/xrX1d9V26669ubXuH90MthjRxhXxJV5EldtWdFm0WQbS",
				"staffRole":1,
				"stampsBalance":0,
				"status":1,
				"updatedAt":"2026-05-01 21:45:13",
				"updatedBy":0
			}
		],
		"size":50,
		"total":0
	},
	"message":"OK",
	"success":true
} 
cn.nine.commons.data.page.PageData<cn.nine.pros.post.client.model.db.UserDTO>

[2026-05-02 05:48:21.283] [DEBUG] [] [1c9d39c02e3a462f9cf31bb7d6a6981a]: =========================================
[2026-05-02 05:48:21.283] [DEBUG] [] [174600d472524f52b6ecd880a6a5b711]: ===> Supports JSON Message Converter : true
[2026-05-02 05:48:21.283] [DEBUG] [] [174600d472524f52b6ecd880a6a5b711]: Using 'application/json', given [application/json, text/plain, */*] and supported [application/json, application/*+json]
[2026-05-02 05:48:21.283] [DEBUG] [] [174600d472524f52b6ecd880a6a5b711]: ===> Supports JSON Message Converter : true
[2026-05-02 05:48:21.283] [DEBUG] [] [174600d472524f52b6ecd880a6a5b711]: Writing [UserDTO(super=AbstractAuditableDTO(createdAt=2026-05-01T21:18:50.206341, createdBy=0, updatedAt=2026 (truncated)...]
[2026-05-02 05:48:21.283] [DEBUG] [] [174600d472524f52b6ecd880a6a5b711]: =========================================
[2026-05-02 05:48:21.283] [DEBUG] [] [174600d472524f52b6ecd880a6a5b711]: ===>> Output object : 

{
	"alg":"SALT_MD5",
	"code":200,
	"data":{
		"birthYear":1990,
		"createdAt":"2026-05-01 21:18:50",
		"createdBy":0,
		"delFlag":false,
		"email":"admin@staff.local",
		"id":1,
		"isVip":false,
		"lastLoginAt":"2026-05-01 21:45:13.229045",
		"nickname":"超级管理员",
		"staffRole":1,
		"stampsBalance":0,
		"status":1,
		"updatedAt":"2026-05-01 21:45:13",
		"updatedBy":0
	},
	"message":"OK",
	"success":true
} 
class cn.nine.pros.post.client.model.db.UserDTO

[2026-05-02 05:48:21.283] [DEBUG] [] [174600d472524f52b6ecd880a6a5b711]: =========================================
[2026-05-02 05:48:21.283] [DEBUG] [] [179c34bfdb3a4e23b049c806478c786a]: ==> leave RequestContextHolder.
[2026-05-02 05:48:21.283] [DEBUG] [] [179c34bfdb3a4e23b049c806478c786a]: ==> leave RequestContextHolder.
[2026-05-02 05:48:21.283] [DEBUG] [] [1c9d39c02e3a462f9cf31bb7d6a6981a]: ==> leave RequestContextHolder.
[2026-05-02 05:48:21.283] [DEBUG] [] [1c9d39c02e3a462f9cf31bb7d6a6981a]: ==> leave RequestContextHolder.
[2026-05-02 05:48:21.283] [DEBUG] [] [174600d472524f52b6ecd880a6a5b711]: ==> leave RequestContextHolder.
[2026-05-02 05:48:21.283] [DEBUG] [] [174600d472524f52b6ecd880a6a5b711]: ==> leave RequestContextHolder.
[2026-05-02 05:48:21.286] [DEBUG] [] []: ==》/webapi/auth/current -> into PreRequestContextFilter.
[2026-05-02 05:48:21.286] [DEBUG] [] [fdd241dd833a44029695a899e221f8ce]: 地址 /webapi/auth/current 进入过滤器
[2026-05-02 05:48:21.287] [DEBUG] [] [fdd241dd833a44029695a899e221f8ce]: ==>  Preparing: SELECT id,email,password_hash,nickname,birth_year,country_code,bio,avatar_url,stamps_balance,is_vip,vip_expire_at,status,staff_role,register_ip,last_login_at,created_at,created_by,updated_at,updated_by,del_flag FROM bu_user WHERE id=?
[2026-05-02 05:48:21.288] [DEBUG] [] [fdd241dd833a44029695a899e221f8ce]: ==> Parameters: 1(Long)
[2026-05-02 05:48:21.288] [DEBUG] [] [fdd241dd833a44029695a899e221f8ce]: <==      Total: 1
[2026-05-02 05:48:21.288] [DEBUG] [] [fdd241dd833a44029695a899e221f8ce]: ===> Supports JSON Message Converter : true
[2026-05-02 05:48:21.288] [DEBUG] [] [fdd241dd833a44029695a899e221f8ce]: Using 'application/json', given [application/json, text/plain, */*] and supported [application/json, application/*+json]
[2026-05-02 05:48:21.288] [DEBUG] [] [fdd241dd833a44029695a899e221f8ce]: ===> Supports JSON Message Converter : true
[2026-05-02 05:48:21.288] [DEBUG] [] [fdd241dd833a44029695a899e221f8ce]: Writing [UserDTO(super=AbstractAuditableDTO(createdAt=2026-05-01T21:18:50.206341, createdBy=0, updatedAt=2026 (truncated)...]
[2026-05-02 05:48:21.288] [DEBUG] [] [fdd241dd833a44029695a899e221f8ce]: =========================================
[2026-05-02 05:48:21.289] [DEBUG] [] [fdd241dd833a44029695a899e221f8ce]: ===>> Output object : 

{
	"alg":"SALT_MD5",
	"code":200,
	"data":{
		"birthYear":1990,
		"createdAt":"2026-05-01 21:18:50",
		"createdBy":0,
		"delFlag":false,
		"email":"admin@staff.local",
		"id":1,
		"isVip":false,
		"lastLoginAt":"2026-05-01 21:45:13.229045",
		"nickname":"超级管理员",
		"staffRole":1,
		"stampsBalance":0,
		"status":1,
		"updatedAt":"2026-05-01 21:45:13",
		"updatedBy":0
	},
	"message":"OK",
	"success":true
} 
class cn.nine.pros.post.client.model.db.UserDTO

[2026-05-02 05:48:21.289] [DEBUG] [] [fdd241dd833a44029695a899e221f8ce]: =========================================
[2026-05-02 05:48:21.289] [DEBUG] [] [fdd241dd833a44029695a899e221f8ce]: ==> leave RequestContextHolder.
[2026-05-02 05:48:21.289] [DEBUG] [] [fdd241dd833a44029695a899e221f8ce]: ==> leave RequestContextHolder.
[2026-05-02 05:52:55.264] [DEBUG] [] []: ==》/webapi/user/paging -> into PreRequestContextFilter.
[2026-05-02 05:52:55.264] [DEBUG] [] [394e919d3e114b92b4de79b5aa0b6852]: 地址 /webapi/user/paging 进入过滤器
[2026-05-02 05:52:55.264] [DEBUG] [] []: ==》/webapi/user/paging -> into PreRequestContextFilter.
[2026-05-02 05:52:55.264] [DEBUG] [] []: ==》/webapi/auth/current -> into PreRequestContextFilter.
[2026-05-02 05:52:55.264] [DEBUG] [] [e103f243f1a34342b6e59ae310122936]: 地址 /webapi/auth/current 进入过滤器
[2026-05-02 05:52:55.264] [DEBUG] [] [e927bb5b5f0d46989c823ecea099fb51]: 地址 /webapi/user/paging 进入过滤器
[2026-05-02 05:52:55.265] [DEBUG] [] [e103f243f1a34342b6e59ae310122936]: ==>  Preparing: SELECT id,email,password_hash,nickname,birth_year,country_code,bio,avatar_url,stamps_balance,is_vip,vip_expire_at,status,staff_role,register_ip,last_login_at,created_at,created_by,updated_at,updated_by,del_flag FROM bu_user WHERE id=?
[2026-05-02 05:52:55.265] [DEBUG] [] [e103f243f1a34342b6e59ae310122936]: ==> Parameters: 1(Long)
[2026-05-02 05:52:55.267] [DEBUG] [] [394e919d3e114b92b4de79b5aa0b6852]: ==>  Preparing: SELECT id,email,password_hash,nickname,birth_year,country_code,bio,avatar_url,stamps_balance,is_vip,vip_expire_at,status,staff_role,register_ip,last_login_at,created_at,created_by,updated_at,updated_by,del_flag FROM bu_user WHERE (del_flag = ?) ORDER BY created_at DESC
[2026-05-02 05:52:55.267] [DEBUG] [] [394e919d3e114b92b4de79b5aa0b6852]: ==> Parameters: false(Boolean)
[2026-05-02 05:52:55.267] [DEBUG] [] [e103f243f1a34342b6e59ae310122936]: <==      Total: 1
[2026-05-02 05:52:55.267] [DEBUG] [] [e927bb5b5f0d46989c823ecea099fb51]: ==>  Preparing: SELECT id,email,password_hash,nickname,birth_year,country_code,bio,avatar_url,stamps_balance,is_vip,vip_expire_at,status,staff_role,register_ip,last_login_at,created_at,created_by,updated_at,updated_by,del_flag FROM bu_user WHERE (del_flag = ?) ORDER BY created_at DESC
[2026-05-02 05:52:55.267] [DEBUG] [] [e927bb5b5f0d46989c823ecea099fb51]: ==> Parameters: false(Boolean)
[2026-05-02 05:52:55.267] [DEBUG] [] [e103f243f1a34342b6e59ae310122936]: ===> Supports JSON Message Converter : true
[2026-05-02 05:52:55.267] [DEBUG] [] [e103f243f1a34342b6e59ae310122936]: Using 'application/json', given [application/json, text/plain, */*] and supported [application/json, application/*+json]
[2026-05-02 05:52:55.267] [DEBUG] [] [e103f243f1a34342b6e59ae310122936]: ===> Supports JSON Message Converter : true
[2026-05-02 05:52:55.267] [DEBUG] [] [e103f243f1a34342b6e59ae310122936]: Writing [UserDTO(super=AbstractAuditableDTO(createdAt=2026-05-01T21:18:50.206341, createdBy=0, updatedAt=2026 (truncated)...]
[2026-05-02 05:52:55.267] [DEBUG] [] [e103f243f1a34342b6e59ae310122936]: =========================================
[2026-05-02 05:52:55.267] [DEBUG] [] [e103f243f1a34342b6e59ae310122936]: ===>> Output object : 

{
	"alg":"SALT_MD5",
	"code":200,
	"data":{
		"birthYear":1990,
		"createdAt":"2026-05-01 21:18:50",
		"createdBy":0,
		"delFlag":false,
		"email":"admin@staff.local",
		"id":1,
		"isVip":false,
		"lastLoginAt":"2026-05-01 21:45:13.229045",
		"nickname":"超级管理员",
		"staffRole":1,
		"stampsBalance":0,
		"status":1,
		"updatedAt":"2026-05-01 21:45:13",
		"updatedBy":0
	},
	"message":"OK",
	"success":true
} 
class cn.nine.pros.post.client.model.db.UserDTO

[2026-05-02 05:52:55.267] [DEBUG] [] [e103f243f1a34342b6e59ae310122936]: =========================================
[2026-05-02 05:52:55.267] [DEBUG] [] [394e919d3e114b92b4de79b5aa0b6852]: <==      Total: 1
[2026-05-02 05:52:55.267] [DEBUG] [] [394e919d3e114b92b4de79b5aa0b6852]: ===> Supports JSON Message Converter : true
[2026-05-02 05:52:55.267] [DEBUG] [] [e927bb5b5f0d46989c823ecea099fb51]: <==      Total: 1
[2026-05-02 05:52:55.267] [DEBUG] [] [394e919d3e114b92b4de79b5aa0b6852]: Using 'application/json', given [application/json, text/plain, */*] and supported [application/json, application/*+json]
[2026-05-02 05:52:55.267] [DEBUG] [] [394e919d3e114b92b4de79b5aa0b6852]: ===> Supports JSON Message Converter : true
[2026-05-02 05:52:55.267] [DEBUG] [] [e103f243f1a34342b6e59ae310122936]: ==> leave RequestContextHolder.
[2026-05-02 05:52:55.267] [DEBUG] [] [e103f243f1a34342b6e59ae310122936]: ==> leave RequestContextHolder.
[2026-05-02 05:52:55.267] [DEBUG] [] [394e919d3e114b92b4de79b5aa0b6852]: Writing [PageData(total=0, page=1, size=50, pages=0, records=[UserDTO(super=AbstractAuditableDTO(createdAt=20 (truncated)...]
[2026-05-02 05:52:55.267] [DEBUG] [] [394e919d3e114b92b4de79b5aa0b6852]: =========================================
[2026-05-02 05:52:55.267] [DEBUG] [] [e927bb5b5f0d46989c823ecea099fb51]: ===> Supports JSON Message Converter : true
[2026-05-02 05:52:55.267] [DEBUG] [] [e927bb5b5f0d46989c823ecea099fb51]: Using 'application/json', given [application/json, text/plain, */*] and supported [application/json, application/*+json]
[2026-05-02 05:52:55.267] [DEBUG] [] [e927bb5b5f0d46989c823ecea099fb51]: ===> Supports JSON Message Converter : true
[2026-05-02 05:52:55.267] [DEBUG] [] [394e919d3e114b92b4de79b5aa0b6852]: ===>> Output object : 

{
	"alg":"SALT_MD5",
	"code":200,
	"data":{
		"empty":false,
		"page":1,
		"pages":0,
		"recordCount":1,
		"records":[
			{
				"birthYear":1990,
				"createdAt":"2026-05-01 21:18:50",
				"createdBy":0,
				"delFlag":false,
				"email":"admin@staff.local",
				"id":1,
				"isVip":false,
				"lastLoginAt":"2026-05-01 21:45:13.229045",
				"nickname":"超级管理员",
				"passwordHash":"$2a$10$YTUeGZqQ/xrX1d9V26669ubXuH90MthjRxhXxJV5EldtWdFm0WQbS",
				"staffRole":1,
				"stampsBalance":0,
				"status":1,
				"updatedAt":"2026-05-01 21:45:13",
				"updatedBy":0
			}
		],
		"size":50,
		"total":0
	},
	"message":"OK",
	"success":true
} 
cn.nine.commons.data.page.PageData<cn.nine.pros.post.client.model.db.UserDTO>

[2026-05-02 05:52:55.267] [DEBUG] [] [394e919d3e114b92b4de79b5aa0b6852]: =========================================
[2026-05-02 05:52:55.267] [DEBUG] [] [e927bb5b5f0d46989c823ecea099fb51]: Writing [PageData(total=0, page=1, size=50, pages=0, records=[UserDTO(super=AbstractAuditableDTO(createdAt=20 (truncated)...]
[2026-05-02 05:52:55.267] [DEBUG] [] [e927bb5b5f0d46989c823ecea099fb51]: =========================================
[2026-05-02 05:52:55.267] [DEBUG] [] [e927bb5b5f0d46989c823ecea099fb51]: ===>> Output object : 

{
	"alg":"SALT_MD5",
	"code":200,
	"data":{
		"empty":false,
		"page":1,
		"pages":0,
		"recordCount":1,
		"records":[
			{
				"birthYear":1990,
				"createdAt":"2026-05-01 21:18:50",
				"createdBy":0,
				"delFlag":false,
				"email":"admin@staff.local",
				"id":1,
				"isVip":false,
				"lastLoginAt":"2026-05-01 21:45:13.229045",
				"nickname":"超级管理员",
				"passwordHash":"$2a$10$YTUeGZqQ/xrX1d9V26669ubXuH90MthjRxhXxJV5EldtWdFm0WQbS",
				"staffRole":1,
				"stampsBalance":0,
				"status":1,
				"updatedAt":"2026-05-01 21:45:13",
				"updatedBy":0
			}
		],
		"size":50,
		"total":0
	},
	"message":"OK",
	"success":true
} 
cn.nine.commons.data.page.PageData<cn.nine.pros.post.client.model.db.UserDTO>

[2026-05-02 05:52:55.267] [DEBUG] [] [e927bb5b5f0d46989c823ecea099fb51]: =========================================
[2026-05-02 05:52:55.267] [DEBUG] [] [394e919d3e114b92b4de79b5aa0b6852]: ==> leave RequestContextHolder.
[2026-05-02 05:52:55.267] [DEBUG] [] [394e919d3e114b92b4de79b5aa0b6852]: ==> leave RequestContextHolder.
[2026-05-02 05:52:55.268] [DEBUG] [] [e927bb5b5f0d46989c823ecea099fb51]: ==> leave RequestContextHolder.
[2026-05-02 05:52:55.268] [DEBUG] [] [e927bb5b5f0d46989c823ecea099fb51]: ==> leave RequestContextHolder.
[2026-05-02 05:52:55.270] [DEBUG] [] []: ==》/webapi/auth/current -> into PreRequestContextFilter.
[2026-05-02 05:52:55.270] [DEBUG] [] [455b043dac25488a9864a1ba952c87a2]: 地址 /webapi/auth/current 进入过滤器
[2026-05-02 05:52:55.272] [DEBUG] [] [455b043dac25488a9864a1ba952c87a2]: ==>  Preparing: SELECT id,email,password_hash,nickname,birth_year,country_code,bio,avatar_url,stamps_balance,is_vip,vip_expire_at,status,staff_role,register_ip,last_login_at,created_at,created_by,updated_at,updated_by,del_flag FROM bu_user WHERE id=?
[2026-05-02 05:52:55.272] [DEBUG] [] [455b043dac25488a9864a1ba952c87a2]: ==> Parameters: 1(Long)
[2026-05-02 05:52:55.272] [DEBUG] [] [455b043dac25488a9864a1ba952c87a2]: <==      Total: 1
[2026-05-02 05:52:55.272] [DEBUG] [] [455b043dac25488a9864a1ba952c87a2]: ===> Supports JSON Message Converter : true
[2026-05-02 05:52:55.272] [DEBUG] [] [455b043dac25488a9864a1ba952c87a2]: Using 'application/json', given [application/json, text/plain, */*] and supported [application/json, application/*+json]
[2026-05-02 05:52:55.272] [DEBUG] [] [455b043dac25488a9864a1ba952c87a2]: ===> Supports JSON Message Converter : true
[2026-05-02 05:52:55.272] [DEBUG] [] [455b043dac25488a9864a1ba952c87a2]: Writing [UserDTO(super=AbstractAuditableDTO(createdAt=2026-05-01T21:18:50.206341, createdBy=0, updatedAt=2026 (truncated)...]
[2026-05-02 05:52:55.272] [DEBUG] [] [455b043dac25488a9864a1ba952c87a2]: =========================================
[2026-05-02 05:52:55.272] [DEBUG] [] [455b043dac25488a9864a1ba952c87a2]: ===>> Output object : 

{
	"alg":"SALT_MD5",
	"code":200,
	"data":{
		"birthYear":1990,
		"createdAt":"2026-05-01 21:18:50",
		"createdBy":0,
		"delFlag":false,
		"email":"admin@staff.local",
		"id":1,
		"isVip":false,
		"lastLoginAt":"2026-05-01 21:45:13.229045",
		"nickname":"超级管理员",
		"staffRole":1,
		"stampsBalance":0,
		"status":1,
		"updatedAt":"2026-05-01 21:45:13",
		"updatedBy":0
	},
	"message":"OK",
	"success":true
} 
class cn.nine.pros.post.client.model.db.UserDTO

[2026-05-02 05:52:55.272] [DEBUG] [] [455b043dac25488a9864a1ba952c87a2]: =========================================
[2026-05-02 05:52:55.272] [DEBUG] [] [455b043dac25488a9864a1ba952c87a2]: ==> leave RequestContextHolder.
[2026-05-02 05:52:55.272] [DEBUG] [] [455b043dac25488a9864a1ba952c87a2]: ==> leave RequestContextHolder.
[2026-05-02 05:59:21.307] [DEBUG] [] []: ==》/webapi/user/paging -> into PreRequestContextFilter.
[2026-05-02 05:59:21.307] [DEBUG] [] [402ca65638c0452ba7c0783f6c66ff81]: 地址 /webapi/user/paging 进入过滤器
[2026-05-02 05:59:21.309] [DEBUG] [] [402ca65638c0452ba7c0783f6c66ff81]: ==>  Preparing: SELECT id,email,password_hash,nickname,birth_year,country_code,bio,avatar_url,stamps_balance,is_vip,vip_expire_at,status,staff_role,register_ip,last_login_at,created_at,created_by,updated_at,updated_by,del_flag FROM bu_user WHERE (del_flag = ?) ORDER BY created_at DESC
[2026-05-02 05:59:21.309] [DEBUG] [] [402ca65638c0452ba7c0783f6c66ff81]: ==> Parameters: false(Boolean)
[2026-05-02 05:59:21.310] [DEBUG] [] [402ca65638c0452ba7c0783f6c66ff81]: <==      Total: 1
[2026-05-02 05:59:21.310] [DEBUG] [] [402ca65638c0452ba7c0783f6c66ff81]: ===> Supports JSON Message Converter : true
[2026-05-02 05:59:21.310] [DEBUG] [] [402ca65638c0452ba7c0783f6c66ff81]: Using 'application/json', given [application/json, text/plain, */*] and supported [application/json, application/*+json]
[2026-05-02 05:59:21.310] [DEBUG] [] [402ca65638c0452ba7c0783f6c66ff81]: ===> Supports JSON Message Converter : true
[2026-05-02 05:59:21.310] [DEBUG] [] [402ca65638c0452ba7c0783f6c66ff81]: Writing [PageData(total=0, page=1, size=50, pages=0, records=[UserDTO(super=AbstractAuditableDTO(createdAt=20 (truncated)...]
[2026-05-02 05:59:21.310] [DEBUG] [] [402ca65638c0452ba7c0783f6c66ff81]: =========================================
[2026-05-02 05:59:21.310] [DEBUG] [] [402ca65638c0452ba7c0783f6c66ff81]: ===>> Output object : 

{
	"alg":"SALT_MD5",
	"code":200,
	"data":{
		"empty":false,
		"page":1,
		"pages":0,
		"recordCount":1,
		"records":[
			{
				"birthYear":1990,
				"createdAt":"2026-05-01 21:18:50",
				"createdBy":0,
				"delFlag":false,
				"email":"admin@staff.local",
				"id":1,
				"isVip":false,
				"lastLoginAt":"2026-05-01 21:45:13.229045",
				"nickname":"超级管理员",
				"passwordHash":"$2a$10$YTUeGZqQ/xrX1d9V26669ubXuH90MthjRxhXxJV5EldtWdFm0WQbS",
				"staffRole":1,
				"stampsBalance":0,
				"status":1,
				"updatedAt":"2026-05-01 21:45:13",
				"updatedBy":0
			}
		],
		"size":50,
		"total":0
	},
	"message":"OK",
	"success":true
} 
cn.nine.commons.data.page.PageData<cn.nine.pros.post.client.model.db.UserDTO>

[2026-05-02 05:59:21.310] [DEBUG] [] [402ca65638c0452ba7c0783f6c66ff81]: =========================================
[2026-05-02 05:59:21.310] [DEBUG] [] [402ca65638c0452ba7c0783f6c66ff81]: ==> leave RequestContextHolder.
[2026-05-02 05:59:21.310] [DEBUG] [] [402ca65638c0452ba7c0783f6c66ff81]: ==> leave RequestContextHolder.
[2026-05-02 05:59:21.332] [DEBUG] [] []: ==》/webapi/user/paging -> into PreRequestContextFilter.
[2026-05-02 05:59:21.332] [DEBUG] [] [5944285bf673462aae7441a9f7ef52e6]: 地址 /webapi/user/paging 进入过滤器
[2026-05-02 05:59:21.332] [DEBUG] [] []: ==》/webapi/auth/current -> into PreRequestContextFilter.
[2026-05-02 05:59:21.332] [DEBUG] [] [2ca0b5d42a9746c4975682f9d54ed62f]: 地址 /webapi/auth/current 进入过滤器
[2026-05-02 05:59:21.334] [DEBUG] [] [2ca0b5d42a9746c4975682f9d54ed62f]: ==>  Preparing: SELECT id,email,password_hash,nickname,birth_year,country_code,bio,avatar_url,stamps_balance,is_vip,vip_expire_at,status,staff_role,register_ip,last_login_at,created_at,created_by,updated_at,updated_by,del_flag FROM bu_user WHERE id=?
[2026-05-02 05:59:21.334] [DEBUG] [] [2ca0b5d42a9746c4975682f9d54ed62f]: ==> Parameters: 1(Long)
[2026-05-02 05:59:21.334] [DEBUG] [] [5944285bf673462aae7441a9f7ef52e6]: ==>  Preparing: SELECT id,email,password_hash,nickname,birth_year,country_code,bio,avatar_url,stamps_balance,is_vip,vip_expire_at,status,staff_role,register_ip,last_login_at,created_at,created_by,updated_at,updated_by,del_flag FROM bu_user WHERE (del_flag = ?) ORDER BY created_at DESC
[2026-05-02 05:59:21.334] [DEBUG] [] [5944285bf673462aae7441a9f7ef52e6]: ==> Parameters: false(Boolean)
[2026-05-02 05:59:21.334] [DEBUG] [] [2ca0b5d42a9746c4975682f9d54ed62f]: <==      Total: 1
[2026-05-02 05:59:21.334] [DEBUG] [] [2ca0b5d42a9746c4975682f9d54ed62f]: ===> Supports JSON Message Converter : true
[2026-05-02 05:59:21.334] [DEBUG] [] [2ca0b5d42a9746c4975682f9d54ed62f]: Using 'application/json', given [application/json, text/plain, */*] and supported [application/json, application/*+json]
[2026-05-02 05:59:21.335] [DEBUG] [] [2ca0b5d42a9746c4975682f9d54ed62f]: ===> Supports JSON Message Converter : true
[2026-05-02 05:59:21.335] [DEBUG] [] [2ca0b5d42a9746c4975682f9d54ed62f]: Writing [UserDTO(super=AbstractAuditableDTO(createdAt=2026-05-01T21:18:50.206341, createdBy=0, updatedAt=2026 (truncated)...]
[2026-05-02 05:59:21.335] [DEBUG] [] [2ca0b5d42a9746c4975682f9d54ed62f]: =========================================
[2026-05-02 05:59:21.335] [DEBUG] [] [2ca0b5d42a9746c4975682f9d54ed62f]: ===>> Output object : 

{
	"alg":"SALT_MD5",
	"code":200,
	"data":{
		"birthYear":1990,
		"createdAt":"2026-05-01 21:18:50",
		"createdBy":0,
		"delFlag":false,
		"email":"admin@staff.local",
		"id":1,
		"isVip":false,
		"lastLoginAt":"2026-05-01 21:45:13.229045",
		"nickname":"超级管理员",
		"staffRole":1,
		"stampsBalance":0,
		"status":1,
		"updatedAt":"2026-05-01 21:45:13",
		"updatedBy":0
	},
	"message":"OK",
	"success":true
} 
class cn.nine.pros.post.client.model.db.UserDTO

[2026-05-02 05:59:21.335] [DEBUG] [] [2ca0b5d42a9746c4975682f9d54ed62f]: =========================================
[2026-05-02 05:59:21.335] [DEBUG] [] [2ca0b5d42a9746c4975682f9d54ed62f]: ==> leave RequestContextHolder.
[2026-05-02 05:59:21.335] [DEBUG] [] [2ca0b5d42a9746c4975682f9d54ed62f]: ==> leave RequestContextHolder.
[2026-05-02 05:59:21.335] [DEBUG] [] [5944285bf673462aae7441a9f7ef52e6]: <==      Total: 1
[2026-05-02 05:59:21.335] [DEBUG] [] [5944285bf673462aae7441a9f7ef52e6]: ===> Supports JSON Message Converter : true
[2026-05-02 05:59:21.335] [DEBUG] [] [5944285bf673462aae7441a9f7ef52e6]: Using 'application/json', given [application/json, text/plain, */*] and supported [application/json, application/*+json]
[2026-05-02 05:59:21.335] [DEBUG] [] [5944285bf673462aae7441a9f7ef52e6]: ===> Supports JSON Message Converter : true
[2026-05-02 05:59:21.335] [DEBUG] [] [5944285bf673462aae7441a9f7ef52e6]: Writing [PageData(total=0, page=1, size=50, pages=0, records=[UserDTO(super=AbstractAuditableDTO(createdAt=20 (truncated)...]
[2026-05-02 05:59:21.335] [DEBUG] [] [5944285bf673462aae7441a9f7ef52e6]: =========================================
[2026-05-02 05:59:21.335] [DEBUG] [] [5944285bf673462aae7441a9f7ef52e6]: ===>> Output object : 

{
	"alg":"SALT_MD5",
	"code":200,
	"data":{
		"empty":false,
		"page":1,
		"pages":0,
		"recordCount":1,
		"records":[
			{
				"birthYear":1990,
				"createdAt":"2026-05-01 21:18:50",
				"createdBy":0,
				"delFlag":false,
				"email":"admin@staff.local",
				"id":1,
				"isVip":false,
				"lastLoginAt":"2026-05-01 21:45:13.229045",
				"nickname":"超级管理员",
				"passwordHash":"$2a$10$YTUeGZqQ/xrX1d9V26669ubXuH90MthjRxhXxJV5EldtWdFm0WQbS",
				"staffRole":1,
				"stampsBalance":0,
				"status":1,
				"updatedAt":"2026-05-01 21:45:13",
				"updatedBy":0
			}
		],
		"size":50,
		"total":0
	},
	"message":"OK",
	"success":true
} 
cn.nine.commons.data.page.PageData<cn.nine.pros.post.client.model.db.UserDTO>

[2026-05-02 05:59:21.335] [DEBUG] [] [5944285bf673462aae7441a9f7ef52e6]: =========================================
[2026-05-02 05:59:21.336] [DEBUG] [] [5944285bf673462aae7441a9f7ef52e6]: ==> leave RequestContextHolder.
[2026-05-02 05:59:21.336] [DEBUG] [] [5944285bf673462aae7441a9f7ef52e6]: ==> leave RequestContextHolder.
[2026-05-02 05:59:21.336] [DEBUG] [] []: ==》/webapi/auth/current -> into PreRequestContextFilter.
[2026-05-02 05:59:21.336] [DEBUG] [] [88d6554e50ad45cbb37c9f974e3eae1a]: 地址 /webapi/auth/current 进入过滤器
[2026-05-02 05:59:21.337] [DEBUG] [] [88d6554e50ad45cbb37c9f974e3eae1a]: ==>  Preparing: SELECT id,email,password_hash,nickname,birth_year,country_code,bio,avatar_url,stamps_balance,is_vip,vip_expire_at,status,staff_role,register_ip,last_login_at,created_at,created_by,updated_at,updated_by,del_flag FROM bu_user WHERE id=?
[2026-05-02 05:59:21.337] [DEBUG] [] [88d6554e50ad45cbb37c9f974e3eae1a]: ==> Parameters: 1(Long)
[2026-05-02 05:59:21.338] [DEBUG] [] [88d6554e50ad45cbb37c9f974e3eae1a]: <==      Total: 1
[2026-05-02 05:59:21.338] [DEBUG] [] [88d6554e50ad45cbb37c9f974e3eae1a]: ===> Supports JSON Message Converter : true
[2026-05-02 05:59:21.338] [DEBUG] [] [88d6554e50ad45cbb37c9f974e3eae1a]: Using 'application/json', given [application/json, text/plain, */*] and supported [application/json, application/*+json]
[2026-05-02 05:59:21.338] [DEBUG] [] [88d6554e50ad45cbb37c9f974e3eae1a]: ===> Supports JSON Message Converter : true
[2026-05-02 05:59:21.338] [DEBUG] [] [88d6554e50ad45cbb37c9f974e3eae1a]: Writing [UserDTO(super=AbstractAuditableDTO(createdAt=2026-05-01T21:18:50.206341, createdBy=0, updatedAt=2026 (truncated)...]
[2026-05-02 05:59:21.338] [DEBUG] [] [88d6554e50ad45cbb37c9f974e3eae1a]: =========================================
[2026-05-02 05:59:21.338] [DEBUG] [] [88d6554e50ad45cbb37c9f974e3eae1a]: ===>> Output object : 

{
	"alg":"SALT_MD5",
	"code":200,
	"data":{
		"birthYear":1990,
		"createdAt":"2026-05-01 21:18:50",
		"createdBy":0,
		"delFlag":false,
		"email":"admin@staff.local",
		"id":1,
		"isVip":false,
		"lastLoginAt":"2026-05-01 21:45:13.229045",
		"nickname":"超级管理员",
		"staffRole":1,
		"stampsBalance":0,
		"status":1,
		"updatedAt":"2026-05-01 21:45:13",
		"updatedBy":0
	},
	"message":"OK",
	"success":true
} 
class cn.nine.pros.post.client.model.db.UserDTO

[2026-05-02 05:59:21.338] [DEBUG] [] [88d6554e50ad45cbb37c9f974e3eae1a]: =========================================
[2026-05-02 05:59:21.338] [DEBUG] [] [88d6554e50ad45cbb37c9f974e3eae1a]: ==> leave RequestContextHolder.
[2026-05-02 05:59:21.338] [DEBUG] [] [88d6554e50ad45cbb37c9f974e3eae1a]: ==> leave RequestContextHolder.
[2026-05-02 06:03:55.258] [DEBUG] [] []: ==》/webapi/user/paging -> into PreRequestContextFilter.
[2026-05-02 06:03:55.258] [DEBUG] [] [95d9cf9341634154bb9e065fde547aef]: 地址 /webapi/user/paging 进入过滤器
[2026-05-02 06:03:55.258] [DEBUG] [] []: ==》/webapi/user/paging -> into PreRequestContextFilter.
[2026-05-02 06:03:55.258] [DEBUG] [] [066b7bd3ff0a49058e3672cb09962eeb]: 地址 /webapi/user/paging 进入过滤器
[2026-05-02 06:03:55.258] [DEBUG] [] []: ==》/webapi/auth/current -> into PreRequestContextFilter.
[2026-05-02 06:03:55.258] [DEBUG] [] [5d75225dce5b49b3a1ed7fdbc4a683af]: 地址 /webapi/auth/current 进入过滤器
[2026-05-02 06:03:55.265] [DEBUG] [] [5d75225dce5b49b3a1ed7fdbc4a683af]: ==>  Preparing: SELECT id,email,password_hash,nickname,birth_year,country_code,bio,avatar_url,stamps_balance,is_vip,vip_expire_at,status,staff_role,register_ip,last_login_at,created_at,created_by,updated_at,updated_by,del_flag FROM bu_user WHERE id=?
[2026-05-02 06:03:55.265] [DEBUG] [] [5d75225dce5b49b3a1ed7fdbc4a683af]: ==> Parameters: 1(Long)
[2026-05-02 06:03:55.266] [DEBUG] [] [95d9cf9341634154bb9e065fde547aef]: ==>  Preparing: SELECT id,email,password_hash,nickname,birth_year,country_code,bio,avatar_url,stamps_balance,is_vip,vip_expire_at,status,staff_role,register_ip,last_login_at,created_at,created_by,updated_at,updated_by,del_flag FROM bu_user WHERE (del_flag = ?) ORDER BY created_at DESC
[2026-05-02 06:03:55.266] [DEBUG] [] [066b7bd3ff0a49058e3672cb09962eeb]: ==>  Preparing: SELECT id,email,password_hash,nickname,birth_year,country_code,bio,avatar_url,stamps_balance,is_vip,vip_expire_at,status,staff_role,register_ip,last_login_at,created_at,created_by,updated_at,updated_by,del_flag FROM bu_user WHERE (del_flag = ?) ORDER BY created_at DESC
[2026-05-02 06:03:55.266] [DEBUG] [] [95d9cf9341634154bb9e065fde547aef]: ==> Parameters: false(Boolean)
[2026-05-02 06:03:55.266] [DEBUG] [] [066b7bd3ff0a49058e3672cb09962eeb]: ==> Parameters: false(Boolean)
[2026-05-02 06:03:55.266] [DEBUG] [] [5d75225dce5b49b3a1ed7fdbc4a683af]: <==      Total: 1
[2026-05-02 06:03:55.266] [DEBUG] [] [5d75225dce5b49b3a1ed7fdbc4a683af]: ===> Supports JSON Message Converter : true
[2026-05-02 06:03:55.266] [DEBUG] [] [5d75225dce5b49b3a1ed7fdbc4a683af]: Using 'application/json', given [application/json, text/plain, */*] and supported [application/json, application/*+json]
[2026-05-02 06:03:55.266] [DEBUG] [] [5d75225dce5b49b3a1ed7fdbc4a683af]: ===> Supports JSON Message Converter : true
[2026-05-02 06:03:55.266] [DEBUG] [] [5d75225dce5b49b3a1ed7fdbc4a683af]: Writing [UserDTO(super=AbstractAuditableDTO(createdAt=2026-05-01T21:18:50.206341, createdBy=0, updatedAt=2026 (truncated)...]
[2026-05-02 06:03:55.266] [DEBUG] [] [5d75225dce5b49b3a1ed7fdbc4a683af]: =========================================
[2026-05-02 06:03:55.266] [DEBUG] [] [5d75225dce5b49b3a1ed7fdbc4a683af]: ===>> Output object : 

{
	"alg":"SALT_MD5",
	"code":200,
	"data":{
		"birthYear":1990,
		"createdAt":"2026-05-01 21:18:50",
		"createdBy":0,
		"delFlag":false,
		"email":"admin@staff.local",
		"id":1,
		"isVip":false,
		"lastLoginAt":"2026-05-01 21:45:13.229045",
		"nickname":"超级管理员",
		"staffRole":1,
		"stampsBalance":0,
		"status":1,
		"updatedAt":"2026-05-01 21:45:13",
		"updatedBy":0
	},
	"message":"OK",
	"success":true
} 
class cn.nine.pros.post.client.model.db.UserDTO

[2026-05-02 06:03:55.266] [DEBUG] [] [5d75225dce5b49b3a1ed7fdbc4a683af]: =========================================
[2026-05-02 06:03:55.267] [DEBUG] [] [066b7bd3ff0a49058e3672cb09962eeb]: <==      Total: 1
[2026-05-02 06:03:55.267] [DEBUG] [] [95d9cf9341634154bb9e065fde547aef]: <==      Total: 1
[2026-05-02 06:03:55.267] [DEBUG] [] [5d75225dce5b49b3a1ed7fdbc4a683af]: ==> leave RequestContextHolder.
[2026-05-02 06:03:55.267] [DEBUG] [] [5d75225dce5b49b3a1ed7fdbc4a683af]: ==> leave RequestContextHolder.
[2026-05-02 06:03:55.267] [DEBUG] [] [066b7bd3ff0a49058e3672cb09962eeb]: ===> Supports JSON Message Converter : true
[2026-05-02 06:03:55.267] [DEBUG] [] [95d9cf9341634154bb9e065fde547aef]: ===> Supports JSON Message Converter : true
[2026-05-02 06:03:55.267] [DEBUG] [] [066b7bd3ff0a49058e3672cb09962eeb]: Using 'application/json', given [application/json, text/plain, */*] and supported [application/json, application/*+json]
[2026-05-02 06:03:55.267] [DEBUG] [] [066b7bd3ff0a49058e3672cb09962eeb]: ===> Supports JSON Message Converter : true
[2026-05-02 06:03:55.267] [DEBUG] [] [95d9cf9341634154bb9e065fde547aef]: Using 'application/json', given [application/json, text/plain, */*] and supported [application/json, application/*+json]
[2026-05-02 06:03:55.267] [DEBUG] [] [95d9cf9341634154bb9e065fde547aef]: ===> Supports JSON Message Converter : true
[2026-05-02 06:03:55.267] [DEBUG] [] [066b7bd3ff0a49058e3672cb09962eeb]: Writing [PageData(total=0, page=1, size=50, pages=0, records=[UserDTO(super=AbstractAuditableDTO(createdAt=20 (truncated)...]
[2026-05-02 06:03:55.267] [DEBUG] [] [95d9cf9341634154bb9e065fde547aef]: Writing [PageData(total=0, page=1, size=50, pages=0, records=[UserDTO(super=AbstractAuditableDTO(createdAt=20 (truncated)...]
[2026-05-02 06:03:55.267] [DEBUG] [] [066b7bd3ff0a49058e3672cb09962eeb]: =========================================
[2026-05-02 06:03:55.267] [DEBUG] [] [066b7bd3ff0a49058e3672cb09962eeb]: ===>> Output object : 

{
	"alg":"SALT_MD5",
	"code":200,
	"data":{
		"empty":false,
		"page":1,
		"pages":0,
		"recordCount":1,
		"records":[
			{
				"birthYear":1990,
				"createdAt":"2026-05-01 21:18:50",
				"createdBy":0,
				"delFlag":false,
				"email":"admin@staff.local",
				"id":1,
				"isVip":false,
				"lastLoginAt":"2026-05-01 21:45:13.229045",
				"nickname":"超级管理员",
				"passwordHash":"$2a$10$YTUeGZqQ/xrX1d9V26669ubXuH90MthjRxhXxJV5EldtWdFm0WQbS",
				"staffRole":1,
				"stampsBalance":0,
				"status":1,
				"updatedAt":"2026-05-01 21:45:13",
				"updatedBy":0
			}
		],
		"size":50,
		"total":0
	},
	"message":"OK",
	"success":true
} 
cn.nine.commons.data.page.PageData<cn.nine.pros.post.client.model.db.UserDTO>

[2026-05-02 06:03:55.267] [DEBUG] [] [066b7bd3ff0a49058e3672cb09962eeb]: =========================================
[2026-05-02 06:03:55.267] [DEBUG] [] [95d9cf9341634154bb9e065fde547aef]: =========================================
[2026-05-02 06:03:55.268] [DEBUG] [] [95d9cf9341634154bb9e065fde547aef]: ===>> Output object : 

{
	"alg":"SALT_MD5",
	"code":200,
	"data":{
		"empty":false,
		"page":1,
		"pages":0,
		"recordCount":1,
		"records":[
			{
				"birthYear":1990,
				"createdAt":"2026-05-01 21:18:50",
				"createdBy":0,
				"delFlag":false,
				"email":"admin@staff.local",
				"id":1,
				"isVip":false,
				"lastLoginAt":"2026-05-01 21:45:13.229045",
				"nickname":"超级管理员",
				"passwordHash":"$2a$10$YTUeGZqQ/xrX1d9V26669ubXuH90MthjRxhXxJV5EldtWdFm0WQbS",
				"staffRole":1,
				"stampsBalance":0,
				"status":1,
				"updatedAt":"2026-05-01 21:45:13",
				"updatedBy":0
			}
		],
		"size":50,
		"total":0
	},
	"message":"OK",
	"success":true
} 
cn.nine.commons.data.page.PageData<cn.nine.pros.post.client.model.db.UserDTO>

[2026-05-02 06:03:55.268] [DEBUG] [] [95d9cf9341634154bb9e065fde547aef]: =========================================
[2026-05-02 06:03:55.268] [DEBUG] [] [066b7bd3ff0a49058e3672cb09962eeb]: ==> leave RequestContextHolder.
[2026-05-02 06:03:55.268] [DEBUG] [] [066b7bd3ff0a49058e3672cb09962eeb]: ==> leave RequestContextHolder.
[2026-05-02 06:03:55.268] [DEBUG] [] [95d9cf9341634154bb9e065fde547aef]: ==> leave RequestContextHolder.
[2026-05-02 06:03:55.268] [DEBUG] [] [95d9cf9341634154bb9e065fde547aef]: ==> leave RequestContextHolder.
[2026-05-02 06:03:55.270] [DEBUG] [] []: ==》/webapi/auth/current -> into PreRequestContextFilter.
[2026-05-02 06:03:55.271] [DEBUG] [] [81b49be30e014ab5815c4f3705e9051a]: 地址 /webapi/auth/current 进入过滤器
[2026-05-02 06:03:55.273] [DEBUG] [] [81b49be30e014ab5815c4f3705e9051a]: ==>  Preparing: SELECT id,email,password_hash,nickname,birth_year,country_code,bio,avatar_url,stamps_balance,is_vip,vip_expire_at,status,staff_role,register_ip,last_login_at,created_at,created_by,updated_at,updated_by,del_flag FROM bu_user WHERE id=?
[2026-05-02 06:03:55.273] [DEBUG] [] [81b49be30e014ab5815c4f3705e9051a]: ==> Parameters: 1(Long)
[2026-05-02 06:03:55.274] [DEBUG] [] [81b49be30e014ab5815c4f3705e9051a]: <==      Total: 1
[2026-05-02 06:03:55.274] [DEBUG] [] [81b49be30e014ab5815c4f3705e9051a]: ===> Supports JSON Message Converter : true
[2026-05-02 06:03:55.275] [DEBUG] [] [81b49be30e014ab5815c4f3705e9051a]: Using 'application/json', given [application/json, text/plain, */*] and supported [application/json, application/*+json]
[2026-05-02 06:03:55.275] [DEBUG] [] [81b49be30e014ab5815c4f3705e9051a]: ===> Supports JSON Message Converter : true
[2026-05-02 06:03:55.275] [DEBUG] [] [81b49be30e014ab5815c4f3705e9051a]: Writing [UserDTO(super=AbstractAuditableDTO(createdAt=2026-05-01T21:18:50.206341, createdBy=0, updatedAt=2026 (truncated)...]
[2026-05-02 06:03:55.275] [DEBUG] [] [81b49be30e014ab5815c4f3705e9051a]: =========================================
[2026-05-02 06:03:55.275] [DEBUG] [] [81b49be30e014ab5815c4f3705e9051a]: ===>> Output object : 

{
	"alg":"SALT_MD5",
	"code":200,
	"data":{
		"birthYear":1990,
		"createdAt":"2026-05-01 21:18:50",
		"createdBy":0,
		"delFlag":false,
		"email":"admin@staff.local",
		"id":1,
		"isVip":false,
		"lastLoginAt":"2026-05-01 21:45:13.229045",
		"nickname":"超级管理员",
		"staffRole":1,
		"stampsBalance":0,
		"status":1,
		"updatedAt":"2026-05-01 21:45:13",
		"updatedBy":0
	},
	"message":"OK",
	"success":true
} 
class cn.nine.pros.post.client.model.db.UserDTO

[2026-05-02 06:03:55.275] [DEBUG] [] [81b49be30e014ab5815c4f3705e9051a]: =========================================
[2026-05-02 06:03:55.275] [DEBUG] [] [81b49be30e014ab5815c4f3705e9051a]: ==> leave RequestContextHolder.
[2026-05-02 06:03:55.275] [DEBUG] [] [81b49be30e014ab5815c4f3705e9051a]: ==> leave RequestContextHolder.
[2026-05-02 06:09:21.271] [DEBUG] [] []: ==》/webapi/user/paging -> into PreRequestContextFilter.
[2026-05-02 06:09:21.271] [DEBUG] [] [add1fc6ae9cc4d5ab2b8e7eea71a387b]: 地址 /webapi/user/paging 进入过滤器
[2026-05-02 06:09:21.271] [DEBUG] [] []: ==》/webapi/user/paging -> into PreRequestContextFilter.
[2026-05-02 06:09:21.271] [DEBUG] [] [fdd36684d8cf4a9c8b71f413c205651f]: 地址 /webapi/user/paging 进入过滤器
[2026-05-02 06:09:21.272] [DEBUG] [] []: ==》/webapi/auth/current -> into PreRequestContextFilter.
[2026-05-02 06:09:21.272] [DEBUG] [] [aa7ad0f2979944329af6e969e84ce960]: 地址 /webapi/auth/current 进入过滤器
[2026-05-02 06:09:21.277] [DEBUG] [] [aa7ad0f2979944329af6e969e84ce960]: ==>  Preparing: SELECT id,email,password_hash,nickname,birth_year,country_code,bio,avatar_url,stamps_balance,is_vip,vip_expire_at,status,staff_role,register_ip,last_login_at,created_at,created_by,updated_at,updated_by,del_flag FROM bu_user WHERE id=?
[2026-05-02 06:09:21.277] [DEBUG] [] [aa7ad0f2979944329af6e969e84ce960]: ==> Parameters: 1(Long)
[2026-05-02 06:09:21.279] [DEBUG] [] [add1fc6ae9cc4d5ab2b8e7eea71a387b]: ==>  Preparing: SELECT id,email,password_hash,nickname,birth_year,country_code,bio,avatar_url,stamps_balance,is_vip,vip_expire_at,status,staff_role,register_ip,last_login_at,created_at,created_by,updated_at,updated_by,del_flag FROM bu_user WHERE (del_flag = ?) ORDER BY created_at DESC
[2026-05-02 06:09:21.279] [DEBUG] [] [fdd36684d8cf4a9c8b71f413c205651f]: ==>  Preparing: SELECT id,email,password_hash,nickname,birth_year,country_code,bio,avatar_url,stamps_balance,is_vip,vip_expire_at,status,staff_role,register_ip,last_login_at,created_at,created_by,updated_at,updated_by,del_flag FROM bu_user WHERE (del_flag = ?) ORDER BY created_at DESC
[2026-05-02 06:09:21.279] [DEBUG] [] [add1fc6ae9cc4d5ab2b8e7eea71a387b]: ==> Parameters: false(Boolean)
[2026-05-02 06:09:21.279] [DEBUG] [] [fdd36684d8cf4a9c8b71f413c205651f]: ==> Parameters: false(Boolean)
[2026-05-02 06:09:21.282] [DEBUG] [] [aa7ad0f2979944329af6e969e84ce960]: <==      Total: 1
[2026-05-02 06:09:21.282] [DEBUG] [] [aa7ad0f2979944329af6e969e84ce960]: ===> Supports JSON Message Converter : true
[2026-05-02 06:09:21.282] [DEBUG] [] [aa7ad0f2979944329af6e969e84ce960]: Using 'application/json', given [application/json, text/plain, */*] and supported [application/json, application/*+json]
[2026-05-02 06:09:21.282] [DEBUG] [] [aa7ad0f2979944329af6e969e84ce960]: ===> Supports JSON Message Converter : true
[2026-05-02 06:09:21.282] [DEBUG] [] [aa7ad0f2979944329af6e969e84ce960]: Writing [UserDTO(super=AbstractAuditableDTO(createdAt=2026-05-01T21:18:50.206341, createdBy=0, updatedAt=2026 (truncated)...]
[2026-05-02 06:09:21.282] [DEBUG] [] [fdd36684d8cf4a9c8b71f413c205651f]: <==      Total: 1
[2026-05-02 06:09:21.282] [DEBUG] [] [aa7ad0f2979944329af6e969e84ce960]: =========================================
[2026-05-02 06:09:21.282] [DEBUG] [] [aa7ad0f2979944329af6e969e84ce960]: ===>> Output object : 

{
	"alg":"SALT_MD5",
	"code":200,
	"data":{
		"birthYear":1990,
		"createdAt":"2026-05-01 21:18:50",
		"createdBy":0,
		"delFlag":false,
		"email":"admin@staff.local",
		"id":1,
		"isVip":false,
		"lastLoginAt":"2026-05-01 21:45:13.229045",
		"nickname":"超级管理员",
		"staffRole":1,
		"stampsBalance":0,
		"status":1,
		"updatedAt":"2026-05-01 21:45:13",
		"updatedBy":0
	},
	"message":"OK",
	"success":true
} 
class cn.nine.pros.post.client.model.db.UserDTO

[2026-05-02 06:09:21.282] [DEBUG] [] [aa7ad0f2979944329af6e969e84ce960]: =========================================
[2026-05-02 06:09:21.282] [DEBUG] [] [add1fc6ae9cc4d5ab2b8e7eea71a387b]: <==      Total: 1
[2026-05-02 06:09:21.282] [DEBUG] [] [fdd36684d8cf4a9c8b71f413c205651f]: ===> Supports JSON Message Converter : true
[2026-05-02 06:09:21.282] [DEBUG] [] [fdd36684d8cf4a9c8b71f413c205651f]: Using 'application/json', given [application/json, text/plain, */*] and supported [application/json, application/*+json]
[2026-05-02 06:09:21.282] [DEBUG] [] [add1fc6ae9cc4d5ab2b8e7eea71a387b]: ===> Supports JSON Message Converter : true
[2026-05-02 06:09:21.282] [DEBUG] [] [fdd36684d8cf4a9c8b71f413c205651f]: ===> Supports JSON Message Converter : true
[2026-05-02 06:09:21.282] [DEBUG] [] [add1fc6ae9cc4d5ab2b8e7eea71a387b]: Using 'application/json', given [application/json, text/plain, */*] and supported [application/json, application/*+json]
[2026-05-02 06:09:21.282] [DEBUG] [] [add1fc6ae9cc4d5ab2b8e7eea71a387b]: ===> Supports JSON Message Converter : true
[2026-05-02 06:09:21.282] [DEBUG] [] [fdd36684d8cf4a9c8b71f413c205651f]: Writing [PageData(total=0, page=1, size=50, pages=0, records=[UserDTO(super=AbstractAuditableDTO(createdAt=20 (truncated)...]
[2026-05-02 06:09:21.282] [DEBUG] [] [fdd36684d8cf4a9c8b71f413c205651f]: =========================================
[2026-05-02 06:09:21.282] [DEBUG] [] [add1fc6ae9cc4d5ab2b8e7eea71a387b]: Writing [PageData(total=0, page=1, size=50, pages=0, records=[UserDTO(super=AbstractAuditableDTO(createdAt=20 (truncated)...]
[2026-05-02 06:09:21.282] [DEBUG] [] [fdd36684d8cf4a9c8b71f413c205651f]: ===>> Output object : 

{
	"alg":"SALT_MD5",
	"code":200,
	"data":{
		"empty":false,
		"page":1,
		"pages":0,
		"recordCount":1,
		"records":[
			{
				"birthYear":1990,
				"createdAt":"2026-05-01 21:18:50",
				"createdBy":0,
				"delFlag":false,
				"email":"admin@staff.local",
				"id":1,
				"isVip":false,
				"lastLoginAt":"2026-05-01 21:45:13.229045",
				"nickname":"超级管理员",
				"passwordHash":"$2a$10$YTUeGZqQ/xrX1d9V26669ubXuH90MthjRxhXxJV5EldtWdFm0WQbS",
				"staffRole":1,
				"stampsBalance":0,
				"status":1,
				"updatedAt":"2026-05-01 21:45:13",
				"updatedBy":0
			}
		],
		"size":50,
		"total":0
	},
	"message":"OK",
	"success":true
} 
cn.nine.commons.data.page.PageData<cn.nine.pros.post.client.model.db.UserDTO>

[2026-05-02 06:09:21.282] [DEBUG] [] [aa7ad0f2979944329af6e969e84ce960]: ==> leave RequestContextHolder.
[2026-05-02 06:09:21.282] [DEBUG] [] [fdd36684d8cf4a9c8b71f413c205651f]: =========================================
[2026-05-02 06:09:21.282] [DEBUG] [] [aa7ad0f2979944329af6e969e84ce960]: ==> leave RequestContextHolder.
[2026-05-02 06:09:21.282] [DEBUG] [] [add1fc6ae9cc4d5ab2b8e7eea71a387b]: =========================================
[2026-05-02 06:09:21.282] [DEBUG] [] [add1fc6ae9cc4d5ab2b8e7eea71a387b]: ===>> Output object : 

{
	"alg":"SALT_MD5",
	"code":200,
	"data":{
		"empty":false,
		"page":1,
		"pages":0,
		"recordCount":1,
		"records":[
			{
				"birthYear":1990,
				"createdAt":"2026-05-01 21:18:50",
				"createdBy":0,
				"delFlag":false,
				"email":"admin@staff.local",
				"id":1,
				"isVip":false,
				"lastLoginAt":"2026-05-01 21:45:13.229045",
				"nickname":"超级管理员",
				"passwordHash":"$2a$10$YTUeGZqQ/xrX1d9V26669ubXuH90MthjRxhXxJV5EldtWdFm0WQbS",
				"staffRole":1,
				"stampsBalance":0,
				"status":1,
				"updatedAt":"2026-05-01 21:45:13",
				"updatedBy":0
			}
		],
		"size":50,
		"total":0
	},
	"message":"OK",
	"success":true
} 
cn.nine.commons.data.page.PageData<cn.nine.pros.post.client.model.db.UserDTO>

[2026-05-02 06:09:21.282] [DEBUG] [] [add1fc6ae9cc4d5ab2b8e7eea71a387b]: =========================================
[2026-05-02 06:09:21.282] [DEBUG] [] [fdd36684d8cf4a9c8b71f413c205651f]: ==> leave RequestContextHolder.
[2026-05-02 06:09:21.282] [DEBUG] [] [fdd36684d8cf4a9c8b71f413c205651f]: ==> leave RequestContextHolder.
[2026-05-02 06:09:21.282] [DEBUG] [] [add1fc6ae9cc4d5ab2b8e7eea71a387b]: ==> leave RequestContextHolder.
[2026-05-02 06:09:21.282] [DEBUG] [] [add1fc6ae9cc4d5ab2b8e7eea71a387b]: ==> leave RequestContextHolder.
[2026-05-02 06:09:21.285] [DEBUG] [] []: ==》/webapi/auth/current -> into PreRequestContextFilter.
[2026-05-02 06:09:21.285] [DEBUG] [] [f1dc8d78864e4e99a6dddf285a35b4e6]: 地址 /webapi/auth/current 进入过滤器
[2026-05-02 06:09:21.286] [DEBUG] [] [f1dc8d78864e4e99a6dddf285a35b4e6]: ==>  Preparing: SELECT id,email,password_hash,nickname,birth_year,country_code,bio,avatar_url,stamps_balance,is_vip,vip_expire_at,status,staff_role,register_ip,last_login_at,created_at,created_by,updated_at,updated_by,del_flag FROM bu_user WHERE id=?
[2026-05-02 06:09:21.286] [DEBUG] [] [f1dc8d78864e4e99a6dddf285a35b4e6]: ==> Parameters: 1(Long)
[2026-05-02 06:09:21.287] [DEBUG] [] [f1dc8d78864e4e99a6dddf285a35b4e6]: <==      Total: 1
[2026-05-02 06:09:21.287] [DEBUG] [] [f1dc8d78864e4e99a6dddf285a35b4e6]: ===> Supports JSON Message Converter : true
[2026-05-02 06:09:21.287] [DEBUG] [] [f1dc8d78864e4e99a6dddf285a35b4e6]: Using 'application/json', given [application/json, text/plain, */*] and supported [application/json, application/*+json]
[2026-05-02 06:09:21.287] [DEBUG] [] [f1dc8d78864e4e99a6dddf285a35b4e6]: ===> Supports JSON Message Converter : true
[2026-05-02 06:09:21.287] [DEBUG] [] [f1dc8d78864e4e99a6dddf285a35b4e6]: Writing [UserDTO(super=AbstractAuditableDTO(createdAt=2026-05-01T21:18:50.206341, createdBy=0, updatedAt=2026 (truncated)...]
[2026-05-02 06:09:21.287] [DEBUG] [] [f1dc8d78864e4e99a6dddf285a35b4e6]: =========================================
[2026-05-02 06:09:21.287] [DEBUG] [] [f1dc8d78864e4e99a6dddf285a35b4e6]: ===>> Output object : 

{
	"alg":"SALT_MD5",
	"code":200,
	"data":{
		"birthYear":1990,
		"createdAt":"2026-05-01 21:18:50",
		"createdBy":0,
		"delFlag":false,
		"email":"admin@staff.local",
		"id":1,
		"isVip":false,
		"lastLoginAt":"2026-05-01 21:45:13.229045",
		"nickname":"超级管理员",
		"staffRole":1,
		"stampsBalance":0,
		"status":1,
		"updatedAt":"2026-05-01 21:45:13",
		"updatedBy":0
	},
	"message":"OK",
	"success":true
} 
class cn.nine.pros.post.client.model.db.UserDTO

[2026-05-02 06:09:21.287] [DEBUG] [] [f1dc8d78864e4e99a6dddf285a35b4e6]: =========================================
[2026-05-02 06:09:21.287] [DEBUG] [] [f1dc8d78864e4e99a6dddf285a35b4e6]: ==> leave RequestContextHolder.
[2026-05-02 06:09:21.287] [DEBUG] [] [f1dc8d78864e4e99a6dddf285a35b4e6]: ==> leave RequestContextHolder.
[2026-05-02 06:13:55.226] [DEBUG] [] []: ==》/webapi/user/paging -> into PreRequestContextFilter.
[2026-05-02 06:13:55.228] [DEBUG] [] [85b0e1378ed541dc970c445bd11f9fe6]: 地址 /webapi/user/paging 进入过滤器
[2026-05-02 06:13:55.228] [DEBUG] [] []: ==》/webapi/auth/current -> into PreRequestContextFilter.
[2026-05-02 06:13:55.228] [DEBUG] [] []: ==》/webapi/user/paging -> into PreRequestContextFilter.
[2026-05-02 06:13:55.228] [DEBUG] [] [ca9f19586bc54f909ed45594bf992cbf]: 地址 /webapi/auth/current 进入过滤器
[2026-05-02 06:13:55.228] [DEBUG] [] [d2b0800c687a482f9405e97539111e3c]: 地址 /webapi/user/paging 进入过滤器
[2026-05-02 06:13:55.235] [DEBUG] [] [ca9f19586bc54f909ed45594bf992cbf]: ==>  Preparing: SELECT id,email,password_hash,nickname,birth_year,country_code,bio,avatar_url,stamps_balance,is_vip,vip_expire_at,status,staff_role,register_ip,last_login_at,created_at,created_by,updated_at,updated_by,del_flag FROM bu_user WHERE id=?
[2026-05-02 06:13:55.235] [DEBUG] [] [ca9f19586bc54f909ed45594bf992cbf]: ==> Parameters: 1(Long)
[2026-05-02 06:13:55.236] [DEBUG] [] [d2b0800c687a482f9405e97539111e3c]: ==>  Preparing: SELECT id,email,password_hash,nickname,birth_year,country_code,bio,avatar_url,stamps_balance,is_vip,vip_expire_at,status,staff_role,register_ip,last_login_at,created_at,created_by,updated_at,updated_by,del_flag FROM bu_user WHERE (del_flag = ?) ORDER BY created_at DESC
[2026-05-02 06:13:55.236] [DEBUG] [] [d2b0800c687a482f9405e97539111e3c]: ==> Parameters: false(Boolean)
[2026-05-02 06:13:55.236] [DEBUG] [] [ca9f19586bc54f909ed45594bf992cbf]: <==      Total: 1
[2026-05-02 06:13:55.236] [DEBUG] [] [85b0e1378ed541dc970c445bd11f9fe6]: ==>  Preparing: SELECT id,email,password_hash,nickname,birth_year,country_code,bio,avatar_url,stamps_balance,is_vip,vip_expire_at,status,staff_role,register_ip,last_login_at,created_at,created_by,updated_at,updated_by,del_flag FROM bu_user WHERE (del_flag = ?) ORDER BY created_at DESC
[2026-05-02 06:13:55.236] [DEBUG] [] [ca9f19586bc54f909ed45594bf992cbf]: ===> Supports JSON Message Converter : true
[2026-05-02 06:13:55.236] [DEBUG] [] [ca9f19586bc54f909ed45594bf992cbf]: Using 'application/json', given [application/json, text/plain, */*] and supported [application/json, application/*+json]
[2026-05-02 06:13:55.236] [DEBUG] [] [ca9f19586bc54f909ed45594bf992cbf]: ===> Supports JSON Message Converter : true
[2026-05-02 06:13:55.236] [DEBUG] [] [85b0e1378ed541dc970c445bd11f9fe6]: ==> Parameters: false(Boolean)
[2026-05-02 06:13:55.236] [DEBUG] [] [ca9f19586bc54f909ed45594bf992cbf]: Writing [UserDTO(super=AbstractAuditableDTO(createdAt=2026-05-01T21:18:50.206341, createdBy=0, updatedAt=2026 (truncated)...]
[2026-05-02 06:13:55.236] [DEBUG] [] [ca9f19586bc54f909ed45594bf992cbf]: =========================================
[2026-05-02 06:13:55.236] [DEBUG] [] [ca9f19586bc54f909ed45594bf992cbf]: ===>> Output object : 

{
	"alg":"SALT_MD5",
	"code":200,
	"data":{
		"birthYear":1990,
		"createdAt":"2026-05-01 21:18:50",
		"createdBy":0,
		"delFlag":false,
		"email":"admin@staff.local",
		"id":1,
		"isVip":false,
		"lastLoginAt":"2026-05-01 21:45:13.229045",
		"nickname":"超级管理员",
		"staffRole":1,
		"stampsBalance":0,
		"status":1,
		"updatedAt":"2026-05-01 21:45:13",
		"updatedBy":0
	},
	"message":"OK",
	"success":true
} 
class cn.nine.pros.post.client.model.db.UserDTO

[2026-05-02 06:13:55.236] [DEBUG] [] [ca9f19586bc54f909ed45594bf992cbf]: =========================================
[2026-05-02 06:13:55.236] [DEBUG] [] [d2b0800c687a482f9405e97539111e3c]: <==      Total: 1
[2026-05-02 06:13:55.236] [DEBUG] [] [d2b0800c687a482f9405e97539111e3c]: ===> Supports JSON Message Converter : true
[2026-05-02 06:13:55.236] [DEBUG] [] [d2b0800c687a482f9405e97539111e3c]: Using 'application/json', given [application/json, text/plain, */*] and supported [application/json, application/*+json]
[2026-05-02 06:13:55.236] [DEBUG] [] [d2b0800c687a482f9405e97539111e3c]: ===> Supports JSON Message Converter : true
[2026-05-02 06:13:55.236] [DEBUG] [] [d2b0800c687a482f9405e97539111e3c]: Writing [PageData(total=0, page=1, size=50, pages=0, records=[UserDTO(super=AbstractAuditableDTO(createdAt=20 (truncated)...]
[2026-05-02 06:13:55.236] [DEBUG] [] [ca9f19586bc54f909ed45594bf992cbf]: ==> leave RequestContextHolder.
[2026-05-02 06:13:55.236] [DEBUG] [] [ca9f19586bc54f909ed45594bf992cbf]: ==> leave RequestContextHolder.
[2026-05-02 06:13:55.236] [DEBUG] [] [d2b0800c687a482f9405e97539111e3c]: =========================================
[2026-05-02 06:13:55.236] [DEBUG] [] [d2b0800c687a482f9405e97539111e3c]: ===>> Output object : 

{
	"alg":"SALT_MD5",
	"code":200,
	"data":{
		"empty":false,
		"page":1,
		"pages":0,
		"recordCount":1,
		"records":[
			{
				"birthYear":1990,
				"createdAt":"2026-05-01 21:18:50",
				"createdBy":0,
				"delFlag":false,
				"email":"admin@staff.local",
				"id":1,
				"isVip":false,
				"lastLoginAt":"2026-05-01 21:45:13.229045",
				"nickname":"超级管理员",
				"passwordHash":"$2a$10$YTUeGZqQ/xrX1d9V26669ubXuH90MthjRxhXxJV5EldtWdFm0WQbS",
				"staffRole":1,
				"stampsBalance":0,
				"status":1,
				"updatedAt":"2026-05-01 21:45:13",
				"updatedBy":0
			}
		],
		"size":50,
		"total":0
	},
	"message":"OK",
	"success":true
} 
cn.nine.commons.data.page.PageData<cn.nine.pros.post.client.model.db.UserDTO>

[2026-05-02 06:13:55.236] [DEBUG] [] [d2b0800c687a482f9405e97539111e3c]: =========================================
[2026-05-02 06:13:55.238] [DEBUG] [] [d2b0800c687a482f9405e97539111e3c]: ==> leave RequestContextHolder.
[2026-05-02 06:13:55.238] [DEBUG] [] [d2b0800c687a482f9405e97539111e3c]: ==> leave RequestContextHolder.
[2026-05-02 06:13:55.243] [DEBUG] [] [85b0e1378ed541dc970c445bd11f9fe6]: <==      Total: 1
[2026-05-02 06:13:55.244] [DEBUG] [] [85b0e1378ed541dc970c445bd11f9fe6]: ===> Supports JSON Message Converter : true
[2026-05-02 06:13:55.244] [DEBUG] [] [85b0e1378ed541dc970c445bd11f9fe6]: Using 'application/json', given [application/json, text/plain, */*] and supported [application/json, application/*+json]
[2026-05-02 06:13:55.244] [DEBUG] [] [85b0e1378ed541dc970c445bd11f9fe6]: ===> Supports JSON Message Converter : true
[2026-05-02 06:13:55.244] [DEBUG] [] [85b0e1378ed541dc970c445bd11f9fe6]: Writing [PageData(total=0, page=1, size=50, pages=0, records=[UserDTO(super=AbstractAuditableDTO(createdAt=20 (truncated)...]
[2026-05-02 06:13:55.244] [DEBUG] [] [85b0e1378ed541dc970c445bd11f9fe6]: =========================================
[2026-05-02 06:13:55.244] [DEBUG] [] [85b0e1378ed541dc970c445bd11f9fe6]: ===>> Output object : 

{
	"alg":"SALT_MD5",
	"code":200,
	"data":{
		"empty":false,
		"page":1,
		"pages":0,
		"recordCount":1,
		"records":[
			{
				"birthYear":1990,
				"createdAt":"2026-05-01 21:18:50",
				"createdBy":0,
				"delFlag":false,
				"email":"admin@staff.local",
				"id":1,
				"isVip":false,
				"lastLoginAt":"2026-05-01 21:45:13.229045",
				"nickname":"超级管理员",
				"passwordHash":"$2a$10$YTUeGZqQ/xrX1d9V26669ubXuH90MthjRxhXxJV5EldtWdFm0WQbS",
				"staffRole":1,
				"stampsBalance":0,
				"status":1,
				"updatedAt":"2026-05-01 21:45:13",
				"updatedBy":0
			}
		],
		"size":50,
		"total":0
	},
	"message":"OK",
	"success":true
} 
cn.nine.commons.data.page.PageData<cn.nine.pros.post.client.model.db.UserDTO>

[2026-05-02 06:13:55.244] [DEBUG] [] [85b0e1378ed541dc970c445bd11f9fe6]: =========================================
[2026-05-02 06:13:55.244] [DEBUG] [] [85b0e1378ed541dc970c445bd11f9fe6]: ==> leave RequestContextHolder.
[2026-05-02 06:13:55.244] [DEBUG] [] [85b0e1378ed541dc970c445bd11f9fe6]: ==> leave RequestContextHolder.
[2026-05-02 06:13:55.262] [DEBUG] [] []: ==》/webapi/auth/current -> into PreRequestContextFilter.
[2026-05-02 06:13:55.262] [DEBUG] [] [0bb671fd36664a40a21cb22399ea1062]: 地址 /webapi/auth/current 进入过滤器
[2026-05-02 06:13:55.262] [DEBUG] [] [0bb671fd36664a40a21cb22399ea1062]: ==>  Preparing: SELECT id,email,password_hash,nickname,birth_year,country_code,bio,avatar_url,stamps_balance,is_vip,vip_expire_at,status,staff_role,register_ip,last_login_at,created_at,created_by,updated_at,updated_by,del_flag FROM bu_user WHERE id=?
[2026-05-02 06:13:55.264] [DEBUG] [] [0bb671fd36664a40a21cb22399ea1062]: ==> Parameters: 1(Long)
[2026-05-02 06:13:55.264] [DEBUG] [] [0bb671fd36664a40a21cb22399ea1062]: <==      Total: 1
[2026-05-02 06:13:55.264] [DEBUG] [] [0bb671fd36664a40a21cb22399ea1062]: ===> Supports JSON Message Converter : true
[2026-05-02 06:13:55.264] [DEBUG] [] [0bb671fd36664a40a21cb22399ea1062]: Using 'application/json', given [application/json, text/plain, */*] and supported [application/json, application/*+json]
[2026-05-02 06:13:55.264] [DEBUG] [] [0bb671fd36664a40a21cb22399ea1062]: ===> Supports JSON Message Converter : true
[2026-05-02 06:13:55.264] [DEBUG] [] [0bb671fd36664a40a21cb22399ea1062]: Writing [UserDTO(super=AbstractAuditableDTO(createdAt=2026-05-01T21:18:50.206341, createdBy=0, updatedAt=2026 (truncated)...]
[2026-05-02 06:13:55.264] [DEBUG] [] [0bb671fd36664a40a21cb22399ea1062]: =========================================
[2026-05-02 06:13:55.264] [DEBUG] [] [0bb671fd36664a40a21cb22399ea1062]: ===>> Output object : 

{
	"alg":"SALT_MD5",
	"code":200,
	"data":{
		"birthYear":1990,
		"createdAt":"2026-05-01 21:18:50",
		"createdBy":0,
		"delFlag":false,
		"email":"admin@staff.local",
		"id":1,
		"isVip":false,
		"lastLoginAt":"2026-05-01 21:45:13.229045",
		"nickname":"超级管理员",
		"staffRole":1,
		"stampsBalance":0,
		"status":1,
		"updatedAt":"2026-05-01 21:45:13",
		"updatedBy":0
	},
	"message":"OK",
	"success":true
} 
class cn.nine.pros.post.client.model.db.UserDTO

[2026-05-02 06:13:55.264] [DEBUG] [] [0bb671fd36664a40a21cb22399ea1062]: =========================================
[2026-05-02 06:13:55.264] [DEBUG] [] [0bb671fd36664a40a21cb22399ea1062]: ==> leave RequestContextHolder.
[2026-05-02 06:13:55.264] [DEBUG] [] [0bb671fd36664a40a21cb22399ea1062]: ==> leave RequestContextHolder.
[2026-05-02 06:20:21.289] [DEBUG] [] []: ==》/webapi/user/paging -> into PreRequestContextFilter.
[2026-05-02 06:20:21.289] [DEBUG] [] [00b651779c9c4ad98b3d398697843259]: 地址 /webapi/user/paging 进入过滤器
[2026-05-02 06:20:21.290] [DEBUG] [] []: ==》/webapi/user/paging -> into PreRequestContextFilter.
[2026-05-02 06:20:21.290] [DEBUG] [] []: ==》/webapi/auth/current -> into PreRequestContextFilter.
[2026-05-02 06:20:21.290] [DEBUG] [] [4178b4a1474d447cb841d359b80831ae]: 地址 /webapi/user/paging 进入过滤器
[2026-05-02 06:20:21.290] [DEBUG] [] [7ecf9720af034056bcfc04f2a1a7c735]: 地址 /webapi/auth/current 进入过滤器
[2026-05-02 06:20:21.296] [DEBUG] [] [7ecf9720af034056bcfc04f2a1a7c735]: ==>  Preparing: SELECT id,email,password_hash,nickname,birth_year,country_code,bio,avatar_url,stamps_balance,is_vip,vip_expire_at,status,staff_role,register_ip,last_login_at,created_at,created_by,updated_at,updated_by,del_flag FROM bu_user WHERE id=?
[2026-05-02 06:20:21.296] [DEBUG] [] [7ecf9720af034056bcfc04f2a1a7c735]: ==> Parameters: 1(Long)
[2026-05-02 06:20:21.296] [DEBUG] [] [00b651779c9c4ad98b3d398697843259]: ==>  Preparing: SELECT id,email,password_hash,nickname,birth_year,country_code,bio,avatar_url,stamps_balance,is_vip,vip_expire_at,status,staff_role,register_ip,last_login_at,created_at,created_by,updated_at,updated_by,del_flag FROM bu_user WHERE (del_flag = ?) ORDER BY created_at DESC
[2026-05-02 06:20:21.297] [DEBUG] [] [4178b4a1474d447cb841d359b80831ae]: ==>  Preparing: SELECT id,email,password_hash,nickname,birth_year,country_code,bio,avatar_url,stamps_balance,is_vip,vip_expire_at,status,staff_role,register_ip,last_login_at,created_at,created_by,updated_at,updated_by,del_flag FROM bu_user WHERE (del_flag = ?) ORDER BY created_at DESC
[2026-05-02 06:20:21.297] [DEBUG] [] [4178b4a1474d447cb841d359b80831ae]: ==> Parameters: false(Boolean)
[2026-05-02 06:20:21.297] [DEBUG] [] [00b651779c9c4ad98b3d398697843259]: ==> Parameters: false(Boolean)
[2026-05-02 06:20:21.297] [DEBUG] [] [7ecf9720af034056bcfc04f2a1a7c735]: <==      Total: 1
[2026-05-02 06:20:21.297] [DEBUG] [] [00b651779c9c4ad98b3d398697843259]: <==      Total: 1
[2026-05-02 06:20:21.297] [DEBUG] [] [4178b4a1474d447cb841d359b80831ae]: <==      Total: 1
[2026-05-02 06:20:21.297] [DEBUG] [] [7ecf9720af034056bcfc04f2a1a7c735]: ===> Supports JSON Message Converter : true
[2026-05-02 06:20:21.297] [DEBUG] [] [4178b4a1474d447cb841d359b80831ae]: ===> Supports JSON Message Converter : true
[2026-05-02 06:20:21.297] [DEBUG] [] [00b651779c9c4ad98b3d398697843259]: ===> Supports JSON Message Converter : true
[2026-05-02 06:20:21.297] [DEBUG] [] [4178b4a1474d447cb841d359b80831ae]: Using 'application/json', given [application/json, text/plain, */*] and supported [application/json, application/*+json]
[2026-05-02 06:20:21.297] [DEBUG] [] [00b651779c9c4ad98b3d398697843259]: Using 'application/json', given [application/json, text/plain, */*] and supported [application/json, application/*+json]
[2026-05-02 06:20:21.297] [DEBUG] [] [00b651779c9c4ad98b3d398697843259]: ===> Supports JSON Message Converter : true
[2026-05-02 06:20:21.297] [DEBUG] [] [7ecf9720af034056bcfc04f2a1a7c735]: Using 'application/json', given [application/json, text/plain, */*] and supported [application/json, application/*+json]
[2026-05-02 06:20:21.297] [DEBUG] [] [4178b4a1474d447cb841d359b80831ae]: ===> Supports JSON Message Converter : true
[2026-05-02 06:20:21.297] [DEBUG] [] [7ecf9720af034056bcfc04f2a1a7c735]: ===> Supports JSON Message Converter : true
[2026-05-02 06:20:21.297] [DEBUG] [] [00b651779c9c4ad98b3d398697843259]: Writing [PageData(total=0, page=1, size=50, pages=0, records=[UserDTO(super=AbstractAuditableDTO(createdAt=20 (truncated)...]
[2026-05-02 06:20:21.297] [DEBUG] [] [4178b4a1474d447cb841d359b80831ae]: Writing [PageData(total=0, page=1, size=50, pages=0, records=[UserDTO(super=AbstractAuditableDTO(createdAt=20 (truncated)...]
[2026-05-02 06:20:21.297] [DEBUG] [] [7ecf9720af034056bcfc04f2a1a7c735]: Writing [UserDTO(super=AbstractAuditableDTO(createdAt=2026-05-01T21:18:50.206341, createdBy=0, updatedAt=2026 (truncated)...]
[2026-05-02 06:20:21.297] [DEBUG] [] [4178b4a1474d447cb841d359b80831ae]: =========================================
[2026-05-02 06:20:21.297] [DEBUG] [] [4178b4a1474d447cb841d359b80831ae]: ===>> Output object : 

{
	"alg":"SALT_MD5",
	"code":200,
	"data":{
		"empty":false,
		"page":1,
		"pages":0,
		"recordCount":1,
		"records":[
			{
				"birthYear":1990,
				"createdAt":"2026-05-01 21:18:50",
				"createdBy":0,
				"delFlag":false,
				"email":"admin@staff.local",
				"id":1,
				"isVip":false,
				"lastLoginAt":"2026-05-01 21:45:13.229045",
				"nickname":"超级管理员",
				"passwordHash":"$2a$10$YTUeGZqQ/xrX1d9V26669ubXuH90MthjRxhXxJV5EldtWdFm0WQbS",
				"staffRole":1,
				"stampsBalance":0,
				"status":1,
				"updatedAt":"2026-05-01 21:45:13",
				"updatedBy":0
			}
		],
		"size":50,
		"total":0
	},
	"message":"OK",
	"success":true
} 
cn.nine.commons.data.page.PageData<cn.nine.pros.post.client.model.db.UserDTO>

[2026-05-02 06:20:21.297] [DEBUG] [] [4178b4a1474d447cb841d359b80831ae]: =========================================
[2026-05-02 06:20:21.297] [DEBUG] [] [00b651779c9c4ad98b3d398697843259]: =========================================
[2026-05-02 06:20:21.297] [DEBUG] [] [00b651779c9c4ad98b3d398697843259]: ===>> Output object : 

{
	"alg":"SALT_MD5",
	"code":200,
	"data":{
		"empty":false,
		"page":1,
		"pages":0,
		"recordCount":1,
		"records":[
			{
				"birthYear":1990,
				"createdAt":"2026-05-01 21:18:50",
				"createdBy":0,
				"delFlag":false,
				"email":"admin@staff.local",
				"id":1,
				"isVip":false,
				"lastLoginAt":"2026-05-01 21:45:13.229045",
				"nickname":"超级管理员",
				"passwordHash":"$2a$10$YTUeGZqQ/xrX1d9V26669ubXuH90MthjRxhXxJV5EldtWdFm0WQbS",
				"staffRole":1,
				"stampsBalance":0,
				"status":1,
				"updatedAt":"2026-05-01 21:45:13",
				"updatedBy":0
			}
		],
		"size":50,
		"total":0
	},
	"message":"OK",
	"success":true
} 
cn.nine.commons.data.page.PageData<cn.nine.pros.post.client.model.db.UserDTO>

[2026-05-02 06:20:21.297] [DEBUG] [] [00b651779c9c4ad98b3d398697843259]: =========================================
[2026-05-02 06:20:21.297] [DEBUG] [] [7ecf9720af034056bcfc04f2a1a7c735]: =========================================
[2026-05-02 06:20:21.297] [DEBUG] [] [7ecf9720af034056bcfc04f2a1a7c735]: ===>> Output object : 

{
	"alg":"SALT_MD5",
	"code":200,
	"data":{
		"birthYear":1990,
		"createdAt":"2026-05-01 21:18:50",
		"createdBy":0,
		"delFlag":false,
		"email":"admin@staff.local",
		"id":1,
		"isVip":false,
		"lastLoginAt":"2026-05-01 21:45:13.229045",
		"nickname":"超级管理员",
		"staffRole":1,
		"stampsBalance":0,
		"status":1,
		"updatedAt":"2026-05-01 21:45:13",
		"updatedBy":0
	},
	"message":"OK",
	"success":true
} 
class cn.nine.pros.post.client.model.db.UserDTO

[2026-05-02 06:20:21.297] [DEBUG] [] [7ecf9720af034056bcfc04f2a1a7c735]: =========================================
[2026-05-02 06:20:21.298] [DEBUG] [] [7ecf9720af034056bcfc04f2a1a7c735]: ==> leave RequestContextHolder.
[2026-05-02 06:20:21.298] [DEBUG] [] [7ecf9720af034056bcfc04f2a1a7c735]: ==> leave RequestContextHolder.
[2026-05-02 06:20:21.298] [DEBUG] [] [00b651779c9c4ad98b3d398697843259]: ==> leave RequestContextHolder.
[2026-05-02 06:20:21.298] [DEBUG] [] [4178b4a1474d447cb841d359b80831ae]: ==> leave RequestContextHolder.
[2026-05-02 06:20:21.298] [DEBUG] [] [00b651779c9c4ad98b3d398697843259]: ==> leave RequestContextHolder.
[2026-05-02 06:20:21.298] [DEBUG] [] [4178b4a1474d447cb841d359b80831ae]: ==> leave RequestContextHolder.
[2026-05-02 06:20:21.299] [DEBUG] [] []: ==》/webapi/auth/current -> into PreRequestContextFilter.
[2026-05-02 06:20:21.299] [DEBUG] [] [f13b9ef4e21b480b971cc97cbefa08ae]: 地址 /webapi/auth/current 进入过滤器
[2026-05-02 06:20:21.300] [DEBUG] [] [f13b9ef4e21b480b971cc97cbefa08ae]: ==>  Preparing: SELECT id,email,password_hash,nickname,birth_year,country_code,bio,avatar_url,stamps_balance,is_vip,vip_expire_at,status,staff_role,register_ip,last_login_at,created_at,created_by,updated_at,updated_by,del_flag FROM bu_user WHERE id=?
[2026-05-02 06:20:21.300] [DEBUG] [] [f13b9ef4e21b480b971cc97cbefa08ae]: ==> Parameters: 1(Long)
[2026-05-02 06:20:21.301] [DEBUG] [] [f13b9ef4e21b480b971cc97cbefa08ae]: <==      Total: 1
[2026-05-02 06:20:21.301] [DEBUG] [] [f13b9ef4e21b480b971cc97cbefa08ae]: ===> Supports JSON Message Converter : true
[2026-05-02 06:20:21.301] [DEBUG] [] [f13b9ef4e21b480b971cc97cbefa08ae]: Using 'application/json', given [application/json, text/plain, */*] and supported [application/json, application/*+json]
[2026-05-02 06:20:21.301] [DEBUG] [] [f13b9ef4e21b480b971cc97cbefa08ae]: ===> Supports JSON Message Converter : true
[2026-05-02 06:20:21.302] [DEBUG] [] [f13b9ef4e21b480b971cc97cbefa08ae]: Writing [UserDTO(super=AbstractAuditableDTO(createdAt=2026-05-01T21:18:50.206341, createdBy=0, updatedAt=2026 (truncated)...]
[2026-05-02 06:20:21.302] [DEBUG] [] [f13b9ef4e21b480b971cc97cbefa08ae]: =========================================
[2026-05-02 06:20:21.302] [DEBUG] [] [f13b9ef4e21b480b971cc97cbefa08ae]: ===>> Output object : 

{
	"alg":"SALT_MD5",
	"code":200,
	"data":{
		"birthYear":1990,
		"createdAt":"2026-05-01 21:18:50",
		"createdBy":0,
		"delFlag":false,
		"email":"admin@staff.local",
		"id":1,
		"isVip":false,
		"lastLoginAt":"2026-05-01 21:45:13.229045",
		"nickname":"超级管理员",
		"staffRole":1,
		"stampsBalance":0,
		"status":1,
		"updatedAt":"2026-05-01 21:45:13",
		"updatedBy":0
	},
	"message":"OK",
	"success":true
} 
class cn.nine.pros.post.client.model.db.UserDTO

[2026-05-02 06:20:21.302] [DEBUG] [] [f13b9ef4e21b480b971cc97cbefa08ae]: =========================================
[2026-05-02 06:20:21.302] [DEBUG] [] [f13b9ef4e21b480b971cc97cbefa08ae]: ==> leave RequestContextHolder.
[2026-05-02 06:20:21.302] [DEBUG] [] [f13b9ef4e21b480b971cc97cbefa08ae]: ==> leave RequestContextHolder.
[2026-05-02 06:24:55.271] [DEBUG] [] []: ==》/webapi/user/paging -> into PreRequestContextFilter.
[2026-05-02 06:24:55.273] [DEBUG] [] [02d3226e18c4440ca1c93194d7a387bc]: 地址 /webapi/user/paging 进入过滤器
[2026-05-02 06:24:55.273] [DEBUG] [] []: ==》/webapi/user/paging -> into PreRequestContextFilter.
[2026-05-02 06:24:55.273] [DEBUG] [] [9dafcc0ce07b4794829ed93e47ad86e3]: 地址 /webapi/user/paging 进入过滤器
[2026-05-02 06:24:55.273] [DEBUG] [] []: ==》/webapi/auth/current -> into PreRequestContextFilter.
[2026-05-02 06:24:55.273] [DEBUG] [] [ca2a8ef02388432a90e9aaa7afc1beec]: 地址 /webapi/auth/current 进入过滤器
[2026-05-02 06:24:55.274] [DEBUG] [] [ca2a8ef02388432a90e9aaa7afc1beec]: ==>  Preparing: SELECT id,email,password_hash,nickname,birth_year,country_code,bio,avatar_url,stamps_balance,is_vip,vip_expire_at,status,staff_role,register_ip,last_login_at,created_at,created_by,updated_at,updated_by,del_flag FROM bu_user WHERE id=?
[2026-05-02 06:24:55.274] [DEBUG] [] [ca2a8ef02388432a90e9aaa7afc1beec]: ==> Parameters: 1(Long)
[2026-05-02 06:24:55.274] [DEBUG] [] [02d3226e18c4440ca1c93194d7a387bc]: ==>  Preparing: SELECT id,email,password_hash,nickname,birth_year,country_code,bio,avatar_url,stamps_balance,is_vip,vip_expire_at,status,staff_role,register_ip,last_login_at,created_at,created_by,updated_at,updated_by,del_flag FROM bu_user WHERE (del_flag = ?) ORDER BY created_at DESC
[2026-05-02 06:24:55.274] [DEBUG] [] [9dafcc0ce07b4794829ed93e47ad86e3]: ==>  Preparing: SELECT id,email,password_hash,nickname,birth_year,country_code,bio,avatar_url,stamps_balance,is_vip,vip_expire_at,status,staff_role,register_ip,last_login_at,created_at,created_by,updated_at,updated_by,del_flag FROM bu_user WHERE (del_flag = ?) ORDER BY created_at DESC
[2026-05-02 06:24:55.274] [DEBUG] [] [02d3226e18c4440ca1c93194d7a387bc]: ==> Parameters: false(Boolean)
[2026-05-02 06:24:55.274] [DEBUG] [] [9dafcc0ce07b4794829ed93e47ad86e3]: ==> Parameters: false(Boolean)
[2026-05-02 06:24:55.275] [DEBUG] [] [ca2a8ef02388432a90e9aaa7afc1beec]: <==      Total: 1
[2026-05-02 06:24:55.275] [DEBUG] [] [9dafcc0ce07b4794829ed93e47ad86e3]: <==      Total: 1
[2026-05-02 06:24:55.275] [DEBUG] [] [02d3226e18c4440ca1c93194d7a387bc]: <==      Total: 1
[2026-05-02 06:24:55.275] [DEBUG] [] [ca2a8ef02388432a90e9aaa7afc1beec]: ===> Supports JSON Message Converter : true
[2026-05-02 06:24:55.275] [DEBUG] [] [02d3226e18c4440ca1c93194d7a387bc]: ===> Supports JSON Message Converter : true
[2026-05-02 06:24:55.275] [DEBUG] [] [ca2a8ef02388432a90e9aaa7afc1beec]: Using 'application/json', given [application/json, text/plain, */*] and supported [application/json, application/*+json]
[2026-05-02 06:24:55.275] [DEBUG] [] [02d3226e18c4440ca1c93194d7a387bc]: Using 'application/json', given [application/json, text/plain, */*] and supported [application/json, application/*+json]
[2026-05-02 06:24:55.275] [DEBUG] [] [ca2a8ef02388432a90e9aaa7afc1beec]: ===> Supports JSON Message Converter : true
[2026-05-02 06:24:55.275] [DEBUG] [] [ca2a8ef02388432a90e9aaa7afc1beec]: Writing [UserDTO(super=AbstractAuditableDTO(createdAt=2026-05-01T21:18:50.206341, createdBy=0, updatedAt=2026 (truncated)...]
[2026-05-02 06:24:55.275] [DEBUG] [] [9dafcc0ce07b4794829ed93e47ad86e3]: ===> Supports JSON Message Converter : true
[2026-05-02 06:24:55.275] [DEBUG] [] [02d3226e18c4440ca1c93194d7a387bc]: ===> Supports JSON Message Converter : true
[2026-05-02 06:24:55.275] [DEBUG] [] [9dafcc0ce07b4794829ed93e47ad86e3]: Using 'application/json', given [application/json, text/plain, */*] and supported [application/json, application/*+json]
[2026-05-02 06:24:55.275] [DEBUG] [] [ca2a8ef02388432a90e9aaa7afc1beec]: =========================================
[2026-05-02 06:24:55.275] [DEBUG] [] [02d3226e18c4440ca1c93194d7a387bc]: Writing [PageData(total=0, page=1, size=50, pages=0, records=[UserDTO(super=AbstractAuditableDTO(createdAt=20 (truncated)...]
[2026-05-02 06:24:55.275] [DEBUG] [] [9dafcc0ce07b4794829ed93e47ad86e3]: ===> Supports JSON Message Converter : true
[2026-05-02 06:24:55.275] [DEBUG] [] [9dafcc0ce07b4794829ed93e47ad86e3]: Writing [PageData(total=0, page=1, size=50, pages=0, records=[UserDTO(super=AbstractAuditableDTO(createdAt=20 (truncated)...]
[2026-05-02 06:24:55.275] [DEBUG] [] [ca2a8ef02388432a90e9aaa7afc1beec]: ===>> Output object : 

{
	"alg":"SALT_MD5",
	"code":200,
	"data":{
		"birthYear":1990,
		"createdAt":"2026-05-01 21:18:50",
		"createdBy":0,
		"delFlag":false,
		"email":"admin@staff.local",
		"id":1,
		"isVip":false,
		"lastLoginAt":"2026-05-01 21:45:13.229045",
		"nickname":"超级管理员",
		"staffRole":1,
		"stampsBalance":0,
		"status":1,
		"updatedAt":"2026-05-01 21:45:13",
		"updatedBy":0
	},
	"message":"OK",
	"success":true
} 
class cn.nine.pros.post.client.model.db.UserDTO

[2026-05-02 06:24:55.275] [DEBUG] [] [ca2a8ef02388432a90e9aaa7afc1beec]: =========================================
[2026-05-02 06:24:55.275] [DEBUG] [] [9dafcc0ce07b4794829ed93e47ad86e3]: =========================================
[2026-05-02 06:24:55.275] [DEBUG] [] [9dafcc0ce07b4794829ed93e47ad86e3]: ===>> Output object : 

{
	"alg":"SALT_MD5",
	"code":200,
	"data":{
		"empty":false,
		"page":1,
		"pages":0,
		"recordCount":1,
		"records":[
			{
				"birthYear":1990,
				"createdAt":"2026-05-01 21:18:50",
				"createdBy":0,
				"delFlag":false,
				"email":"admin@staff.local",
				"id":1,
				"isVip":false,
				"lastLoginAt":"2026-05-01 21:45:13.229045",
				"nickname":"超级管理员",
				"passwordHash":"$2a$10$YTUeGZqQ/xrX1d9V26669ubXuH90MthjRxhXxJV5EldtWdFm0WQbS",
				"staffRole":1,
				"stampsBalance":0,
				"status":1,
				"updatedAt":"2026-05-01 21:45:13",
				"updatedBy":0
			}
		],
		"size":50,
		"total":0
	},
	"message":"OK",
	"success":true
} 
cn.nine.commons.data.page.PageData<cn.nine.pros.post.client.model.db.UserDTO>

[2026-05-02 06:24:55.275] [DEBUG] [] [9dafcc0ce07b4794829ed93e47ad86e3]: =========================================
[2026-05-02 06:24:55.275] [DEBUG] [] [02d3226e18c4440ca1c93194d7a387bc]: =========================================
[2026-05-02 06:24:55.275] [DEBUG] [] [02d3226e18c4440ca1c93194d7a387bc]: ===>> Output object : 

{
	"alg":"SALT_MD5",
	"code":200,
	"data":{
		"empty":false,
		"page":1,
		"pages":0,
		"recordCount":1,
		"records":[
			{
				"birthYear":1990,
				"createdAt":"2026-05-01 21:18:50",
				"createdBy":0,
				"delFlag":false,
				"email":"admin@staff.local",
				"id":1,
				"isVip":false,
				"lastLoginAt":"2026-05-01 21:45:13.229045",
				"nickname":"超级管理员",
				"passwordHash":"$2a$10$YTUeGZqQ/xrX1d9V26669ubXuH90MthjRxhXxJV5EldtWdFm0WQbS",
				"staffRole":1,
				"stampsBalance":0,
				"status":1,
				"updatedAt":"2026-05-01 21:45:13",
				"updatedBy":0
			}
		],
		"size":50,
		"total":0
	},
	"message":"OK",
	"success":true
} 
cn.nine.commons.data.page.PageData<cn.nine.pros.post.client.model.db.UserDTO>

[2026-05-02 06:24:55.275] [DEBUG] [] [02d3226e18c4440ca1c93194d7a387bc]: =========================================
[2026-05-02 06:24:55.275] [DEBUG] [] [9dafcc0ce07b4794829ed93e47ad86e3]: ==> leave RequestContextHolder.
[2026-05-02 06:24:55.275] [DEBUG] [] [ca2a8ef02388432a90e9aaa7afc1beec]: ==> leave RequestContextHolder.
[2026-05-02 06:24:55.275] [DEBUG] [] [9dafcc0ce07b4794829ed93e47ad86e3]: ==> leave RequestContextHolder.
[2026-05-02 06:24:55.275] [DEBUG] [] [ca2a8ef02388432a90e9aaa7afc1beec]: ==> leave RequestContextHolder.
[2026-05-02 06:24:55.275] [DEBUG] [] [02d3226e18c4440ca1c93194d7a387bc]: ==> leave RequestContextHolder.
[2026-05-02 06:24:55.275] [DEBUG] [] [02d3226e18c4440ca1c93194d7a387bc]: ==> leave RequestContextHolder.
[2026-05-02 06:24:55.277] [DEBUG] [] []: ==》/webapi/auth/current -> into PreRequestContextFilter.
[2026-05-02 06:24:55.277] [DEBUG] [] [f7d4cdef491d4e45896229d912c5ede8]: 地址 /webapi/auth/current 进入过滤器
[2026-05-02 06:24:55.279] [DEBUG] [] [f7d4cdef491d4e45896229d912c5ede8]: ==>  Preparing: SELECT id,email,password_hash,nickname,birth_year,country_code,bio,avatar_url,stamps_balance,is_vip,vip_expire_at,status,staff_role,register_ip,last_login_at,created_at,created_by,updated_at,updated_by,del_flag FROM bu_user WHERE id=?
[2026-05-02 06:24:55.279] [DEBUG] [] [f7d4cdef491d4e45896229d912c5ede8]: ==> Parameters: 1(Long)
[2026-05-02 06:24:55.279] [DEBUG] [] [f7d4cdef491d4e45896229d912c5ede8]: <==      Total: 1
[2026-05-02 06:24:55.279] [DEBUG] [] [f7d4cdef491d4e45896229d912c5ede8]: ===> Supports JSON Message Converter : true
[2026-05-02 06:24:55.279] [DEBUG] [] [f7d4cdef491d4e45896229d912c5ede8]: Using 'application/json', given [application/json, text/plain, */*] and supported [application/json, application/*+json]
[2026-05-02 06:24:55.279] [DEBUG] [] [f7d4cdef491d4e45896229d912c5ede8]: ===> Supports JSON Message Converter : true
[2026-05-02 06:24:55.279] [DEBUG] [] [f7d4cdef491d4e45896229d912c5ede8]: Writing [UserDTO(super=AbstractAuditableDTO(createdAt=2026-05-01T21:18:50.206341, createdBy=0, updatedAt=2026 (truncated)...]
[2026-05-02 06:24:55.279] [DEBUG] [] [f7d4cdef491d4e45896229d912c5ede8]: =========================================
[2026-05-02 06:24:55.279] [DEBUG] [] [f7d4cdef491d4e45896229d912c5ede8]: ===>> Output object : 

{
	"alg":"SALT_MD5",
	"code":200,
	"data":{
		"birthYear":1990,
		"createdAt":"2026-05-01 21:18:50",
		"createdBy":0,
		"delFlag":false,
		"email":"admin@staff.local",
		"id":1,
		"isVip":false,
		"lastLoginAt":"2026-05-01 21:45:13.229045",
		"nickname":"超级管理员",
		"staffRole":1,
		"stampsBalance":0,
		"status":1,
		"updatedAt":"2026-05-01 21:45:13",
		"updatedBy":0
	},
	"message":"OK",
	"success":true
} 
class cn.nine.pros.post.client.model.db.UserDTO

[2026-05-02 06:24:55.279] [DEBUG] [] [f7d4cdef491d4e45896229d912c5ede8]: =========================================
[2026-05-02 06:24:55.279] [DEBUG] [] [f7d4cdef491d4e45896229d912c5ede8]: ==> leave RequestContextHolder.
[2026-05-02 06:24:55.279] [DEBUG] [] [f7d4cdef491d4e45896229d912c5ede8]: ==> leave RequestContextHolder.
[2026-05-02 06:30:21.270] [DEBUG] [] []: ==》/webapi/user/paging -> into PreRequestContextFilter.
[2026-05-02 06:30:21.271] [DEBUG] [] [bcbb57a057764bdcb4387e4261afac16]: 地址 /webapi/user/paging 进入过滤器
[2026-05-02 06:30:21.271] [DEBUG] [] []: ==》/webapi/user/paging -> into PreRequestContextFilter.
[2026-05-02 06:30:21.271] [DEBUG] [] [64189dc7fa8a482cb130fdbe6d631986]: 地址 /webapi/user/paging 进入过滤器
[2026-05-02 06:30:21.271] [DEBUG] [] []: ==》/webapi/auth/current -> into PreRequestContextFilter.
[2026-05-02 06:30:21.271] [DEBUG] [] [dd8adf6198ec4723a0494cdfd069fd3f]: 地址 /webapi/auth/current 进入过滤器
[2026-05-02 06:30:21.272] [DEBUG] [] [dd8adf6198ec4723a0494cdfd069fd3f]: ==>  Preparing: SELECT id,email,password_hash,nickname,birth_year,country_code,bio,avatar_url,stamps_balance,is_vip,vip_expire_at,status,staff_role,register_ip,last_login_at,created_at,created_by,updated_at,updated_by,del_flag FROM bu_user WHERE id=?
[2026-05-02 06:30:21.272] [DEBUG] [] [dd8adf6198ec4723a0494cdfd069fd3f]: ==> Parameters: 1(Long)
[2026-05-02 06:30:21.272] [DEBUG] [] [dd8adf6198ec4723a0494cdfd069fd3f]: <==      Total: 1
[2026-05-02 06:30:21.272] [DEBUG] [] [64189dc7fa8a482cb130fdbe6d631986]: ==>  Preparing: SELECT id,email,password_hash,nickname,birth_year,country_code,bio,avatar_url,stamps_balance,is_vip,vip_expire_at,status,staff_role,register_ip,last_login_at,created_at,created_by,updated_at,updated_by,del_flag FROM bu_user WHERE (del_flag = ?) ORDER BY created_at DESC
[2026-05-02 06:30:21.272] [DEBUG] [] [dd8adf6198ec4723a0494cdfd069fd3f]: ===> Supports JSON Message Converter : true
[2026-05-02 06:30:21.272] [DEBUG] [] [64189dc7fa8a482cb130fdbe6d631986]: ==> Parameters: false(Boolean)
[2026-05-02 06:30:21.272] [DEBUG] [] [dd8adf6198ec4723a0494cdfd069fd3f]: Using 'application/json', given [application/json, text/plain, */*] and supported [application/json, application/*+json]
[2026-05-02 06:30:21.272] [DEBUG] [] [dd8adf6198ec4723a0494cdfd069fd3f]: ===> Supports JSON Message Converter : true
[2026-05-02 06:30:21.272] [DEBUG] [] [dd8adf6198ec4723a0494cdfd069fd3f]: Writing [UserDTO(super=AbstractAuditableDTO(createdAt=2026-05-01T21:18:50.206341, createdBy=0, updatedAt=2026 (truncated)...]
[2026-05-02 06:30:21.272] [DEBUG] [] [dd8adf6198ec4723a0494cdfd069fd3f]: =========================================
[2026-05-02 06:30:21.272] [DEBUG] [] [dd8adf6198ec4723a0494cdfd069fd3f]: ===>> Output object : 

{
	"alg":"SALT_MD5",
	"code":200,
	"data":{
		"birthYear":1990,
		"createdAt":"2026-05-01 21:18:50",
		"createdBy":0,
		"delFlag":false,
		"email":"admin@staff.local",
		"id":1,
		"isVip":false,
		"lastLoginAt":"2026-05-01 21:45:13.229045",
		"nickname":"超级管理员",
		"staffRole":1,
		"stampsBalance":0,
		"status":1,
		"updatedAt":"2026-05-01 21:45:13",
		"updatedBy":0
	},
	"message":"OK",
	"success":true
} 
class cn.nine.pros.post.client.model.db.UserDTO

[2026-05-02 06:30:21.272] [DEBUG] [] [dd8adf6198ec4723a0494cdfd069fd3f]: =========================================
[2026-05-02 06:30:21.272] [DEBUG] [] [bcbb57a057764bdcb4387e4261afac16]: ==>  Preparing: SELECT id,email,password_hash,nickname,birth_year,country_code,bio,avatar_url,stamps_balance,is_vip,vip_expire_at,status,staff_role,register_ip,last_login_at,created_at,created_by,updated_at,updated_by,del_flag FROM bu_user WHERE (del_flag = ?) ORDER BY created_at DESC
[2026-05-02 06:30:21.272] [DEBUG] [] [bcbb57a057764bdcb4387e4261afac16]: ==> Parameters: false(Boolean)
[2026-05-02 06:30:21.272] [DEBUG] [] [dd8adf6198ec4723a0494cdfd069fd3f]: ==> leave RequestContextHolder.
[2026-05-02 06:30:21.274] [DEBUG] [] [dd8adf6198ec4723a0494cdfd069fd3f]: ==> leave RequestContextHolder.
[2026-05-02 06:30:21.274] [DEBUG] [] [64189dc7fa8a482cb130fdbe6d631986]: <==      Total: 1
[2026-05-02 06:30:21.274] [DEBUG] [] [bcbb57a057764bdcb4387e4261afac16]: <==      Total: 1
[2026-05-02 06:30:21.274] [DEBUG] [] [64189dc7fa8a482cb130fdbe6d631986]: ===> Supports JSON Message Converter : true
[2026-05-02 06:30:21.274] [DEBUG] [] [64189dc7fa8a482cb130fdbe6d631986]: Using 'application/json', given [application/json, text/plain, */*] and supported [application/json, application/*+json]
[2026-05-02 06:30:21.274] [DEBUG] [] [64189dc7fa8a482cb130fdbe6d631986]: ===> Supports JSON Message Converter : true
[2026-05-02 06:30:21.274] [DEBUG] [] [bcbb57a057764bdcb4387e4261afac16]: ===> Supports JSON Message Converter : true
[2026-05-02 06:30:21.274] [DEBUG] [] [64189dc7fa8a482cb130fdbe6d631986]: Writing [PageData(total=0, page=1, size=50, pages=0, records=[UserDTO(super=AbstractAuditableDTO(createdAt=20 (truncated)...]
[2026-05-02 06:30:21.274] [DEBUG] [] [bcbb57a057764bdcb4387e4261afac16]: Using 'application/json', given [application/json, text/plain, */*] and supported [application/json, application/*+json]
[2026-05-02 06:30:21.274] [DEBUG] [] [64189dc7fa8a482cb130fdbe6d631986]: =========================================
[2026-05-02 06:30:21.274] [DEBUG] [] [bcbb57a057764bdcb4387e4261afac16]: ===> Supports JSON Message Converter : true
[2026-05-02 06:30:21.274] [DEBUG] [] [bcbb57a057764bdcb4387e4261afac16]: Writing [PageData(total=0, page=1, size=50, pages=0, records=[UserDTO(super=AbstractAuditableDTO(createdAt=20 (truncated)...]
[2026-05-02 06:30:21.274] [DEBUG] [] [64189dc7fa8a482cb130fdbe6d631986]: ===>> Output object : 

{
	"alg":"SALT_MD5",
	"code":200,
	"data":{
		"empty":false,
		"page":1,
		"pages":0,
		"recordCount":1,
		"records":[
			{
				"birthYear":1990,
				"createdAt":"2026-05-01 21:18:50",
				"createdBy":0,
				"delFlag":false,
				"email":"admin@staff.local",
				"id":1,
				"isVip":false,
				"lastLoginAt":"2026-05-01 21:45:13.229045",
				"nickname":"超级管理员",
				"passwordHash":"$2a$10$YTUeGZqQ/xrX1d9V26669ubXuH90MthjRxhXxJV5EldtWdFm0WQbS",
				"staffRole":1,
				"stampsBalance":0,
				"status":1,
				"updatedAt":"2026-05-01 21:45:13",
				"updatedBy":0
			}
		],
		"size":50,
		"total":0
	},
	"message":"OK",
	"success":true
} 
cn.nine.commons.data.page.PageData<cn.nine.pros.post.client.model.db.UserDTO>

[2026-05-02 06:30:21.274] [DEBUG] [] [64189dc7fa8a482cb130fdbe6d631986]: =========================================
[2026-05-02 06:30:21.274] [DEBUG] [] [bcbb57a057764bdcb4387e4261afac16]: =========================================
[2026-05-02 06:30:21.274] [DEBUG] [] [bcbb57a057764bdcb4387e4261afac16]: ===>> Output object : 

{
	"alg":"SALT_MD5",
	"code":200,
	"data":{
		"empty":false,
		"page":1,
		"pages":0,
		"recordCount":1,
		"records":[
			{
				"birthYear":1990,
				"createdAt":"2026-05-01 21:18:50",
				"createdBy":0,
				"delFlag":false,
				"email":"admin@staff.local",
				"id":1,
				"isVip":false,
				"lastLoginAt":"2026-05-01 21:45:13.229045",
				"nickname":"超级管理员",
				"passwordHash":"$2a$10$YTUeGZqQ/xrX1d9V26669ubXuH90MthjRxhXxJV5EldtWdFm0WQbS",
				"staffRole":1,
				"stampsBalance":0,
				"status":1,
				"updatedAt":"2026-05-01 21:45:13",
				"updatedBy":0
			}
		],
		"size":50,
		"total":0
	},
	"message":"OK",
	"success":true
} 
cn.nine.commons.data.page.PageData<cn.nine.pros.post.client.model.db.UserDTO>

[2026-05-02 06:30:21.274] [DEBUG] [] [bcbb57a057764bdcb4387e4261afac16]: =========================================
[2026-05-02 06:30:21.274] [DEBUG] [] [64189dc7fa8a482cb130fdbe6d631986]: ==> leave RequestContextHolder.
[2026-05-02 06:30:21.274] [DEBUG] [] [64189dc7fa8a482cb130fdbe6d631986]: ==> leave RequestContextHolder.
[2026-05-02 06:30:21.274] [DEBUG] [] [bcbb57a057764bdcb4387e4261afac16]: ==> leave RequestContextHolder.
[2026-05-02 06:30:21.274] [DEBUG] [] [bcbb57a057764bdcb4387e4261afac16]: ==> leave RequestContextHolder.
[2026-05-02 06:30:21.275] [DEBUG] [] []: ==》/webapi/auth/current -> into PreRequestContextFilter.
[2026-05-02 06:30:21.275] [DEBUG] [] [08f5ec110fda417688cbe6f884c8a5ff]: 地址 /webapi/auth/current 进入过滤器
[2026-05-02 06:30:21.277] [DEBUG] [] [08f5ec110fda417688cbe6f884c8a5ff]: ==>  Preparing: SELECT id,email,password_hash,nickname,birth_year,country_code,bio,avatar_url,stamps_balance,is_vip,vip_expire_at,status,staff_role,register_ip,last_login_at,created_at,created_by,updated_at,updated_by,del_flag FROM bu_user WHERE id=?
[2026-05-02 06:30:21.277] [DEBUG] [] [08f5ec110fda417688cbe6f884c8a5ff]: ==> Parameters: 1(Long)
[2026-05-02 06:30:21.277] [DEBUG] [] [08f5ec110fda417688cbe6f884c8a5ff]: <==      Total: 1
[2026-05-02 06:30:21.277] [DEBUG] [] [08f5ec110fda417688cbe6f884c8a5ff]: ===> Supports JSON Message Converter : true
[2026-05-02 06:30:21.277] [DEBUG] [] [08f5ec110fda417688cbe6f884c8a5ff]: Using 'application/json', given [application/json, text/plain, */*] and supported [application/json, application/*+json]
[2026-05-02 06:30:21.277] [DEBUG] [] [08f5ec110fda417688cbe6f884c8a5ff]: ===> Supports JSON Message Converter : true
[2026-05-02 06:30:21.277] [DEBUG] [] [08f5ec110fda417688cbe6f884c8a5ff]: Writing [UserDTO(super=AbstractAuditableDTO(createdAt=2026-05-01T21:18:50.206341, createdBy=0, updatedAt=2026 (truncated)...]
[2026-05-02 06:30:21.277] [DEBUG] [] [08f5ec110fda417688cbe6f884c8a5ff]: =========================================
[2026-05-02 06:30:21.277] [DEBUG] [] [08f5ec110fda417688cbe6f884c8a5ff]: ===>> Output object : 

{
	"alg":"SALT_MD5",
	"code":200,
	"data":{
		"birthYear":1990,
		"createdAt":"2026-05-01 21:18:50",
		"createdBy":0,
		"delFlag":false,
		"email":"admin@staff.local",
		"id":1,
		"isVip":false,
		"lastLoginAt":"2026-05-01 21:45:13.229045",
		"nickname":"超级管理员",
		"staffRole":1,
		"stampsBalance":0,
		"status":1,
		"updatedAt":"2026-05-01 21:45:13",
		"updatedBy":0
	},
	"message":"OK",
	"success":true
} 
class cn.nine.pros.post.client.model.db.UserDTO

[2026-05-02 06:30:21.277] [DEBUG] [] [08f5ec110fda417688cbe6f884c8a5ff]: =========================================
[2026-05-02 06:30:21.277] [DEBUG] [] [08f5ec110fda417688cbe6f884c8a5ff]: ==> leave RequestContextHolder.
[2026-05-02 06:30:21.277] [DEBUG] [] [08f5ec110fda417688cbe6f884c8a5ff]: ==> leave RequestContextHolder.
[2026-05-02 06:34:55.286] [DEBUG] [] []: ==》/webapi/user/paging -> into PreRequestContextFilter.
[2026-05-02 06:34:55.286] [DEBUG] [] [2085191a00c44109b3bf06bbc4b57d4e]: 地址 /webapi/user/paging 进入过滤器
[2026-05-02 06:34:55.287] [DEBUG] [] []: ==》/webapi/user/paging -> into PreRequestContextFilter.
[2026-05-02 06:34:55.287] [DEBUG] [] []: ==》/webapi/auth/current -> into PreRequestContextFilter.
[2026-05-02 06:34:55.287] [DEBUG] [] [079739b3483b4dfeafb9ef2b7783adaf]: 地址 /webapi/user/paging 进入过滤器
[2026-05-02 06:34:55.287] [DEBUG] [] [f3e4342d2a7547ad8633a56cb1fe572b]: 地址 /webapi/auth/current 进入过滤器
[2026-05-02 06:34:55.293] [DEBUG] [] [f3e4342d2a7547ad8633a56cb1fe572b]: ==>  Preparing: SELECT id,email,password_hash,nickname,birth_year,country_code,bio,avatar_url,stamps_balance,is_vip,vip_expire_at,status,staff_role,register_ip,last_login_at,created_at,created_by,updated_at,updated_by,del_flag FROM bu_user WHERE id=?
[2026-05-02 06:34:55.293] [DEBUG] [] [f3e4342d2a7547ad8633a56cb1fe572b]: ==> Parameters: 1(Long)
[2026-05-02 06:34:55.293] [DEBUG] [] [2085191a00c44109b3bf06bbc4b57d4e]: ==>  Preparing: SELECT id,email,password_hash,nickname,birth_year,country_code,bio,avatar_url,stamps_balance,is_vip,vip_expire_at,status,staff_role,register_ip,last_login_at,created_at,created_by,updated_at,updated_by,del_flag FROM bu_user WHERE (del_flag = ?) ORDER BY created_at DESC
[2026-05-02 06:34:55.293] [DEBUG] [] [2085191a00c44109b3bf06bbc4b57d4e]: ==> Parameters: false(Boolean)
[2026-05-02 06:34:55.293] [DEBUG] [] [079739b3483b4dfeafb9ef2b7783adaf]: ==>  Preparing: SELECT id,email,password_hash,nickname,birth_year,country_code,bio,avatar_url,stamps_balance,is_vip,vip_expire_at,status,staff_role,register_ip,last_login_at,created_at,created_by,updated_at,updated_by,del_flag FROM bu_user WHERE (del_flag = ?) ORDER BY created_at DESC
[2026-05-02 06:34:55.294] [DEBUG] [] [079739b3483b4dfeafb9ef2b7783adaf]: ==> Parameters: false(Boolean)
[2026-05-02 06:34:55.294] [DEBUG] [] [2085191a00c44109b3bf06bbc4b57d4e]: <==      Total: 1
[2026-05-02 06:34:55.294] [DEBUG] [] [f3e4342d2a7547ad8633a56cb1fe572b]: <==      Total: 1
[2026-05-02 06:34:55.294] [DEBUG] [] [079739b3483b4dfeafb9ef2b7783adaf]: <==      Total: 1
[2026-05-02 06:34:55.294] [DEBUG] [] [2085191a00c44109b3bf06bbc4b57d4e]: ===> Supports JSON Message Converter : true
[2026-05-02 06:34:55.294] [DEBUG] [] [079739b3483b4dfeafb9ef2b7783adaf]: ===> Supports JSON Message Converter : true
[2026-05-02 06:34:55.294] [DEBUG] [] [f3e4342d2a7547ad8633a56cb1fe572b]: ===> Supports JSON Message Converter : true
[2026-05-02 06:34:55.294] [DEBUG] [] [2085191a00c44109b3bf06bbc4b57d4e]: Using 'application/json', given [application/json, text/plain, */*] and supported [application/json, application/*+json]
[2026-05-02 06:34:55.294] [DEBUG] [] [f3e4342d2a7547ad8633a56cb1fe572b]: Using 'application/json', given [application/json, text/plain, */*] and supported [application/json, application/*+json]
[2026-05-02 06:34:55.294] [DEBUG] [] [2085191a00c44109b3bf06bbc4b57d4e]: ===> Supports JSON Message Converter : true
[2026-05-02 06:34:55.294] [DEBUG] [] [f3e4342d2a7547ad8633a56cb1fe572b]: ===> Supports JSON Message Converter : true
[2026-05-02 06:34:55.294] [DEBUG] [] [079739b3483b4dfeafb9ef2b7783adaf]: Using 'application/json', given [application/json, text/plain, */*] and supported [application/json, application/*+json]
[2026-05-02 06:34:55.294] [DEBUG] [] [2085191a00c44109b3bf06bbc4b57d4e]: Writing [PageData(total=0, page=1, size=50, pages=0, records=[UserDTO(super=AbstractAuditableDTO(createdAt=20 (truncated)...]
[2026-05-02 06:34:55.294] [DEBUG] [] [f3e4342d2a7547ad8633a56cb1fe572b]: Writing [UserDTO(super=AbstractAuditableDTO(createdAt=2026-05-01T21:18:50.206341, createdBy=0, updatedAt=2026 (truncated)...]
[2026-05-02 06:34:55.294] [DEBUG] [] [079739b3483b4dfeafb9ef2b7783adaf]: ===> Supports JSON Message Converter : true
[2026-05-02 06:34:55.294] [DEBUG] [] [2085191a00c44109b3bf06bbc4b57d4e]: =========================================
[2026-05-02 06:34:55.294] [DEBUG] [] [079739b3483b4dfeafb9ef2b7783adaf]: Writing [PageData(total=0, page=1, size=50, pages=0, records=[UserDTO(super=AbstractAuditableDTO(createdAt=20 (truncated)...]
[2026-05-02 06:34:55.294] [DEBUG] [] [2085191a00c44109b3bf06bbc4b57d4e]: ===>> Output object : 

{
	"alg":"SALT_MD5",
	"code":200,
	"data":{
		"empty":false,
		"page":1,
		"pages":0,
		"recordCount":1,
		"records":[
			{
				"birthYear":1990,
				"createdAt":"2026-05-01 21:18:50",
				"createdBy":0,
				"delFlag":false,
				"email":"admin@staff.local",
				"id":1,
				"isVip":false,
				"lastLoginAt":"2026-05-01 21:45:13.229045",
				"nickname":"超级管理员",
				"passwordHash":"$2a$10$YTUeGZqQ/xrX1d9V26669ubXuH90MthjRxhXxJV5EldtWdFm0WQbS",
				"staffRole":1,
				"stampsBalance":0,
				"status":1,
				"updatedAt":"2026-05-01 21:45:13",
				"updatedBy":0
			}
		],
		"size":50,
		"total":0
	},
	"message":"OK",
	"success":true
} 
cn.nine.commons.data.page.PageData<cn.nine.pros.post.client.model.db.UserDTO>

[2026-05-02 06:34:55.294] [DEBUG] [] [2085191a00c44109b3bf06bbc4b57d4e]: =========================================
[2026-05-02 06:34:55.294] [DEBUG] [] [079739b3483b4dfeafb9ef2b7783adaf]: =========================================
[2026-05-02 06:34:55.294] [DEBUG] [] [079739b3483b4dfeafb9ef2b7783adaf]: ===>> Output object : 

{
	"alg":"SALT_MD5",
	"code":200,
	"data":{
		"empty":false,
		"page":1,
		"pages":0,
		"recordCount":1,
		"records":[
			{
				"birthYear":1990,
				"createdAt":"2026-05-01 21:18:50",
				"createdBy":0,
				"delFlag":false,
				"email":"admin@staff.local",
				"id":1,
				"isVip":false,
				"lastLoginAt":"2026-05-01 21:45:13.229045",
				"nickname":"超级管理员",
				"passwordHash":"$2a$10$YTUeGZqQ/xrX1d9V26669ubXuH90MthjRxhXxJV5EldtWdFm0WQbS",
				"staffRole":1,
				"stampsBalance":0,
				"status":1,
				"updatedAt":"2026-05-01 21:45:13",
				"updatedBy":0
			}
		],
		"size":50,
		"total":0
	},
	"message":"OK",
	"success":true
} 
cn.nine.commons.data.page.PageData<cn.nine.pros.post.client.model.db.UserDTO>

[2026-05-02 06:34:55.294] [DEBUG] [] [079739b3483b4dfeafb9ef2b7783adaf]: =========================================
[2026-05-02 06:34:55.294] [DEBUG] [] [f3e4342d2a7547ad8633a56cb1fe572b]: =========================================
[2026-05-02 06:34:55.294] [DEBUG] [] [f3e4342d2a7547ad8633a56cb1fe572b]: ===>> Output object : 

{
	"alg":"SALT_MD5",
	"code":200,
	"data":{
		"birthYear":1990,
		"createdAt":"2026-05-01 21:18:50",
		"createdBy":0,
		"delFlag":false,
		"email":"admin@staff.local",
		"id":1,
		"isVip":false,
		"lastLoginAt":"2026-05-01 21:45:13.229045",
		"nickname":"超级管理员",
		"staffRole":1,
		"stampsBalance":0,
		"status":1,
		"updatedAt":"2026-05-01 21:45:13",
		"updatedBy":0
	},
	"message":"OK",
	"success":true
} 
class cn.nine.pros.post.client.model.db.UserDTO

[2026-05-02 06:34:55.294] [DEBUG] [] [f3e4342d2a7547ad8633a56cb1fe572b]: =========================================
[2026-05-02 06:34:55.294] [DEBUG] [] [f3e4342d2a7547ad8633a56cb1fe572b]: ==> leave RequestContextHolder.
[2026-05-02 06:34:55.294] [DEBUG] [] [2085191a00c44109b3bf06bbc4b57d4e]: ==> leave RequestContextHolder.
[2026-05-02 06:34:55.294] [DEBUG] [] [f3e4342d2a7547ad8633a56cb1fe572b]: ==> leave RequestContextHolder.
[2026-05-02 06:34:55.294] [DEBUG] [] [2085191a00c44109b3bf06bbc4b57d4e]: ==> leave RequestContextHolder.
[2026-05-02 06:34:55.294] [DEBUG] [] [079739b3483b4dfeafb9ef2b7783adaf]: ==> leave RequestContextHolder.
[2026-05-02 06:34:55.294] [DEBUG] [] [079739b3483b4dfeafb9ef2b7783adaf]: ==> leave RequestContextHolder.
[2026-05-02 06:34:55.297] [DEBUG] [] []: ==》/webapi/auth/current -> into PreRequestContextFilter.
[2026-05-02 06:34:55.297] [DEBUG] [] [c6752064bead403297fd6bf15d7bc502]: 地址 /webapi/auth/current 进入过滤器
[2026-05-02 06:34:55.297] [DEBUG] [] [c6752064bead403297fd6bf15d7bc502]: ==>  Preparing: SELECT id,email,password_hash,nickname,birth_year,country_code,bio,avatar_url,stamps_balance,is_vip,vip_expire_at,status,staff_role,register_ip,last_login_at,created_at,created_by,updated_at,updated_by,del_flag FROM bu_user WHERE id=?
[2026-05-02 06:34:55.297] [DEBUG] [] [c6752064bead403297fd6bf15d7bc502]: ==> Parameters: 1(Long)
[2026-05-02 06:34:55.298] [DEBUG] [] [c6752064bead403297fd6bf15d7bc502]: <==      Total: 1
[2026-05-02 06:34:55.298] [DEBUG] [] [c6752064bead403297fd6bf15d7bc502]: ===> Supports JSON Message Converter : true
[2026-05-02 06:34:55.298] [DEBUG] [] [c6752064bead403297fd6bf15d7bc502]: Using 'application/json', given [application/json, text/plain, */*] and supported [application/json, application/*+json]
[2026-05-02 06:34:55.298] [DEBUG] [] [c6752064bead403297fd6bf15d7bc502]: ===> Supports JSON Message Converter : true
[2026-05-02 06:34:55.298] [DEBUG] [] [c6752064bead403297fd6bf15d7bc502]: Writing [UserDTO(super=AbstractAuditableDTO(createdAt=2026-05-01T21:18:50.206341, createdBy=0, updatedAt=2026 (truncated)...]
[2026-05-02 06:34:55.298] [DEBUG] [] [c6752064bead403297fd6bf15d7bc502]: =========================================
[2026-05-02 06:34:55.298] [DEBUG] [] [c6752064bead403297fd6bf15d7bc502]: ===>> Output object : 

{
	"alg":"SALT_MD5",
	"code":200,
	"data":{
		"birthYear":1990,
		"createdAt":"2026-05-01 21:18:50",
		"createdBy":0,
		"delFlag":false,
		"email":"admin@staff.local",
		"id":1,
		"isVip":false,
		"lastLoginAt":"2026-05-01 21:45:13.229045",
		"nickname":"超级管理员",
		"staffRole":1,
		"stampsBalance":0,
		"status":1,
		"updatedAt":"2026-05-01 21:45:13",
		"updatedBy":0
	},
	"message":"OK",
	"success":true
} 
class cn.nine.pros.post.client.model.db.UserDTO

[2026-05-02 06:34:55.298] [DEBUG] [] [c6752064bead403297fd6bf15d7bc502]: =========================================
[2026-05-02 06:34:55.298] [DEBUG] [] [c6752064bead403297fd6bf15d7bc502]: ==> leave RequestContextHolder.
[2026-05-02 06:34:55.298] [DEBUG] [] [c6752064bead403297fd6bf15d7bc502]: ==> leave RequestContextHolder.
[2026-05-02 06:42:22.247] [DEBUG] [] []: ==》/webapi/user/paging -> into PreRequestContextFilter.
[2026-05-02 06:42:22.247] [DEBUG] [] [93383d4e4785448ea49fa2f9bf8395d0]: 地址 /webapi/user/paging 进入过滤器
[2026-05-02 06:42:22.247] [DEBUG] [] []: ==》/webapi/user/paging -> into PreRequestContextFilter.
[2026-05-02 06:42:22.247] [DEBUG] [] []: ==》/webapi/auth/current -> into PreRequestContextFilter.
[2026-05-02 06:42:22.249] [DEBUG] [] [86dc6d1a16d54669a3cf0dc5e3c78218]: 地址 /webapi/user/paging 进入过滤器
[2026-05-02 06:42:22.249] [DEBUG] [] [3373ed1a01d048c692da89d554caccc2]: 地址 /webapi/auth/current 进入过滤器
[2026-05-02 06:42:22.250] [DEBUG] [] [3373ed1a01d048c692da89d554caccc2]: ==>  Preparing: SELECT id,email,password_hash,nickname,birth_year,country_code,bio,avatar_url,stamps_balance,is_vip,vip_expire_at,status,staff_role,register_ip,last_login_at,created_at,created_by,updated_at,updated_by,del_flag FROM bu_user WHERE id=?
[2026-05-02 06:42:22.251] [DEBUG] [] [3373ed1a01d048c692da89d554caccc2]: ==> Parameters: 1(Long)
[2026-05-02 06:42:22.251] [DEBUG] [] [93383d4e4785448ea49fa2f9bf8395d0]: ==>  Preparing: SELECT id,email,password_hash,nickname,birth_year,country_code,bio,avatar_url,stamps_balance,is_vip,vip_expire_at,status,staff_role,register_ip,last_login_at,created_at,created_by,updated_at,updated_by,del_flag FROM bu_user WHERE (del_flag = ?) ORDER BY created_at DESC
[2026-05-02 06:42:22.251] [DEBUG] [] [86dc6d1a16d54669a3cf0dc5e3c78218]: ==>  Preparing: SELECT id,email,password_hash,nickname,birth_year,country_code,bio,avatar_url,stamps_balance,is_vip,vip_expire_at,status,staff_role,register_ip,last_login_at,created_at,created_by,updated_at,updated_by,del_flag FROM bu_user WHERE (del_flag = ?) ORDER BY created_at DESC
[2026-05-02 06:42:22.251] [DEBUG] [] [93383d4e4785448ea49fa2f9bf8395d0]: ==> Parameters: false(Boolean)
[2026-05-02 06:42:22.251] [DEBUG] [] [86dc6d1a16d54669a3cf0dc5e3c78218]: ==> Parameters: false(Boolean)
[2026-05-02 06:42:22.254] [DEBUG] [] [3373ed1a01d048c692da89d554caccc2]: <==      Total: 1
[2026-05-02 06:42:22.254] [DEBUG] [] [3373ed1a01d048c692da89d554caccc2]: ===> Supports JSON Message Converter : true
[2026-05-02 06:42:22.254] [DEBUG] [] [93383d4e4785448ea49fa2f9bf8395d0]: <==      Total: 1
[2026-05-02 06:42:22.254] [DEBUG] [] [3373ed1a01d048c692da89d554caccc2]: Using 'application/json', given [application/json, text/plain, */*] and supported [application/json, application/*+json]
[2026-05-02 06:42:22.254] [DEBUG] [] [3373ed1a01d048c692da89d554caccc2]: ===> Supports JSON Message Converter : true
[2026-05-02 06:42:22.254] [DEBUG] [] [3373ed1a01d048c692da89d554caccc2]: Writing [UserDTO(super=AbstractAuditableDTO(createdAt=2026-05-01T21:18:50.206341, createdBy=0, updatedAt=2026 (truncated)...]
[2026-05-02 06:42:22.254] [DEBUG] [] [3373ed1a01d048c692da89d554caccc2]: =========================================
[2026-05-02 06:42:22.254] [DEBUG] [] [86dc6d1a16d54669a3cf0dc5e3c78218]: <==      Total: 1
[2026-05-02 06:42:22.254] [DEBUG] [] [3373ed1a01d048c692da89d554caccc2]: ===>> Output object : 

{
	"alg":"SALT_MD5",
	"code":200,
	"data":{
		"birthYear":1990,
		"createdAt":"2026-05-01 21:18:50",
		"createdBy":0,
		"delFlag":false,
		"email":"admin@staff.local",
		"id":1,
		"isVip":false,
		"lastLoginAt":"2026-05-01 21:45:13.229045",
		"nickname":"超级管理员",
		"staffRole":1,
		"stampsBalance":0,
		"status":1,
		"updatedAt":"2026-05-01 21:45:13",
		"updatedBy":0
	},
	"message":"OK",
	"success":true
} 
class cn.nine.pros.post.client.model.db.UserDTO

[2026-05-02 06:42:22.255] [DEBUG] [] [3373ed1a01d048c692da89d554caccc2]: =========================================
[2026-05-02 06:42:22.254] [DEBUG] [] [93383d4e4785448ea49fa2f9bf8395d0]: ===> Supports JSON Message Converter : true
[2026-05-02 06:42:22.255] [DEBUG] [] [86dc6d1a16d54669a3cf0dc5e3c78218]: ===> Supports JSON Message Converter : true
[2026-05-02 06:42:22.255] [DEBUG] [] [93383d4e4785448ea49fa2f9bf8395d0]: Using 'application/json', given [application/json, text/plain, */*] and supported [application/json, application/*+json]
[2026-05-02 06:42:22.255] [DEBUG] [] [86dc6d1a16d54669a3cf0dc5e3c78218]: Using 'application/json', given [application/json, text/plain, */*] and supported [application/json, application/*+json]
[2026-05-02 06:42:22.255] [DEBUG] [] [93383d4e4785448ea49fa2f9bf8395d0]: ===> Supports JSON Message Converter : true
[2026-05-02 06:42:22.255] [DEBUG] [] [86dc6d1a16d54669a3cf0dc5e3c78218]: ===> Supports JSON Message Converter : true
[2026-05-02 06:42:22.255] [DEBUG] [] [93383d4e4785448ea49fa2f9bf8395d0]: Writing [PageData(total=0, page=1, size=50, pages=0, records=[UserDTO(super=AbstractAuditableDTO(createdAt=20 (truncated)...]
[2026-05-02 06:42:22.255] [DEBUG] [] [86dc6d1a16d54669a3cf0dc5e3c78218]: Writing [PageData(total=0, page=1, size=50, pages=0, records=[UserDTO(super=AbstractAuditableDTO(createdAt=20 (truncated)...]
[2026-05-02 06:42:22.255] [DEBUG] [] [93383d4e4785448ea49fa2f9bf8395d0]: =========================================
[2026-05-02 06:42:22.255] [DEBUG] [] [93383d4e4785448ea49fa2f9bf8395d0]: ===>> Output object : 

{
	"alg":"SALT_MD5",
	"code":200,
	"data":{
		"empty":false,
		"page":1,
		"pages":0,
		"recordCount":1,
		"records":[
			{
				"birthYear":1990,
				"createdAt":"2026-05-01 21:18:50",
				"createdBy":0,
				"delFlag":false,
				"email":"admin@staff.local",
				"id":1,
				"isVip":false,
				"lastLoginAt":"2026-05-01 21:45:13.229045",
				"nickname":"超级管理员",
				"passwordHash":"$2a$10$YTUeGZqQ/xrX1d9V26669ubXuH90MthjRxhXxJV5EldtWdFm0WQbS",
				"staffRole":1,
				"stampsBalance":0,
				"status":1,
				"updatedAt":"2026-05-01 21:45:13",
				"updatedBy":0
			}
		],
		"size":50,
		"total":0
	},
	"message":"OK",
	"success":true
} 
cn.nine.commons.data.page.PageData<cn.nine.pros.post.client.model.db.UserDTO>

[2026-05-02 06:42:22.255] [DEBUG] [] [3373ed1a01d048c692da89d554caccc2]: ==> leave RequestContextHolder.
[2026-05-02 06:42:22.255] [DEBUG] [] [93383d4e4785448ea49fa2f9bf8395d0]: =========================================
[2026-05-02 06:42:22.255] [DEBUG] [] [3373ed1a01d048c692da89d554caccc2]: ==> leave RequestContextHolder.
[2026-05-02 06:42:22.255] [DEBUG] [] [86dc6d1a16d54669a3cf0dc5e3c78218]: =========================================
[2026-05-02 06:42:22.255] [DEBUG] [] [86dc6d1a16d54669a3cf0dc5e3c78218]: ===>> Output object : 

{
	"alg":"SALT_MD5",
	"code":200,
	"data":{
		"empty":false,
		"page":1,
		"pages":0,
		"recordCount":1,
		"records":[
			{
				"birthYear":1990,
				"createdAt":"2026-05-01 21:18:50",
				"createdBy":0,
				"delFlag":false,
				"email":"admin@staff.local",
				"id":1,
				"isVip":false,
				"lastLoginAt":"2026-05-01 21:45:13.229045",
				"nickname":"超级管理员",
				"passwordHash":"$2a$10$YTUeGZqQ/xrX1d9V26669ubXuH90MthjRxhXxJV5EldtWdFm0WQbS",
				"staffRole":1,
				"stampsBalance":0,
				"status":1,
				"updatedAt":"2026-05-01 21:45:13",
				"updatedBy":0
			}
		],
		"size":50,
		"total":0
	},
	"message":"OK",
	"success":true
} 
cn.nine.commons.data.page.PageData<cn.nine.pros.post.client.model.db.UserDTO>

[2026-05-02 06:42:22.255] [DEBUG] [] [86dc6d1a16d54669a3cf0dc5e3c78218]: =========================================
[2026-05-02 06:42:22.255] [DEBUG] [] [93383d4e4785448ea49fa2f9bf8395d0]: ==> leave RequestContextHolder.
[2026-05-02 06:42:22.255] [DEBUG] [] [93383d4e4785448ea49fa2f9bf8395d0]: ==> leave RequestContextHolder.
[2026-05-02 06:42:22.255] [DEBUG] [] [86dc6d1a16d54669a3cf0dc5e3c78218]: ==> leave RequestContextHolder.
[2026-05-02 06:42:22.255] [DEBUG] [] [86dc6d1a16d54669a3cf0dc5e3c78218]: ==> leave RequestContextHolder.
[2026-05-02 06:42:22.257] [DEBUG] [] []: ==》/webapi/auth/current -> into PreRequestContextFilter.
[2026-05-02 06:42:22.257] [DEBUG] [] [166c130f5bc34275b3445124f9d67f96]: 地址 /webapi/auth/current 进入过滤器
[2026-05-02 06:42:22.258] [DEBUG] [] [166c130f5bc34275b3445124f9d67f96]: ==>  Preparing: SELECT id,email,password_hash,nickname,birth_year,country_code,bio,avatar_url,stamps_balance,is_vip,vip_expire_at,status,staff_role,register_ip,last_login_at,created_at,created_by,updated_at,updated_by,del_flag FROM bu_user WHERE id=?
[2026-05-02 06:42:22.258] [DEBUG] [] [166c130f5bc34275b3445124f9d67f96]: ==> Parameters: 1(Long)
[2026-05-02 06:42:22.259] [DEBUG] [] [166c130f5bc34275b3445124f9d67f96]: <==      Total: 1
[2026-05-02 06:42:22.259] [DEBUG] [] [166c130f5bc34275b3445124f9d67f96]: ===> Supports JSON Message Converter : true
[2026-05-02 06:42:22.259] [DEBUG] [] [166c130f5bc34275b3445124f9d67f96]: Using 'application/json', given [application/json, text/plain, */*] and supported [application/json, application/*+json]
[2026-05-02 06:42:22.259] [DEBUG] [] [166c130f5bc34275b3445124f9d67f96]: ===> Supports JSON Message Converter : true
[2026-05-02 06:42:22.259] [DEBUG] [] [166c130f5bc34275b3445124f9d67f96]: Writing [UserDTO(super=AbstractAuditableDTO(createdAt=2026-05-01T21:18:50.206341, createdBy=0, updatedAt=2026 (truncated)...]
[2026-05-02 06:42:22.259] [DEBUG] [] [166c130f5bc34275b3445124f9d67f96]: =========================================
[2026-05-02 06:42:22.259] [DEBUG] [] [166c130f5bc34275b3445124f9d67f96]: ===>> Output object : 

{
	"alg":"SALT_MD5",
	"code":200,
	"data":{
		"birthYear":1990,
		"createdAt":"2026-05-01 21:18:50",
		"createdBy":0,
		"delFlag":false,
		"email":"admin@staff.local",
		"id":1,
		"isVip":false,
		"lastLoginAt":"2026-05-01 21:45:13.229045",
		"nickname":"超级管理员",
		"staffRole":1,
		"stampsBalance":0,
		"status":1,
		"updatedAt":"2026-05-01 21:45:13",
		"updatedBy":0
	},
	"message":"OK",
	"success":true
} 
class cn.nine.pros.post.client.model.db.UserDTO

[2026-05-02 06:42:22.259] [DEBUG] [] [166c130f5bc34275b3445124f9d67f96]: =========================================
[2026-05-02 06:42:22.259] [DEBUG] [] [166c130f5bc34275b3445124f9d67f96]: ==> leave RequestContextHolder.
[2026-05-02 06:42:22.259] [DEBUG] [] [166c130f5bc34275b3445124f9d67f96]: ==> leave RequestContextHolder.
[2026-05-02 06:46:56.349] [DEBUG] [] []: ==》/webapi/user/paging -> into PreRequestContextFilter.
[2026-05-02 06:46:56.349] [DEBUG] [] [9c9b65f93e9244b7a60ce31fb65ecc82]: 地址 /webapi/user/paging 进入过滤器
[2026-05-02 06:46:56.349] [DEBUG] [] []: ==》/webapi/user/paging -> into PreRequestContextFilter.
[2026-05-02 06:46:56.349] [DEBUG] [] [c86151d1b0ef42f89f6484d73ff82f74]: 地址 /webapi/user/paging 进入过滤器
[2026-05-02 06:46:56.349] [DEBUG] [] []: ==》/webapi/auth/current -> into PreRequestContextFilter.
[2026-05-02 06:46:56.349] [DEBUG] [] [24fbfb5d093d4ac8b97480f3713c970e]: 地址 /webapi/auth/current 进入过滤器
[2026-05-02 06:46:56.350] [DEBUG] [] [24fbfb5d093d4ac8b97480f3713c970e]: ==>  Preparing: SELECT id,email,password_hash,nickname,birth_year,country_code,bio,avatar_url,stamps_balance,is_vip,vip_expire_at,status,staff_role,register_ip,last_login_at,created_at,created_by,updated_at,updated_by,del_flag FROM bu_user WHERE id=?
[2026-05-02 06:46:56.350] [DEBUG] [] [9c9b65f93e9244b7a60ce31fb65ecc82]: ==>  Preparing: SELECT id,email,password_hash,nickname,birth_year,country_code,bio,avatar_url,stamps_balance,is_vip,vip_expire_at,status,staff_role,register_ip,last_login_at,created_at,created_by,updated_at,updated_by,del_flag FROM bu_user WHERE (del_flag = ?) ORDER BY created_at DESC
[2026-05-02 06:46:56.350] [DEBUG] [] [24fbfb5d093d4ac8b97480f3713c970e]: ==> Parameters: 1(Long)
[2026-05-02 06:46:56.350] [DEBUG] [] [9c9b65f93e9244b7a60ce31fb65ecc82]: ==> Parameters: false(Boolean)
[2026-05-02 06:46:56.350] [DEBUG] [] [c86151d1b0ef42f89f6484d73ff82f74]: ==>  Preparing: SELECT id,email,password_hash,nickname,birth_year,country_code,bio,avatar_url,stamps_balance,is_vip,vip_expire_at,status,staff_role,register_ip,last_login_at,created_at,created_by,updated_at,updated_by,del_flag FROM bu_user WHERE (del_flag = ?) ORDER BY created_at DESC
[2026-05-02 06:46:56.350] [DEBUG] [] [c86151d1b0ef42f89f6484d73ff82f74]: ==> Parameters: false(Boolean)
[2026-05-02 06:46:56.352] [DEBUG] [] [9c9b65f93e9244b7a60ce31fb65ecc82]: <==      Total: 1
[2026-05-02 06:46:56.352] [DEBUG] [] [24fbfb5d093d4ac8b97480f3713c970e]: <==      Total: 1
[2026-05-02 06:46:56.352] [DEBUG] [] [c86151d1b0ef42f89f6484d73ff82f74]: <==      Total: 1
[2026-05-02 06:46:56.352] [DEBUG] [] [24fbfb5d093d4ac8b97480f3713c970e]: ===> Supports JSON Message Converter : true
[2026-05-02 06:46:56.352] [DEBUG] [] [9c9b65f93e9244b7a60ce31fb65ecc82]: ===> Supports JSON Message Converter : true
[2026-05-02 06:46:56.352] [DEBUG] [] [24fbfb5d093d4ac8b97480f3713c970e]: Using 'application/json', given [application/json, text/plain, */*] and supported [application/json, application/*+json]
[2026-05-02 06:46:56.352] [DEBUG] [] [24fbfb5d093d4ac8b97480f3713c970e]: ===> Supports JSON Message Converter : true
[2026-05-02 06:46:56.352] [DEBUG] [] [c86151d1b0ef42f89f6484d73ff82f74]: ===> Supports JSON Message Converter : true
[2026-05-02 06:46:56.352] [DEBUG] [] [9c9b65f93e9244b7a60ce31fb65ecc82]: Using 'application/json', given [application/json, text/plain, */*] and supported [application/json, application/*+json]
[2026-05-02 06:46:56.352] [DEBUG] [] [c86151d1b0ef42f89f6484d73ff82f74]: Using 'application/json', given [application/json, text/plain, */*] and supported [application/json, application/*+json]
[2026-05-02 06:46:56.352] [DEBUG] [] [c86151d1b0ef42f89f6484d73ff82f74]: ===> Supports JSON Message Converter : true
[2026-05-02 06:46:56.352] [DEBUG] [] [24fbfb5d093d4ac8b97480f3713c970e]: Writing [UserDTO(super=AbstractAuditableDTO(createdAt=2026-05-01T21:18:50.206341, createdBy=0, updatedAt=2026 (truncated)...]
[2026-05-02 06:46:56.352] [DEBUG] [] [9c9b65f93e9244b7a60ce31fb65ecc82]: ===> Supports JSON Message Converter : true
[2026-05-02 06:46:56.352] [DEBUG] [] [c86151d1b0ef42f89f6484d73ff82f74]: Writing [PageData(total=0, page=1, size=50, pages=0, records=[UserDTO(super=AbstractAuditableDTO(createdAt=20 (truncated)...]
[2026-05-02 06:46:56.352] [DEBUG] [] [24fbfb5d093d4ac8b97480f3713c970e]: =========================================
[2026-05-02 06:46:56.352] [DEBUG] [] [9c9b65f93e9244b7a60ce31fb65ecc82]: Writing [PageData(total=0, page=1, size=50, pages=0, records=[UserDTO(super=AbstractAuditableDTO(createdAt=20 (truncated)...]
[2026-05-02 06:46:56.352] [DEBUG] [] [24fbfb5d093d4ac8b97480f3713c970e]: ===>> Output object : 

{
	"alg":"SALT_MD5",
	"code":200,
	"data":{
		"birthYear":1990,
		"createdAt":"2026-05-01 21:18:50",
		"createdBy":0,
		"delFlag":false,
		"email":"admin@staff.local",
		"id":1,
		"isVip":false,
		"lastLoginAt":"2026-05-01 21:45:13.229045",
		"nickname":"超级管理员",
		"staffRole":1,
		"stampsBalance":0,
		"status":1,
		"updatedAt":"2026-05-01 21:45:13",
		"updatedBy":0
	},
	"message":"OK",
	"success":true
} 
class cn.nine.pros.post.client.model.db.UserDTO

[2026-05-02 06:46:56.352] [DEBUG] [] [24fbfb5d093d4ac8b97480f3713c970e]: =========================================
[2026-05-02 06:46:56.352] [DEBUG] [] [9c9b65f93e9244b7a60ce31fb65ecc82]: =========================================
[2026-05-02 06:46:56.352] [DEBUG] [] [9c9b65f93e9244b7a60ce31fb65ecc82]: ===>> Output object : 

{
	"alg":"SALT_MD5",
	"code":200,
	"data":{
		"empty":false,
		"page":1,
		"pages":0,
		"recordCount":1,
		"records":[
			{
				"birthYear":1990,
				"createdAt":"2026-05-01 21:18:50",
				"createdBy":0,
				"delFlag":false,
				"email":"admin@staff.local",
				"id":1,
				"isVip":false,
				"lastLoginAt":"2026-05-01 21:45:13.229045",
				"nickname":"超级管理员",
				"passwordHash":"$2a$10$YTUeGZqQ/xrX1d9V26669ubXuH90MthjRxhXxJV5EldtWdFm0WQbS",
				"staffRole":1,
				"stampsBalance":0,
				"status":1,
				"updatedAt":"2026-05-01 21:45:13",
				"updatedBy":0
			}
		],
		"size":50,
		"total":0
	},
	"message":"OK",
	"success":true
} 
cn.nine.commons.data.page.PageData<cn.nine.pros.post.client.model.db.UserDTO>

[2026-05-02 06:46:56.352] [DEBUG] [] [9c9b65f93e9244b7a60ce31fb65ecc82]: =========================================
[2026-05-02 06:46:56.352] [DEBUG] [] [c86151d1b0ef42f89f6484d73ff82f74]: =========================================
[2026-05-02 06:46:56.352] [DEBUG] [] [c86151d1b0ef42f89f6484d73ff82f74]: ===>> Output object : 

{
	"alg":"SALT_MD5",
	"code":200,
	"data":{
		"empty":false,
		"page":1,
		"pages":0,
		"recordCount":1,
		"records":[
			{
				"birthYear":1990,
				"createdAt":"2026-05-01 21:18:50",
				"createdBy":0,
				"delFlag":false,
				"email":"admin@staff.local",
				"id":1,
				"isVip":false,
				"lastLoginAt":"2026-05-01 21:45:13.229045",
				"nickname":"超级管理员",
				"passwordHash":"$2a$10$YTUeGZqQ/xrX1d9V26669ubXuH90MthjRxhXxJV5EldtWdFm0WQbS",
				"staffRole":1,
				"stampsBalance":0,
				"status":1,
				"updatedAt":"2026-05-01 21:45:13",
				"updatedBy":0
			}
		],
		"size":50,
		"total":0
	},
	"message":"OK",
	"success":true
} 
cn.nine.commons.data.page.PageData<cn.nine.pros.post.client.model.db.UserDTO>

[2026-05-02 06:46:56.352] [DEBUG] [] [c86151d1b0ef42f89f6484d73ff82f74]: =========================================
[2026-05-02 06:46:56.352] [DEBUG] [] [24fbfb5d093d4ac8b97480f3713c970e]: ==> leave RequestContextHolder.
[2026-05-02 06:46:56.352] [DEBUG] [] [24fbfb5d093d4ac8b97480f3713c970e]: ==> leave RequestContextHolder.
[2026-05-02 06:46:56.352] [DEBUG] [] [9c9b65f93e9244b7a60ce31fb65ecc82]: ==> leave RequestContextHolder.
[2026-05-02 06:46:56.352] [DEBUG] [] [9c9b65f93e9244b7a60ce31fb65ecc82]: ==> leave RequestContextHolder.
[2026-05-02 06:46:56.352] [DEBUG] [] [c86151d1b0ef42f89f6484d73ff82f74]: ==> leave RequestContextHolder.
[2026-05-02 06:46:56.352] [DEBUG] [] [c86151d1b0ef42f89f6484d73ff82f74]: ==> leave RequestContextHolder.
[2026-05-02 06:46:56.354] [DEBUG] [] []: ==》/webapi/auth/current -> into PreRequestContextFilter.
[2026-05-02 06:46:56.354] [DEBUG] [] [16bc3a01234a4439a035a121ba8796e5]: 地址 /webapi/auth/current 进入过滤器
[2026-05-02 06:46:56.354] [DEBUG] [] [16bc3a01234a4439a035a121ba8796e5]: ==>  Preparing: SELECT id,email,password_hash,nickname,birth_year,country_code,bio,avatar_url,stamps_balance,is_vip,vip_expire_at,status,staff_role,register_ip,last_login_at,created_at,created_by,updated_at,updated_by,del_flag FROM bu_user WHERE id=?
[2026-05-02 06:46:56.354] [DEBUG] [] [16bc3a01234a4439a035a121ba8796e5]: ==> Parameters: 1(Long)
[2026-05-02 06:46:56.355] [DEBUG] [] [16bc3a01234a4439a035a121ba8796e5]: <==      Total: 1
[2026-05-02 06:46:56.356] [DEBUG] [] [16bc3a01234a4439a035a121ba8796e5]: ===> Supports JSON Message Converter : true
[2026-05-02 06:46:56.356] [DEBUG] [] [16bc3a01234a4439a035a121ba8796e5]: Using 'application/json', given [application/json, text/plain, */*] and supported [application/json, application/*+json]
[2026-05-02 06:46:56.356] [DEBUG] [] [16bc3a01234a4439a035a121ba8796e5]: ===> Supports JSON Message Converter : true
[2026-05-02 06:46:56.356] [DEBUG] [] [16bc3a01234a4439a035a121ba8796e5]: Writing [UserDTO(super=AbstractAuditableDTO(createdAt=2026-05-01T21:18:50.206341, createdBy=0, updatedAt=2026 (truncated)...]
[2026-05-02 06:46:56.356] [DEBUG] [] [16bc3a01234a4439a035a121ba8796e5]: =========================================
[2026-05-02 06:46:56.356] [DEBUG] [] [16bc3a01234a4439a035a121ba8796e5]: ===>> Output object : 

{
	"alg":"SALT_MD5",
	"code":200,
	"data":{
		"birthYear":1990,
		"createdAt":"2026-05-01 21:18:50",
		"createdBy":0,
		"delFlag":false,
		"email":"admin@staff.local",
		"id":1,
		"isVip":false,
		"lastLoginAt":"2026-05-01 21:45:13.229045",
		"nickname":"超级管理员",
		"staffRole":1,
		"stampsBalance":0,
		"status":1,
		"updatedAt":"2026-05-01 21:45:13",
		"updatedBy":0
	},
	"message":"OK",
	"success":true
} 
class cn.nine.pros.post.client.model.db.UserDTO

[2026-05-02 06:46:56.356] [DEBUG] [] [16bc3a01234a4439a035a121ba8796e5]: =========================================
[2026-05-02 06:46:56.356] [DEBUG] [] [16bc3a01234a4439a035a121ba8796e5]: ==> leave RequestContextHolder.
[2026-05-02 06:46:56.356] [DEBUG] [] [16bc3a01234a4439a035a121ba8796e5]: ==> leave RequestContextHolder.
[2026-05-02 06:52:22.281] [DEBUG] [] []: ==》/webapi/user/paging -> into PreRequestContextFilter.
[2026-05-02 06:52:22.281] [DEBUG] [] [cda198248953481b88a75a86ed513550]: 地址 /webapi/user/paging 进入过滤器
[2026-05-02 06:52:22.281] [DEBUG] [] []: ==》/webapi/user/paging -> into PreRequestContextFilter.
[2026-05-02 06:52:22.281] [DEBUG] [] [f7c7fac7173a40549c9ed2cff07b5dc9]: 地址 /webapi/user/paging 进入过滤器
[2026-05-02 06:52:22.282] [DEBUG] [] []: ==》/webapi/auth/current -> into PreRequestContextFilter.
[2026-05-02 06:52:22.282] [DEBUG] [] [af366b4fe6b1413a894897e80ba931fd]: 地址 /webapi/auth/current 进入过滤器
[2026-05-02 06:52:22.284] [DEBUG] [] [af366b4fe6b1413a894897e80ba931fd]: ==>  Preparing: SELECT id,email,password_hash,nickname,birth_year,country_code,bio,avatar_url,stamps_balance,is_vip,vip_expire_at,status,staff_role,register_ip,last_login_at,created_at,created_by,updated_at,updated_by,del_flag FROM bu_user WHERE id=?
[2026-05-02 06:52:22.284] [DEBUG] [] [af366b4fe6b1413a894897e80ba931fd]: ==> Parameters: 1(Long)
[2026-05-02 06:52:22.284] [DEBUG] [] [cda198248953481b88a75a86ed513550]: ==>  Preparing: SELECT id,email,password_hash,nickname,birth_year,country_code,bio,avatar_url,stamps_balance,is_vip,vip_expire_at,status,staff_role,register_ip,last_login_at,created_at,created_by,updated_at,updated_by,del_flag FROM bu_user WHERE (del_flag = ?) ORDER BY created_at DESC
[2026-05-02 06:52:22.284] [DEBUG] [] [f7c7fac7173a40549c9ed2cff07b5dc9]: ==>  Preparing: SELECT id,email,password_hash,nickname,birth_year,country_code,bio,avatar_url,stamps_balance,is_vip,vip_expire_at,status,staff_role,register_ip,last_login_at,created_at,created_by,updated_at,updated_by,del_flag FROM bu_user WHERE (del_flag = ?) ORDER BY created_at DESC
[2026-05-02 06:52:22.284] [DEBUG] [] [cda198248953481b88a75a86ed513550]: ==> Parameters: false(Boolean)
[2026-05-02 06:52:22.284] [DEBUG] [] [f7c7fac7173a40549c9ed2cff07b5dc9]: ==> Parameters: false(Boolean)
[2026-05-02 06:52:22.284] [DEBUG] [] [af366b4fe6b1413a894897e80ba931fd]: <==      Total: 1
[2026-05-02 06:52:22.284] [DEBUG] [] [af366b4fe6b1413a894897e80ba931fd]: ===> Supports JSON Message Converter : true
[2026-05-02 06:52:22.284] [DEBUG] [] [af366b4fe6b1413a894897e80ba931fd]: Using 'application/json', given [application/json, text/plain, */*] and supported [application/json, application/*+json]
[2026-05-02 06:52:22.284] [DEBUG] [] [af366b4fe6b1413a894897e80ba931fd]: ===> Supports JSON Message Converter : true
[2026-05-02 06:52:22.284] [DEBUG] [] [af366b4fe6b1413a894897e80ba931fd]: Writing [UserDTO(super=AbstractAuditableDTO(createdAt=2026-05-01T21:18:50.206341, createdBy=0, updatedAt=2026 (truncated)...]
[2026-05-02 06:52:22.284] [DEBUG] [] [af366b4fe6b1413a894897e80ba931fd]: =========================================
[2026-05-02 06:52:22.284] [DEBUG] [] [af366b4fe6b1413a894897e80ba931fd]: ===>> Output object : 

{
	"alg":"SALT_MD5",
	"code":200,
	"data":{
		"birthYear":1990,
		"createdAt":"2026-05-01 21:18:50",
		"createdBy":0,
		"delFlag":false,
		"email":"admin@staff.local",
		"id":1,
		"isVip":false,
		"lastLoginAt":"2026-05-01 21:45:13.229045",
		"nickname":"超级管理员",
		"staffRole":1,
		"stampsBalance":0,
		"status":1,
		"updatedAt":"2026-05-01 21:45:13",
		"updatedBy":0
	},
	"message":"OK",
	"success":true
} 
class cn.nine.pros.post.client.model.db.UserDTO

[2026-05-02 06:52:22.284] [DEBUG] [] [af366b4fe6b1413a894897e80ba931fd]: =========================================
[2026-05-02 06:52:22.284] [DEBUG] [] [f7c7fac7173a40549c9ed2cff07b5dc9]: <==      Total: 1
[2026-05-02 06:52:22.284] [DEBUG] [] [cda198248953481b88a75a86ed513550]: <==      Total: 1
[2026-05-02 06:52:22.286] [DEBUG] [] [f7c7fac7173a40549c9ed2cff07b5dc9]: ===> Supports JSON Message Converter : true
[2026-05-02 06:52:22.286] [DEBUG] [] [cda198248953481b88a75a86ed513550]: ===> Supports JSON Message Converter : true
[2026-05-02 06:52:22.286] [DEBUG] [] [f7c7fac7173a40549c9ed2cff07b5dc9]: Using 'application/json', given [application/json, text/plain, */*] and supported [application/json, application/*+json]
[2026-05-02 06:52:22.286] [DEBUG] [] [cda198248953481b88a75a86ed513550]: Using 'application/json', given [application/json, text/plain, */*] and supported [application/json, application/*+json]
[2026-05-02 06:52:22.286] [DEBUG] [] [f7c7fac7173a40549c9ed2cff07b5dc9]: ===> Supports JSON Message Converter : true
[2026-05-02 06:52:22.286] [DEBUG] [] [cda198248953481b88a75a86ed513550]: ===> Supports JSON Message Converter : true
[2026-05-02 06:52:22.286] [DEBUG] [] [f7c7fac7173a40549c9ed2cff07b5dc9]: Writing [PageData(total=0, page=1, size=50, pages=0, records=[UserDTO(super=AbstractAuditableDTO(createdAt=20 (truncated)...]
[2026-05-02 06:52:22.286] [DEBUG] [] [cda198248953481b88a75a86ed513550]: Writing [PageData(total=0, page=1, size=50, pages=0, records=[UserDTO(super=AbstractAuditableDTO(createdAt=20 (truncated)...]
[2026-05-02 06:52:22.286] [DEBUG] [] [f7c7fac7173a40549c9ed2cff07b5dc9]: =========================================
[2026-05-02 06:52:22.286] [DEBUG] [] [f7c7fac7173a40549c9ed2cff07b5dc9]: ===>> Output object : 

{
	"alg":"SALT_MD5",
	"code":200,
	"data":{
		"empty":false,
		"page":1,
		"pages":0,
		"recordCount":1,
		"records":[
			{
				"birthYear":1990,
				"createdAt":"2026-05-01 21:18:50",
				"createdBy":0,
				"delFlag":false,
				"email":"admin@staff.local",
				"id":1,
				"isVip":false,
				"lastLoginAt":"2026-05-01 21:45:13.229045",
				"nickname":"超级管理员",
				"passwordHash":"$2a$10$YTUeGZqQ/xrX1d9V26669ubXuH90MthjRxhXxJV5EldtWdFm0WQbS",
				"staffRole":1,
				"stampsBalance":0,
				"status":1,
				"updatedAt":"2026-05-01 21:45:13",
				"updatedBy":0
			}
		],
		"size":50,
		"total":0
	},
	"message":"OK",
	"success":true
} 
cn.nine.commons.data.page.PageData<cn.nine.pros.post.client.model.db.UserDTO>

[2026-05-02 06:52:22.286] [DEBUG] [] [f7c7fac7173a40549c9ed2cff07b5dc9]: =========================================
[2026-05-02 06:52:22.286] [DEBUG] [] [cda198248953481b88a75a86ed513550]: =========================================
[2026-05-02 06:52:22.286] [DEBUG] [] [cda198248953481b88a75a86ed513550]: ===>> Output object : 

{
	"alg":"SALT_MD5",
	"code":200,
	"data":{
		"empty":false,
		"page":1,
		"pages":0,
		"recordCount":1,
		"records":[
			{
				"birthYear":1990,
				"createdAt":"2026-05-01 21:18:50",
				"createdBy":0,
				"delFlag":false,
				"email":"admin@staff.local",
				"id":1,
				"isVip":false,
				"lastLoginAt":"2026-05-01 21:45:13.229045",
				"nickname":"超级管理员",
				"passwordHash":"$2a$10$YTUeGZqQ/xrX1d9V26669ubXuH90MthjRxhXxJV5EldtWdFm0WQbS",
				"staffRole":1,
				"stampsBalance":0,
				"status":1,
				"updatedAt":"2026-05-01 21:45:13",
				"updatedBy":0
			}
		],
		"size":50,
		"total":0
	},
	"message":"OK",
	"success":true
} 
cn.nine.commons.data.page.PageData<cn.nine.pros.post.client.model.db.UserDTO>

[2026-05-02 06:52:22.286] [DEBUG] [] [cda198248953481b88a75a86ed513550]: =========================================
[2026-05-02 06:52:22.286] [DEBUG] [] [f7c7fac7173a40549c9ed2cff07b5dc9]: ==> leave RequestContextHolder.
[2026-05-02 06:52:22.286] [DEBUG] [] [f7c7fac7173a40549c9ed2cff07b5dc9]: ==> leave RequestContextHolder.
[2026-05-02 06:52:22.286] [DEBUG] [] [af366b4fe6b1413a894897e80ba931fd]: ==> leave RequestContextHolder.
[2026-05-02 06:52:22.286] [DEBUG] [] [af366b4fe6b1413a894897e80ba931fd]: ==> leave RequestContextHolder.
[2026-05-02 06:52:22.286] [DEBUG] [] [cda198248953481b88a75a86ed513550]: ==> leave RequestContextHolder.
[2026-05-02 06:52:22.286] [DEBUG] [] [cda198248953481b88a75a86ed513550]: ==> leave RequestContextHolder.
[2026-05-02 06:52:22.289] [DEBUG] [] []: ==》/webapi/auth/current -> into PreRequestContextFilter.
[2026-05-02 06:52:22.289] [DEBUG] [] [fe133a4fcee24f90b53e57cd07a5f93a]: 地址 /webapi/auth/current 进入过滤器
[2026-05-02 06:52:22.291] [DEBUG] [] [fe133a4fcee24f90b53e57cd07a5f93a]: ==>  Preparing: SELECT id,email,password_hash,nickname,birth_year,country_code,bio,avatar_url,stamps_balance,is_vip,vip_expire_at,status,staff_role,register_ip,last_login_at,created_at,created_by,updated_at,updated_by,del_flag FROM bu_user WHERE id=?
[2026-05-02 06:52:22.291] [DEBUG] [] [fe133a4fcee24f90b53e57cd07a5f93a]: ==> Parameters: 1(Long)
[2026-05-02 06:52:22.291] [DEBUG] [] [fe133a4fcee24f90b53e57cd07a5f93a]: <==      Total: 1
[2026-05-02 06:52:22.291] [DEBUG] [] [fe133a4fcee24f90b53e57cd07a5f93a]: ===> Supports JSON Message Converter : true
[2026-05-02 06:52:22.291] [DEBUG] [] [fe133a4fcee24f90b53e57cd07a5f93a]: Using 'application/json', given [application/json, text/plain, */*] and supported [application/json, application/*+json]
[2026-05-02 06:52:22.291] [DEBUG] [] [fe133a4fcee24f90b53e57cd07a5f93a]: ===> Supports JSON Message Converter : true
[2026-05-02 06:52:22.291] [DEBUG] [] [fe133a4fcee24f90b53e57cd07a5f93a]: Writing [UserDTO(super=AbstractAuditableDTO(createdAt=2026-05-01T21:18:50.206341, createdBy=0, updatedAt=2026 (truncated)...]
[2026-05-02 06:52:22.291] [DEBUG] [] [fe133a4fcee24f90b53e57cd07a5f93a]: =========================================
[2026-05-02 06:52:22.291] [DEBUG] [] [fe133a4fcee24f90b53e57cd07a5f93a]: ===>> Output object : 

{
	"alg":"SALT_MD5",
	"code":200,
	"data":{
		"birthYear":1990,
		"createdAt":"2026-05-01 21:18:50",
		"createdBy":0,
		"delFlag":false,
		"email":"admin@staff.local",
		"id":1,
		"isVip":false,
		"lastLoginAt":"2026-05-01 21:45:13.229045",
		"nickname":"超级管理员",
		"staffRole":1,
		"stampsBalance":0,
		"status":1,
		"updatedAt":"2026-05-01 21:45:13",
		"updatedBy":0
	},
	"message":"OK",
	"success":true
} 
class cn.nine.pros.post.client.model.db.UserDTO

[2026-05-02 06:52:22.291] [DEBUG] [] [fe133a4fcee24f90b53e57cd07a5f93a]: =========================================
[2026-05-02 06:52:22.291] [DEBUG] [] [fe133a4fcee24f90b53e57cd07a5f93a]: ==> leave RequestContextHolder.
[2026-05-02 06:52:22.292] [DEBUG] [] [fe133a4fcee24f90b53e57cd07a5f93a]: ==> leave RequestContextHolder.
[2026-05-02 06:56:56.294] [DEBUG] [] []: ==》/webapi/user/paging -> into PreRequestContextFilter.
[2026-05-02 06:56:56.294] [DEBUG] [] [7a932d9f1a0d4f0282d626aa6ce77ff2]: 地址 /webapi/user/paging 进入过滤器
[2026-05-02 06:56:56.294] [DEBUG] [] []: ==》/webapi/user/paging -> into PreRequestContextFilter.
[2026-05-02 06:56:56.294] [DEBUG] [] [f4cec18f0fca41b891a48a4cf18b3e2c]: 地址 /webapi/user/paging 进入过滤器
[2026-05-02 06:56:56.294] [DEBUG] [] []: ==》/webapi/auth/current -> into PreRequestContextFilter.
[2026-05-02 06:56:56.294] [DEBUG] [] [984858e50c0943f6a2af3d1a48985a82]: 地址 /webapi/auth/current 进入过滤器
[2026-05-02 06:56:56.296] [DEBUG] [] [984858e50c0943f6a2af3d1a48985a82]: ==>  Preparing: SELECT id,email,password_hash,nickname,birth_year,country_code,bio,avatar_url,stamps_balance,is_vip,vip_expire_at,status,staff_role,register_ip,last_login_at,created_at,created_by,updated_at,updated_by,del_flag FROM bu_user WHERE id=?
[2026-05-02 06:56:56.296] [DEBUG] [] [984858e50c0943f6a2af3d1a48985a82]: ==> Parameters: 1(Long)
[2026-05-02 06:56:56.296] [DEBUG] [] [f4cec18f0fca41b891a48a4cf18b3e2c]: ==>  Preparing: SELECT id,email,password_hash,nickname,birth_year,country_code,bio,avatar_url,stamps_balance,is_vip,vip_expire_at,status,staff_role,register_ip,last_login_at,created_at,created_by,updated_at,updated_by,del_flag FROM bu_user WHERE (del_flag = ?) ORDER BY created_at DESC
[2026-05-02 06:56:56.296] [DEBUG] [] [f4cec18f0fca41b891a48a4cf18b3e2c]: ==> Parameters: false(Boolean)
[2026-05-02 06:56:56.296] [DEBUG] [] [7a932d9f1a0d4f0282d626aa6ce77ff2]: ==>  Preparing: SELECT id,email,password_hash,nickname,birth_year,country_code,bio,avatar_url,stamps_balance,is_vip,vip_expire_at,status,staff_role,register_ip,last_login_at,created_at,created_by,updated_at,updated_by,del_flag FROM bu_user WHERE (del_flag = ?) ORDER BY created_at DESC
[2026-05-02 06:56:56.296] [DEBUG] [] [7a932d9f1a0d4f0282d626aa6ce77ff2]: ==> Parameters: false(Boolean)
[2026-05-02 06:56:56.296] [DEBUG] [] [984858e50c0943f6a2af3d1a48985a82]: <==      Total: 1
[2026-05-02 06:56:56.296] [DEBUG] [] [984858e50c0943f6a2af3d1a48985a82]: ===> Supports JSON Message Converter : true
[2026-05-02 06:56:56.296] [DEBUG] [] [984858e50c0943f6a2af3d1a48985a82]: Using 'application/json', given [application/json, text/plain, */*] and supported [application/json, application/*+json]
[2026-05-02 06:56:56.296] [DEBUG] [] [984858e50c0943f6a2af3d1a48985a82]: ===> Supports JSON Message Converter : true
[2026-05-02 06:56:56.296] [DEBUG] [] [984858e50c0943f6a2af3d1a48985a82]: Writing [UserDTO(super=AbstractAuditableDTO(createdAt=2026-05-01T21:18:50.206341, createdBy=0, updatedAt=2026 (truncated)...]
[2026-05-02 06:56:56.296] [DEBUG] [] [984858e50c0943f6a2af3d1a48985a82]: =========================================
[2026-05-02 06:56:56.296] [DEBUG] [] [984858e50c0943f6a2af3d1a48985a82]: ===>> Output object : 

{
	"alg":"SALT_MD5",
	"code":200,
	"data":{
		"birthYear":1990,
		"createdAt":"2026-05-01 21:18:50",
		"createdBy":0,
		"delFlag":false,
		"email":"admin@staff.local",
		"id":1,
		"isVip":false,
		"lastLoginAt":"2026-05-01 21:45:13.229045",
		"nickname":"超级管理员",
		"staffRole":1,
		"stampsBalance":0,
		"status":1,
		"updatedAt":"2026-05-01 21:45:13",
		"updatedBy":0
	},
	"message":"OK",
	"success":true
} 
class cn.nine.pros.post.client.model.db.UserDTO

[2026-05-02 06:56:56.296] [DEBUG] [] [984858e50c0943f6a2af3d1a48985a82]: =========================================
[2026-05-02 06:56:56.296] [DEBUG] [] [f4cec18f0fca41b891a48a4cf18b3e2c]: <==      Total: 1
[2026-05-02 06:56:56.296] [DEBUG] [] [7a932d9f1a0d4f0282d626aa6ce77ff2]: <==      Total: 1
[2026-05-02 06:56:56.297] [DEBUG] [] [f4cec18f0fca41b891a48a4cf18b3e2c]: ===> Supports JSON Message Converter : true
[2026-05-02 06:56:56.297] [DEBUG] [] [7a932d9f1a0d4f0282d626aa6ce77ff2]: ===> Supports JSON Message Converter : true
[2026-05-02 06:56:56.297] [DEBUG] [] [f4cec18f0fca41b891a48a4cf18b3e2c]: Using 'application/json', given [application/json, text/plain, */*] and supported [application/json, application/*+json]
[2026-05-02 06:56:56.297] [DEBUG] [] [f4cec18f0fca41b891a48a4cf18b3e2c]: ===> Supports JSON Message Converter : true
[2026-05-02 06:56:56.297] [DEBUG] [] [7a932d9f1a0d4f0282d626aa6ce77ff2]: Using 'application/json', given [application/json, text/plain, */*] and supported [application/json, application/*+json]
[2026-05-02 06:56:56.297] [DEBUG] [] [f4cec18f0fca41b891a48a4cf18b3e2c]: Writing [PageData(total=0, page=1, size=50, pages=0, records=[UserDTO(super=AbstractAuditableDTO(createdAt=20 (truncated)...]
[2026-05-02 06:56:56.297] [DEBUG] [] [7a932d9f1a0d4f0282d626aa6ce77ff2]: ===> Supports JSON Message Converter : true
[2026-05-02 06:56:56.297] [DEBUG] [] [f4cec18f0fca41b891a48a4cf18b3e2c]: =========================================
[2026-05-02 06:56:56.297] [DEBUG] [] [984858e50c0943f6a2af3d1a48985a82]: ==> leave RequestContextHolder.
[2026-05-02 06:56:56.297] [DEBUG] [] [984858e50c0943f6a2af3d1a48985a82]: ==> leave RequestContextHolder.
[2026-05-02 06:56:56.297] [DEBUG] [] [7a932d9f1a0d4f0282d626aa6ce77ff2]: Writing [PageData(total=0, page=1, size=50, pages=0, records=[UserDTO(super=AbstractAuditableDTO(createdAt=20 (truncated)...]
[2026-05-02 06:56:56.297] [DEBUG] [] [f4cec18f0fca41b891a48a4cf18b3e2c]: ===>> Output object : 

{
	"alg":"SALT_MD5",
	"code":200,
	"data":{
		"empty":false,
		"page":1,
		"pages":0,
		"recordCount":1,
		"records":[
			{
				"birthYear":1990,
				"createdAt":"2026-05-01 21:18:50",
				"createdBy":0,
				"delFlag":false,
				"email":"admin@staff.local",
				"id":1,
				"isVip":false,
				"lastLoginAt":"2026-05-01 21:45:13.229045",
				"nickname":"超级管理员",
				"passwordHash":"$2a$10$YTUeGZqQ/xrX1d9V26669ubXuH90MthjRxhXxJV5EldtWdFm0WQbS",
				"staffRole":1,
				"stampsBalance":0,
				"status":1,
				"updatedAt":"2026-05-01 21:45:13",
				"updatedBy":0
			}
		],
		"size":50,
		"total":0
	},
	"message":"OK",
	"success":true
} 
cn.nine.commons.data.page.PageData<cn.nine.pros.post.client.model.db.UserDTO>

[2026-05-02 06:56:56.297] [DEBUG] [] [f4cec18f0fca41b891a48a4cf18b3e2c]: =========================================
[2026-05-02 06:56:56.297] [DEBUG] [] [7a932d9f1a0d4f0282d626aa6ce77ff2]: =========================================
[2026-05-02 06:56:56.297] [DEBUG] [] [7a932d9f1a0d4f0282d626aa6ce77ff2]: ===>> Output object : 

{
	"alg":"SALT_MD5",
	"code":200,
	"data":{
		"empty":false,
		"page":1,
		"pages":0,
		"recordCount":1,
		"records":[
			{
				"birthYear":1990,
				"createdAt":"2026-05-01 21:18:50",
				"createdBy":0,
				"delFlag":false,
				"email":"admin@staff.local",
				"id":1,
				"isVip":false,
				"lastLoginAt":"2026-05-01 21:45:13.229045",
				"nickname":"超级管理员",
				"passwordHash":"$2a$10$YTUeGZqQ/xrX1d9V26669ubXuH90MthjRxhXxJV5EldtWdFm0WQbS",
				"staffRole":1,
				"stampsBalance":0,
				"status":1,
				"updatedAt":"2026-05-01 21:45:13",
				"updatedBy":0
			}
		],
		"size":50,
		"total":0
	},
	"message":"OK",
	"success":true
} 
cn.nine.commons.data.page.PageData<cn.nine.pros.post.client.model.db.UserDTO>

[2026-05-02 06:56:56.297] [DEBUG] [] [7a932d9f1a0d4f0282d626aa6ce77ff2]: =========================================
[2026-05-02 06:56:56.297] [DEBUG] [] [7a932d9f1a0d4f0282d626aa6ce77ff2]: ==> leave RequestContextHolder.
[2026-05-02 06:56:56.297] [DEBUG] [] [7a932d9f1a0d4f0282d626aa6ce77ff2]: ==> leave RequestContextHolder.
[2026-05-02 06:56:56.297] [DEBUG] [] [f4cec18f0fca41b891a48a4cf18b3e2c]: ==> leave RequestContextHolder.
[2026-05-02 06:56:56.297] [DEBUG] [] [f4cec18f0fca41b891a48a4cf18b3e2c]: ==> leave RequestContextHolder.
[2026-05-02 06:56:56.298] [DEBUG] [] []: ==》/webapi/auth/current -> into PreRequestContextFilter.
[2026-05-02 06:56:56.299] [DEBUG] [] [d58a821abb3a4924985a8be38684bf59]: 地址 /webapi/auth/current 进入过滤器
[2026-05-02 06:56:56.299] [DEBUG] [] [d58a821abb3a4924985a8be38684bf59]: ==>  Preparing: SELECT id,email,password_hash,nickname,birth_year,country_code,bio,avatar_url,stamps_balance,is_vip,vip_expire_at,status,staff_role,register_ip,last_login_at,created_at,created_by,updated_at,updated_by,del_flag FROM bu_user WHERE id=?
[2026-05-02 06:56:56.299] [DEBUG] [] [d58a821abb3a4924985a8be38684bf59]: ==> Parameters: 1(Long)
[2026-05-02 06:56:56.300] [DEBUG] [] [d58a821abb3a4924985a8be38684bf59]: <==      Total: 1
[2026-05-02 06:56:56.300] [DEBUG] [] [d58a821abb3a4924985a8be38684bf59]: ===> Supports JSON Message Converter : true
[2026-05-02 06:56:56.300] [DEBUG] [] [d58a821abb3a4924985a8be38684bf59]: Using 'application/json', given [application/json, text/plain, */*] and supported [application/json, application/*+json]
[2026-05-02 06:56:56.300] [DEBUG] [] [d58a821abb3a4924985a8be38684bf59]: ===> Supports JSON Message Converter : true
[2026-05-02 06:56:56.300] [DEBUG] [] [d58a821abb3a4924985a8be38684bf59]: Writing [UserDTO(super=AbstractAuditableDTO(createdAt=2026-05-01T21:18:50.206341, createdBy=0, updatedAt=2026 (truncated)...]
[2026-05-02 06:56:56.300] [DEBUG] [] [d58a821abb3a4924985a8be38684bf59]: =========================================
[2026-05-02 06:56:56.300] [DEBUG] [] [d58a821abb3a4924985a8be38684bf59]: ===>> Output object : 

{
	"alg":"SALT_MD5",
	"code":200,
	"data":{
		"birthYear":1990,
		"createdAt":"2026-05-01 21:18:50",
		"createdBy":0,
		"delFlag":false,
		"email":"admin@staff.local",
		"id":1,
		"isVip":false,
		"lastLoginAt":"2026-05-01 21:45:13.229045",
		"nickname":"超级管理员",
		"staffRole":1,
		"stampsBalance":0,
		"status":1,
		"updatedAt":"2026-05-01 21:45:13",
		"updatedBy":0
	},
	"message":"OK",
	"success":true
} 
class cn.nine.pros.post.client.model.db.UserDTO

[2026-05-02 06:56:56.300] [DEBUG] [] [d58a821abb3a4924985a8be38684bf59]: =========================================
[2026-05-02 06:56:56.300] [DEBUG] [] [d58a821abb3a4924985a8be38684bf59]: ==> leave RequestContextHolder.
[2026-05-02 06:56:56.300] [DEBUG] [] [d58a821abb3a4924985a8be38684bf59]: ==> leave RequestContextHolder.
[2026-05-02 07:02:22.295] [DEBUG] [] []: ==》/webapi/user/paging -> into PreRequestContextFilter.
[2026-05-02 07:02:22.295] [DEBUG] [] [f58d5eb0e26c49489e60614deebc715e]: 地址 /webapi/user/paging 进入过滤器
[2026-05-02 07:02:22.295] [DEBUG] [] []: ==》/webapi/user/paging -> into PreRequestContextFilter.
[2026-05-02 07:02:22.295] [DEBUG] [] [9a5add8b868b49c1bd8463cb113ef678]: 地址 /webapi/user/paging 进入过滤器
[2026-05-02 07:02:22.295] [DEBUG] [] []: ==》/webapi/auth/current -> into PreRequestContextFilter.
[2026-05-02 07:02:22.295] [DEBUG] [] [64859970f88340719a4cb54131ff8e98]: 地址 /webapi/auth/current 进入过滤器
[2026-05-02 07:02:22.301] [DEBUG] [] [64859970f88340719a4cb54131ff8e98]: ==>  Preparing: SELECT id,email,password_hash,nickname,birth_year,country_code,bio,avatar_url,stamps_balance,is_vip,vip_expire_at,status,staff_role,register_ip,last_login_at,created_at,created_by,updated_at,updated_by,del_flag FROM bu_user WHERE id=?
[2026-05-02 07:02:22.301] [DEBUG] [] [64859970f88340719a4cb54131ff8e98]: ==> Parameters: 1(Long)
[2026-05-02 07:02:22.301] [DEBUG] [] [f58d5eb0e26c49489e60614deebc715e]: ==>  Preparing: SELECT id,email,password_hash,nickname,birth_year,country_code,bio,avatar_url,stamps_balance,is_vip,vip_expire_at,status,staff_role,register_ip,last_login_at,created_at,created_by,updated_at,updated_by,del_flag FROM bu_user WHERE (del_flag = ?) ORDER BY created_at DESC
[2026-05-02 07:02:22.301] [DEBUG] [] [f58d5eb0e26c49489e60614deebc715e]: ==> Parameters: false(Boolean)
[2026-05-02 07:02:22.301] [DEBUG] [] [64859970f88340719a4cb54131ff8e98]: <==      Total: 1
[2026-05-02 07:02:22.301] [DEBUG] [] [9a5add8b868b49c1bd8463cb113ef678]: ==>  Preparing: SELECT id,email,password_hash,nickname,birth_year,country_code,bio,avatar_url,stamps_balance,is_vip,vip_expire_at,status,staff_role,register_ip,last_login_at,created_at,created_by,updated_at,updated_by,del_flag FROM bu_user WHERE (del_flag = ?) ORDER BY created_at DESC
[2026-05-02 07:02:22.301] [DEBUG] [] [9a5add8b868b49c1bd8463cb113ef678]: ==> Parameters: false(Boolean)
[2026-05-02 07:02:22.301] [DEBUG] [] [64859970f88340719a4cb54131ff8e98]: ===> Supports JSON Message Converter : true
[2026-05-02 07:02:22.301] [DEBUG] [] [64859970f88340719a4cb54131ff8e98]: Using 'application/json', given [application/json, text/plain, */*] and supported [application/json, application/*+json]
[2026-05-02 07:02:22.301] [DEBUG] [] [64859970f88340719a4cb54131ff8e98]: ===> Supports JSON Message Converter : true
[2026-05-02 07:02:22.303] [DEBUG] [] [64859970f88340719a4cb54131ff8e98]: Writing [UserDTO(super=AbstractAuditableDTO(createdAt=2026-05-01T21:18:50.206341, createdBy=0, updatedAt=2026 (truncated)...]
[2026-05-02 07:02:22.303] [DEBUG] [] [64859970f88340719a4cb54131ff8e98]: =========================================
[2026-05-02 07:02:22.303] [DEBUG] [] [64859970f88340719a4cb54131ff8e98]: ===>> Output object : 

{
	"alg":"SALT_MD5",
	"code":200,
	"data":{
		"birthYear":1990,
		"createdAt":"2026-05-01 21:18:50",
		"createdBy":0,
		"delFlag":false,
		"email":"admin@staff.local",
		"id":1,
		"isVip":false,
		"lastLoginAt":"2026-05-01 21:45:13.229045",
		"nickname":"超级管理员",
		"staffRole":1,
		"stampsBalance":0,
		"status":1,
		"updatedAt":"2026-05-01 21:45:13",
		"updatedBy":0
	},
	"message":"OK",
	"success":true
} 
class cn.nine.pros.post.client.model.db.UserDTO

[2026-05-02 07:02:22.303] [DEBUG] [] [64859970f88340719a4cb54131ff8e98]: =========================================
[2026-05-02 07:02:22.303] [DEBUG] [] [f58d5eb0e26c49489e60614deebc715e]: <==      Total: 1
[2026-05-02 07:02:22.303] [DEBUG] [] [64859970f88340719a4cb54131ff8e98]: ==> leave RequestContextHolder.
[2026-05-02 07:02:22.303] [DEBUG] [] [64859970f88340719a4cb54131ff8e98]: ==> leave RequestContextHolder.
[2026-05-02 07:02:22.303] [DEBUG] [] [f58d5eb0e26c49489e60614deebc715e]: ===> Supports JSON Message Converter : true
[2026-05-02 07:02:22.303] [DEBUG] [] [f58d5eb0e26c49489e60614deebc715e]: Using 'application/json', given [application/json, text/plain, */*] and supported [application/json, application/*+json]
[2026-05-02 07:02:22.303] [DEBUG] [] [f58d5eb0e26c49489e60614deebc715e]: ===> Supports JSON Message Converter : true
[2026-05-02 07:02:22.303] [DEBUG] [] [f58d5eb0e26c49489e60614deebc715e]: Writing [PageData(total=0, page=1, size=50, pages=0, records=[UserDTO(super=AbstractAuditableDTO(createdAt=20 (truncated)...]
[2026-05-02 07:02:22.303] [DEBUG] [] [f58d5eb0e26c49489e60614deebc715e]: =========================================
[2026-05-02 07:02:22.303] [DEBUG] [] [f58d5eb0e26c49489e60614deebc715e]: ===>> Output object : 

{
	"alg":"SALT_MD5",
	"code":200,
	"data":{
		"empty":false,
		"page":1,
		"pages":0,
		"recordCount":1,
		"records":[
			{
				"birthYear":1990,
				"createdAt":"2026-05-01 21:18:50",
				"createdBy":0,
				"delFlag":false,
				"email":"admin@staff.local",
				"id":1,
				"isVip":false,
				"lastLoginAt":"2026-05-01 21:45:13.229045",
				"nickname":"超级管理员",
				"passwordHash":"$2a$10$YTUeGZqQ/xrX1d9V26669ubXuH90MthjRxhXxJV5EldtWdFm0WQbS",
				"staffRole":1,
				"stampsBalance":0,
				"status":1,
				"updatedAt":"2026-05-01 21:45:13",
				"updatedBy":0
			}
		],
		"size":50,
		"total":0
	},
	"message":"OK",
	"success":true
} 
cn.nine.commons.data.page.PageData<cn.nine.pros.post.client.model.db.UserDTO>

[2026-05-02 07:02:22.303] [DEBUG] [] [f58d5eb0e26c49489e60614deebc715e]: =========================================
[2026-05-02 07:02:22.303] [DEBUG] [] [f58d5eb0e26c49489e60614deebc715e]: ==> leave RequestContextHolder.
[2026-05-02 07:02:22.303] [DEBUG] [] [f58d5eb0e26c49489e60614deebc715e]: ==> leave RequestContextHolder.
[2026-05-02 07:02:22.303] [DEBUG] [] [9a5add8b868b49c1bd8463cb113ef678]: <==      Total: 1
[2026-05-02 07:02:22.303] [DEBUG] [] [9a5add8b868b49c1bd8463cb113ef678]: ===> Supports JSON Message Converter : true
[2026-05-02 07:02:22.303] [DEBUG] [] [9a5add8b868b49c1bd8463cb113ef678]: Using 'application/json', given [application/json, text/plain, */*] and supported [application/json, application/*+json]
[2026-05-02 07:02:22.303] [DEBUG] [] [9a5add8b868b49c1bd8463cb113ef678]: ===> Supports JSON Message Converter : true
[2026-05-02 07:02:22.303] [DEBUG] [] [9a5add8b868b49c1bd8463cb113ef678]: Writing [PageData(total=0, page=1, size=50, pages=0, records=[UserDTO(super=AbstractAuditableDTO(createdAt=20 (truncated)...]
[2026-05-02 07:02:22.303] [DEBUG] [] [9a5add8b868b49c1bd8463cb113ef678]: =========================================
[2026-05-02 07:02:22.303] [DEBUG] [] [9a5add8b868b49c1bd8463cb113ef678]: ===>> Output object : 

{
	"alg":"SALT_MD5",
	"code":200,
	"data":{
		"empty":false,
		"page":1,
		"pages":0,
		"recordCount":1,
		"records":[
			{
				"birthYear":1990,
				"createdAt":"2026-05-01 21:18:50",
				"createdBy":0,
				"delFlag":false,
				"email":"admin@staff.local",
				"id":1,
				"isVip":false,
				"lastLoginAt":"2026-05-01 21:45:13.229045",
				"nickname":"超级管理员",
				"passwordHash":"$2a$10$YTUeGZqQ/xrX1d9V26669ubXuH90MthjRxhXxJV5EldtWdFm0WQbS",
				"staffRole":1,
				"stampsBalance":0,
				"status":1,
				"updatedAt":"2026-05-01 21:45:13",
				"updatedBy":0
			}
		],
		"size":50,
		"total":0
	},
	"message":"OK",
	"success":true
} 
cn.nine.commons.data.page.PageData<cn.nine.pros.post.client.model.db.UserDTO>

[2026-05-02 07:02:22.303] [DEBUG] [] [9a5add8b868b49c1bd8463cb113ef678]: =========================================
[2026-05-02 07:02:22.303] [DEBUG] [] [9a5add8b868b49c1bd8463cb113ef678]: ==> leave RequestContextHolder.
[2026-05-02 07:02:22.303] [DEBUG] [] [9a5add8b868b49c1bd8463cb113ef678]: ==> leave RequestContextHolder.
[2026-05-02 07:02:22.305] [DEBUG] [] []: ==》/webapi/auth/current -> into PreRequestContextFilter.
[2026-05-02 07:02:22.305] [DEBUG] [] [9487d0bd346f4345b65206ba57bb2744]: 地址 /webapi/auth/current 进入过滤器
[2026-05-02 07:02:22.306] [DEBUG] [] [9487d0bd346f4345b65206ba57bb2744]: ==>  Preparing: SELECT id,email,password_hash,nickname,birth_year,country_code,bio,avatar_url,stamps_balance,is_vip,vip_expire_at,status,staff_role,register_ip,last_login_at,created_at,created_by,updated_at,updated_by,del_flag FROM bu_user WHERE id=?
[2026-05-02 07:02:22.306] [DEBUG] [] [9487d0bd346f4345b65206ba57bb2744]: ==> Parameters: 1(Long)
[2026-05-02 07:02:22.307] [DEBUG] [] [9487d0bd346f4345b65206ba57bb2744]: <==      Total: 1
[2026-05-02 07:02:22.307] [DEBUG] [] [9487d0bd346f4345b65206ba57bb2744]: ===> Supports JSON Message Converter : true
[2026-05-02 07:02:22.307] [DEBUG] [] [9487d0bd346f4345b65206ba57bb2744]: Using 'application/json', given [application/json, text/plain, */*] and supported [application/json, application/*+json]
[2026-05-02 07:02:22.307] [DEBUG] [] [9487d0bd346f4345b65206ba57bb2744]: ===> Supports JSON Message Converter : true
[2026-05-02 07:02:22.307] [DEBUG] [] [9487d0bd346f4345b65206ba57bb2744]: Writing [UserDTO(super=AbstractAuditableDTO(createdAt=2026-05-01T21:18:50.206341, createdBy=0, updatedAt=2026 (truncated)...]
[2026-05-02 07:02:22.307] [DEBUG] [] [9487d0bd346f4345b65206ba57bb2744]: =========================================
[2026-05-02 07:02:22.307] [DEBUG] [] [9487d0bd346f4345b65206ba57bb2744]: ===>> Output object : 

{
	"alg":"SALT_MD5",
	"code":200,
	"data":{
		"birthYear":1990,
		"createdAt":"2026-05-01 21:18:50",
		"createdBy":0,
		"delFlag":false,
		"email":"admin@staff.local",
		"id":1,
		"isVip":false,
		"lastLoginAt":"2026-05-01 21:45:13.229045",
		"nickname":"超级管理员",
		"staffRole":1,
		"stampsBalance":0,
		"status":1,
		"updatedAt":"2026-05-01 21:45:13",
		"updatedBy":0
	},
	"message":"OK",
	"success":true
} 
class cn.nine.pros.post.client.model.db.UserDTO

[2026-05-02 07:02:22.307] [DEBUG] [] [9487d0bd346f4345b65206ba57bb2744]: =========================================
[2026-05-02 07:02:22.307] [DEBUG] [] [9487d0bd346f4345b65206ba57bb2744]: ==> leave RequestContextHolder.
[2026-05-02 07:02:22.307] [DEBUG] [] [9487d0bd346f4345b65206ba57bb2744]: ==> leave RequestContextHolder.
[2026-05-02 07:06:56.344] [DEBUG] [] []: ==》/webapi/user/paging -> into PreRequestContextFilter.
[2026-05-02 07:06:56.345] [DEBUG] [] [c1fd0efda2ef412a985fd93166b769f8]: 地址 /webapi/user/paging 进入过滤器
[2026-05-02 07:06:56.345] [DEBUG] [] []: ==》/webapi/user/paging -> into PreRequestContextFilter.
[2026-05-02 07:06:56.345] [DEBUG] [] []: ==》/webapi/auth/current -> into PreRequestContextFilter.
[2026-05-02 07:06:56.345] [DEBUG] [] [7e41bb5aa602443aad7b776e8bab82e5]: 地址 /webapi/user/paging 进入过滤器
[2026-05-02 07:06:56.345] [DEBUG] [] [ed0d0e49da1c4ff1b9a494dfa5977f7a]: 地址 /webapi/auth/current 进入过滤器
[2026-05-02 07:06:56.351] [DEBUG] [] [ed0d0e49da1c4ff1b9a494dfa5977f7a]: ==>  Preparing: SELECT id,email,password_hash,nickname,birth_year,country_code,bio,avatar_url,stamps_balance,is_vip,vip_expire_at,status,staff_role,register_ip,last_login_at,created_at,created_by,updated_at,updated_by,del_flag FROM bu_user WHERE id=?
[2026-05-02 07:06:56.351] [DEBUG] [] [ed0d0e49da1c4ff1b9a494dfa5977f7a]: ==> Parameters: 1(Long)
[2026-05-02 07:06:56.352] [DEBUG] [] [c1fd0efda2ef412a985fd93166b769f8]: ==>  Preparing: SELECT id,email,password_hash,nickname,birth_year,country_code,bio,avatar_url,stamps_balance,is_vip,vip_expire_at,status,staff_role,register_ip,last_login_at,created_at,created_by,updated_at,updated_by,del_flag FROM bu_user WHERE (del_flag = ?) ORDER BY created_at DESC
[2026-05-02 07:06:56.352] [DEBUG] [] [c1fd0efda2ef412a985fd93166b769f8]: ==> Parameters: false(Boolean)
[2026-05-02 07:06:56.352] [DEBUG] [] [7e41bb5aa602443aad7b776e8bab82e5]: ==>  Preparing: SELECT id,email,password_hash,nickname,birth_year,country_code,bio,avatar_url,stamps_balance,is_vip,vip_expire_at,status,staff_role,register_ip,last_login_at,created_at,created_by,updated_at,updated_by,del_flag FROM bu_user WHERE (del_flag = ?) ORDER BY created_at DESC
[2026-05-02 07:06:56.352] [DEBUG] [] [ed0d0e49da1c4ff1b9a494dfa5977f7a]: <==      Total: 1
[2026-05-02 07:06:56.352] [DEBUG] [] [7e41bb5aa602443aad7b776e8bab82e5]: ==> Parameters: false(Boolean)
[2026-05-02 07:06:56.352] [DEBUG] [] [ed0d0e49da1c4ff1b9a494dfa5977f7a]: ===> Supports JSON Message Converter : true
[2026-05-02 07:06:56.352] [DEBUG] [] [ed0d0e49da1c4ff1b9a494dfa5977f7a]: Using 'application/json', given [application/json, text/plain, */*] and supported [application/json, application/*+json]
[2026-05-02 07:06:56.352] [DEBUG] [] [ed0d0e49da1c4ff1b9a494dfa5977f7a]: ===> Supports JSON Message Converter : true
[2026-05-02 07:06:56.352] [DEBUG] [] [ed0d0e49da1c4ff1b9a494dfa5977f7a]: Writing [UserDTO(super=AbstractAuditableDTO(createdAt=2026-05-01T21:18:50.206341, createdBy=0, updatedAt=2026 (truncated)...]
[2026-05-02 07:06:56.352] [DEBUG] [] [ed0d0e49da1c4ff1b9a494dfa5977f7a]: =========================================
[2026-05-02 07:06:56.352] [DEBUG] [] [ed0d0e49da1c4ff1b9a494dfa5977f7a]: ===>> Output object : 

{
	"alg":"SALT_MD5",
	"code":200,
	"data":{
		"birthYear":1990,
		"createdAt":"2026-05-01 21:18:50",
		"createdBy":0,
		"delFlag":false,
		"email":"admin@staff.local",
		"id":1,
		"isVip":false,
		"lastLoginAt":"2026-05-01 21:45:13.229045",
		"nickname":"超级管理员",
		"staffRole":1,
		"stampsBalance":0,
		"status":1,
		"updatedAt":"2026-05-01 21:45:13",
		"updatedBy":0
	},
	"message":"OK",
	"success":true
} 
class cn.nine.pros.post.client.model.db.UserDTO

[2026-05-02 07:06:56.352] [DEBUG] [] [ed0d0e49da1c4ff1b9a494dfa5977f7a]: =========================================
[2026-05-02 07:06:56.352] [DEBUG] [] [ed0d0e49da1c4ff1b9a494dfa5977f7a]: ==> leave RequestContextHolder.
[2026-05-02 07:06:56.352] [DEBUG] [] [ed0d0e49da1c4ff1b9a494dfa5977f7a]: ==> leave RequestContextHolder.
[2026-05-02 07:06:56.354] [DEBUG] [] []: ==》/webapi/auth/current -> into PreRequestContextFilter.
[2026-05-02 07:06:56.354] [DEBUG] [] [1ef856c7e3d145339a246da6087b28e6]: 地址 /webapi/auth/current 进入过滤器
[2026-05-02 07:06:56.355] [DEBUG] [] [1ef856c7e3d145339a246da6087b28e6]: ==>  Preparing: SELECT id,email,password_hash,nickname,birth_year,country_code,bio,avatar_url,stamps_balance,is_vip,vip_expire_at,status,staff_role,register_ip,last_login_at,created_at,created_by,updated_at,updated_by,del_flag FROM bu_user WHERE id=?
[2026-05-02 07:06:56.355] [DEBUG] [] [c1fd0efda2ef412a985fd93166b769f8]: <==      Total: 1
[2026-05-02 07:06:56.355] [DEBUG] [] [1ef856c7e3d145339a246da6087b28e6]: ==> Parameters: 1(Long)
[2026-05-02 07:06:56.355] [DEBUG] [] [7e41bb5aa602443aad7b776e8bab82e5]: <==      Total: 1
[2026-05-02 07:06:56.355] [DEBUG] [] [c1fd0efda2ef412a985fd93166b769f8]: ===> Supports JSON Message Converter : true
[2026-05-02 07:06:56.355] [DEBUG] [] [7e41bb5aa602443aad7b776e8bab82e5]: ===> Supports JSON Message Converter : true
[2026-05-02 07:06:56.355] [DEBUG] [] [c1fd0efda2ef412a985fd93166b769f8]: Using 'application/json', given [application/json, text/plain, */*] and supported [application/json, application/*+json]
[2026-05-02 07:06:56.355] [DEBUG] [] [7e41bb5aa602443aad7b776e8bab82e5]: Using 'application/json', given [application/json, text/plain, */*] and supported [application/json, application/*+json]
[2026-05-02 07:06:56.355] [DEBUG] [] [c1fd0efda2ef412a985fd93166b769f8]: ===> Supports JSON Message Converter : true
[2026-05-02 07:06:56.355] [DEBUG] [] [7e41bb5aa602443aad7b776e8bab82e5]: ===> Supports JSON Message Converter : true
[2026-05-02 07:06:56.355] [DEBUG] [] [c1fd0efda2ef412a985fd93166b769f8]: Writing [PageData(total=0, page=1, size=50, pages=0, records=[UserDTO(super=AbstractAuditableDTO(createdAt=20 (truncated)...]
[2026-05-02 07:06:56.355] [DEBUG] [] [7e41bb5aa602443aad7b776e8bab82e5]: Writing [PageData(total=0, page=1, size=50, pages=0, records=[UserDTO(super=AbstractAuditableDTO(createdAt=20 (truncated)...]
[2026-05-02 07:06:56.355] [DEBUG] [] [c1fd0efda2ef412a985fd93166b769f8]: =========================================
[2026-05-02 07:06:56.355] [DEBUG] [] [c1fd0efda2ef412a985fd93166b769f8]: ===>> Output object : 

{
	"alg":"SALT_MD5",
	"code":200,
	"data":{
		"empty":false,
		"page":1,
		"pages":0,
		"recordCount":1,
		"records":[
			{
				"birthYear":1990,
				"createdAt":"2026-05-01 21:18:50",
				"createdBy":0,
				"delFlag":false,
				"email":"admin@staff.local",
				"id":1,
				"isVip":false,
				"lastLoginAt":"2026-05-01 21:45:13.229045",
				"nickname":"超级管理员",
				"passwordHash":"$2a$10$YTUeGZqQ/xrX1d9V26669ubXuH90MthjRxhXxJV5EldtWdFm0WQbS",
				"staffRole":1,
				"stampsBalance":0,
				"status":1,
				"updatedAt":"2026-05-01 21:45:13",
				"updatedBy":0
			}
		],
		"size":50,
		"total":0
	},
	"message":"OK",
	"success":true
} 
cn.nine.commons.data.page.PageData<cn.nine.pros.post.client.model.db.UserDTO>

[2026-05-02 07:06:56.355] [DEBUG] [] [c1fd0efda2ef412a985fd93166b769f8]: =========================================
[2026-05-02 07:06:56.355] [DEBUG] [] [7e41bb5aa602443aad7b776e8bab82e5]: =========================================
[2026-05-02 07:06:56.355] [DEBUG] [] [7e41bb5aa602443aad7b776e8bab82e5]: ===>> Output object : 

{
	"alg":"SALT_MD5",
	"code":200,
	"data":{
		"empty":false,
		"page":1,
		"pages":0,
		"recordCount":1,
		"records":[
			{
				"birthYear":1990,
				"createdAt":"2026-05-01 21:18:50",
				"createdBy":0,
				"delFlag":false,
				"email":"admin@staff.local",
				"id":1,
				"isVip":false,
				"lastLoginAt":"2026-05-01 21:45:13.229045",
				"nickname":"超级管理员",
				"passwordHash":"$2a$10$YTUeGZqQ/xrX1d9V26669ubXuH90MthjRxhXxJV5EldtWdFm0WQbS",
				"staffRole":1,
				"stampsBalance":0,
				"status":1,
				"updatedAt":"2026-05-01 21:45:13",
				"updatedBy":0
			}
		],
		"size":50,
		"total":0
	},
	"message":"OK",
	"success":true
} 
cn.nine.commons.data.page.PageData<cn.nine.pros.post.client.model.db.UserDTO>

[2026-05-02 07:06:56.355] [DEBUG] [] [7e41bb5aa602443aad7b776e8bab82e5]: =========================================
[2026-05-02 07:06:56.357] [DEBUG] [] [c1fd0efda2ef412a985fd93166b769f8]: ==> leave RequestContextHolder.
[2026-05-02 07:06:56.357] [DEBUG] [] [7e41bb5aa602443aad7b776e8bab82e5]: ==> leave RequestContextHolder.
[2026-05-02 07:06:56.357] [DEBUG] [] [1ef856c7e3d145339a246da6087b28e6]: <==      Total: 1
[2026-05-02 07:06:56.357] [DEBUG] [] [c1fd0efda2ef412a985fd93166b769f8]: ==> leave RequestContextHolder.
[2026-05-02 07:06:56.357] [DEBUG] [] [7e41bb5aa602443aad7b776e8bab82e5]: ==> leave RequestContextHolder.
[2026-05-02 07:06:56.357] [DEBUG] [] [1ef856c7e3d145339a246da6087b28e6]: ===> Supports JSON Message Converter : true
[2026-05-02 07:06:56.357] [DEBUG] [] [1ef856c7e3d145339a246da6087b28e6]: Using 'application/json', given [application/json, text/plain, */*] and supported [application/json, application/*+json]
[2026-05-02 07:06:56.357] [DEBUG] [] [1ef856c7e3d145339a246da6087b28e6]: ===> Supports JSON Message Converter : true
[2026-05-02 07:06:56.357] [DEBUG] [] [1ef856c7e3d145339a246da6087b28e6]: Writing [UserDTO(super=AbstractAuditableDTO(createdAt=2026-05-01T21:18:50.206341, createdBy=0, updatedAt=2026 (truncated)...]
[2026-05-02 07:06:56.357] [DEBUG] [] [1ef856c7e3d145339a246da6087b28e6]: =========================================
[2026-05-02 07:06:56.357] [DEBUG] [] [1ef856c7e3d145339a246da6087b28e6]: ===>> Output object : 

{
	"alg":"SALT_MD5",
	"code":200,
	"data":{
		"birthYear":1990,
		"createdAt":"2026-05-01 21:18:50",
		"createdBy":0,
		"delFlag":false,
		"email":"admin@staff.local",
		"id":1,
		"isVip":false,
		"lastLoginAt":"2026-05-01 21:45:13.229045",
		"nickname":"超级管理员",
		"staffRole":1,
		"stampsBalance":0,
		"status":1,
		"updatedAt":"2026-05-01 21:45:13",
		"updatedBy":0
	},
	"message":"OK",
	"success":true
} 
class cn.nine.pros.post.client.model.db.UserDTO

[2026-05-02 07:06:56.357] [DEBUG] [] [1ef856c7e3d145339a246da6087b28e6]: =========================================
[2026-05-02 07:06:56.357] [DEBUG] [] [1ef856c7e3d145339a246da6087b28e6]: ==> leave RequestContextHolder.
[2026-05-02 07:06:56.357] [DEBUG] [] [1ef856c7e3d145339a246da6087b28e6]: ==> leave RequestContextHolder.
[2026-05-02 07:12:22.269] [DEBUG] [] []: ==》/webapi/user/paging -> into PreRequestContextFilter.
[2026-05-02 07:12:22.269] [DEBUG] [] []: ==》/webapi/user/paging -> into PreRequestContextFilter.
[2026-05-02 07:12:22.269] [DEBUG] [] []: ==》/webapi/auth/current -> into PreRequestContextFilter.
[2026-05-02 07:12:22.269] [DEBUG] [] [555afade10e24944b836161dd3972ecd]: 地址 /webapi/user/paging 进入过滤器
[2026-05-02 07:12:22.269] [DEBUG] [] [f79b722b84c8412581223fa0ffcb8e48]: 地址 /webapi/user/paging 进入过滤器
[2026-05-02 07:12:22.269] [DEBUG] [] [a1a5c1b5b890470a9d3025ad2e610807]: 地址 /webapi/auth/current 进入过滤器
[2026-05-02 07:12:22.274] [DEBUG] [] [a1a5c1b5b890470a9d3025ad2e610807]: ==>  Preparing: SELECT id,email,password_hash,nickname,birth_year,country_code,bio,avatar_url,stamps_balance,is_vip,vip_expire_at,status,staff_role,register_ip,last_login_at,created_at,created_by,updated_at,updated_by,del_flag FROM bu_user WHERE id=?
[2026-05-02 07:12:22.274] [DEBUG] [] [a1a5c1b5b890470a9d3025ad2e610807]: ==> Parameters: 1(Long)
[2026-05-02 07:12:22.274] [DEBUG] [] [f79b722b84c8412581223fa0ffcb8e48]: ==>  Preparing: SELECT id,email,password_hash,nickname,birth_year,country_code,bio,avatar_url,stamps_balance,is_vip,vip_expire_at,status,staff_role,register_ip,last_login_at,created_at,created_by,updated_at,updated_by,del_flag FROM bu_user WHERE (del_flag = ?) ORDER BY created_at DESC
[2026-05-02 07:12:22.274] [DEBUG] [] [f79b722b84c8412581223fa0ffcb8e48]: ==> Parameters: false(Boolean)
[2026-05-02 07:12:22.275] [DEBUG] [] [555afade10e24944b836161dd3972ecd]: ==>  Preparing: SELECT id,email,password_hash,nickname,birth_year,country_code,bio,avatar_url,stamps_balance,is_vip,vip_expire_at,status,staff_role,register_ip,last_login_at,created_at,created_by,updated_at,updated_by,del_flag FROM bu_user WHERE (del_flag = ?) ORDER BY created_at DESC
[2026-05-02 07:12:22.275] [DEBUG] [] [555afade10e24944b836161dd3972ecd]: ==> Parameters: false(Boolean)
[2026-05-02 07:12:22.278] [DEBUG] [] [a1a5c1b5b890470a9d3025ad2e610807]: <==      Total: 1
[2026-05-02 07:12:22.278] [DEBUG] [] [f79b722b84c8412581223fa0ffcb8e48]: <==      Total: 1
[2026-05-02 07:12:22.278] [DEBUG] [] [a1a5c1b5b890470a9d3025ad2e610807]: ===> Supports JSON Message Converter : true
[2026-05-02 07:12:22.278] [DEBUG] [] [f79b722b84c8412581223fa0ffcb8e48]: ===> Supports JSON Message Converter : true
[2026-05-02 07:12:22.278] [DEBUG] [] [a1a5c1b5b890470a9d3025ad2e610807]: Using 'application/json', given [application/json, text/plain, */*] and supported [application/json, application/*+json]
[2026-05-02 07:12:22.278] [DEBUG] [] [f79b722b84c8412581223fa0ffcb8e48]: Using 'application/json', given [application/json, text/plain, */*] and supported [application/json, application/*+json]
[2026-05-02 07:12:22.278] [DEBUG] [] [a1a5c1b5b890470a9d3025ad2e610807]: ===> Supports JSON Message Converter : true
[2026-05-02 07:12:22.278] [DEBUG] [] [555afade10e24944b836161dd3972ecd]: <==      Total: 1
[2026-05-02 07:12:22.278] [DEBUG] [] [f79b722b84c8412581223fa0ffcb8e48]: ===> Supports JSON Message Converter : true
[2026-05-02 07:12:22.278] [DEBUG] [] [a1a5c1b5b890470a9d3025ad2e610807]: Writing [UserDTO(super=AbstractAuditableDTO(createdAt=2026-05-01T21:18:50.206341, createdBy=0, updatedAt=2026 (truncated)...]
[2026-05-02 07:12:22.278] [DEBUG] [] [f79b722b84c8412581223fa0ffcb8e48]: Writing [PageData(total=0, page=1, size=50, pages=0, records=[UserDTO(super=AbstractAuditableDTO(createdAt=20 (truncated)...]
[2026-05-02 07:12:22.278] [DEBUG] [] [a1a5c1b5b890470a9d3025ad2e610807]: =========================================
[2026-05-02 07:12:22.278] [DEBUG] [] [a1a5c1b5b890470a9d3025ad2e610807]: ===>> Output object : 

{
	"alg":"SALT_MD5",
	"code":200,
	"data":{
		"birthYear":1990,
		"createdAt":"2026-05-01 21:18:50",
		"createdBy":0,
		"delFlag":false,
		"email":"admin@staff.local",
		"id":1,
		"isVip":false,
		"lastLoginAt":"2026-05-01 21:45:13.229045",
		"nickname":"超级管理员",
		"staffRole":1,
		"stampsBalance":0,
		"status":1,
		"updatedAt":"2026-05-01 21:45:13",
		"updatedBy":0
	},
	"message":"OK",
	"success":true
} 
class cn.nine.pros.post.client.model.db.UserDTO

[2026-05-02 07:12:22.278] [DEBUG] [] [a1a5c1b5b890470a9d3025ad2e610807]: =========================================
[2026-05-02 07:12:22.278] [DEBUG] [] [555afade10e24944b836161dd3972ecd]: ===> Supports JSON Message Converter : true
[2026-05-02 07:12:22.278] [DEBUG] [] [f79b722b84c8412581223fa0ffcb8e48]: =========================================
[2026-05-02 07:12:22.278] [DEBUG] [] [555afade10e24944b836161dd3972ecd]: Using 'application/json', given [application/json, text/plain, */*] and supported [application/json, application/*+json]
[2026-05-02 07:12:22.278] [DEBUG] [] [555afade10e24944b836161dd3972ecd]: ===> Supports JSON Message Converter : true
[2026-05-02 07:12:22.278] [DEBUG] [] [555afade10e24944b836161dd3972ecd]: Writing [PageData(total=0, page=1, size=50, pages=0, records=[UserDTO(super=AbstractAuditableDTO(createdAt=20 (truncated)...]
[2026-05-02 07:12:22.278] [DEBUG] [] [f79b722b84c8412581223fa0ffcb8e48]: ===>> Output object : 

{
	"alg":"SALT_MD5",
	"code":200,
	"data":{
		"empty":false,
		"page":1,
		"pages":0,
		"recordCount":1,
		"records":[
			{
				"birthYear":1990,
				"createdAt":"2026-05-01 21:18:50",
				"createdBy":0,
				"delFlag":false,
				"email":"admin@staff.local",
				"id":1,
				"isVip":false,
				"lastLoginAt":"2026-05-01 21:45:13.229045",
				"nickname":"超级管理员",
				"passwordHash":"$2a$10$YTUeGZqQ/xrX1d9V26669ubXuH90MthjRxhXxJV5EldtWdFm0WQbS",
				"staffRole":1,
				"stampsBalance":0,
				"status":1,
				"updatedAt":"2026-05-01 21:45:13",
				"updatedBy":0
			}
		],
		"size":50,
		"total":0
	},
	"message":"OK",
	"success":true
} 
cn.nine.commons.data.page.PageData<cn.nine.pros.post.client.model.db.UserDTO>

[2026-05-02 07:12:22.278] [DEBUG] [] [f79b722b84c8412581223fa0ffcb8e48]: =========================================
[2026-05-02 07:12:22.278] [DEBUG] [] [555afade10e24944b836161dd3972ecd]: =========================================
[2026-05-02 07:12:22.278] [DEBUG] [] [a1a5c1b5b890470a9d3025ad2e610807]: ==> leave RequestContextHolder.
[2026-05-02 07:12:22.278] [DEBUG] [] [a1a5c1b5b890470a9d3025ad2e610807]: ==> leave RequestContextHolder.
[2026-05-02 07:12:22.278] [DEBUG] [] [555afade10e24944b836161dd3972ecd]: ===>> Output object : 

{
	"alg":"SALT_MD5",
	"code":200,
	"data":{
		"empty":false,
		"page":1,
		"pages":0,
		"recordCount":1,
		"records":[
			{
				"birthYear":1990,
				"createdAt":"2026-05-01 21:18:50",
				"createdBy":0,
				"delFlag":false,
				"email":"admin@staff.local",
				"id":1,
				"isVip":false,
				"lastLoginAt":"2026-05-01 21:45:13.229045",
				"nickname":"超级管理员",
				"passwordHash":"$2a$10$YTUeGZqQ/xrX1d9V26669ubXuH90MthjRxhXxJV5EldtWdFm0WQbS",
				"staffRole":1,
				"stampsBalance":0,
				"status":1,
				"updatedAt":"2026-05-01 21:45:13",
				"updatedBy":0
			}
		],
		"size":50,
		"total":0
	},
	"message":"OK",
	"success":true
} 
cn.nine.commons.data.page.PageData<cn.nine.pros.post.client.model.db.UserDTO>

[2026-05-02 07:12:22.278] [DEBUG] [] [555afade10e24944b836161dd3972ecd]: =========================================
[2026-05-02 07:12:22.278] [DEBUG] [] [f79b722b84c8412581223fa0ffcb8e48]: ==> leave RequestContextHolder.
[2026-05-02 07:12:22.278] [DEBUG] [] [f79b722b84c8412581223fa0ffcb8e48]: ==> leave RequestContextHolder.
[2026-05-02 07:12:22.278] [DEBUG] [] [555afade10e24944b836161dd3972ecd]: ==> leave RequestContextHolder.
[2026-05-02 07:12:22.278] [DEBUG] [] [555afade10e24944b836161dd3972ecd]: ==> leave RequestContextHolder.
[2026-05-02 07:12:22.281] [DEBUG] [] []: ==》/webapi/auth/current -> into PreRequestContextFilter.
[2026-05-02 07:12:22.281] [DEBUG] [] [43af708a2947494396f5d6434bac46bb]: 地址 /webapi/auth/current 进入过滤器
[2026-05-02 07:12:22.282] [DEBUG] [] [43af708a2947494396f5d6434bac46bb]: ==>  Preparing: SELECT id,email,password_hash,nickname,birth_year,country_code,bio,avatar_url,stamps_balance,is_vip,vip_expire_at,status,staff_role,register_ip,last_login_at,created_at,created_by,updated_at,updated_by,del_flag FROM bu_user WHERE id=?
[2026-05-02 07:12:22.282] [DEBUG] [] [43af708a2947494396f5d6434bac46bb]: ==> Parameters: 1(Long)
[2026-05-02 07:12:22.283] [DEBUG] [] [43af708a2947494396f5d6434bac46bb]: <==      Total: 1
[2026-05-02 07:12:22.283] [DEBUG] [] [43af708a2947494396f5d6434bac46bb]: ===> Supports JSON Message Converter : true
[2026-05-02 07:12:22.283] [DEBUG] [] [43af708a2947494396f5d6434bac46bb]: Using 'application/json', given [application/json, text/plain, */*] and supported [application/json, application/*+json]
[2026-05-02 07:12:22.283] [DEBUG] [] [43af708a2947494396f5d6434bac46bb]: ===> Supports JSON Message Converter : true
[2026-05-02 07:12:22.283] [DEBUG] [] [43af708a2947494396f5d6434bac46bb]: Writing [UserDTO(super=AbstractAuditableDTO(createdAt=2026-05-01T21:18:50.206341, createdBy=0, updatedAt=2026 (truncated)...]
[2026-05-02 07:12:22.283] [DEBUG] [] [43af708a2947494396f5d6434bac46bb]: =========================================
[2026-05-02 07:12:22.283] [DEBUG] [] [43af708a2947494396f5d6434bac46bb]: ===>> Output object : 

{
	"alg":"SALT_MD5",
	"code":200,
	"data":{
		"birthYear":1990,
		"createdAt":"2026-05-01 21:18:50",
		"createdBy":0,
		"delFlag":false,
		"email":"admin@staff.local",
		"id":1,
		"isVip":false,
		"lastLoginAt":"2026-05-01 21:45:13.229045",
		"nickname":"超级管理员",
		"staffRole":1,
		"stampsBalance":0,
		"status":1,
		"updatedAt":"2026-05-01 21:45:13",
		"updatedBy":0
	},
	"message":"OK",
	"success":true
} 
class cn.nine.pros.post.client.model.db.UserDTO

[2026-05-02 07:12:22.283] [DEBUG] [] [43af708a2947494396f5d6434bac46bb]: =========================================
[2026-05-02 07:12:22.283] [DEBUG] [] [43af708a2947494396f5d6434bac46bb]: ==> leave RequestContextHolder.
[2026-05-02 07:12:22.283] [DEBUG] [] [43af708a2947494396f5d6434bac46bb]: ==> leave RequestContextHolder.
[2026-05-02 07:16:56.312] [DEBUG] [] []: ==》/webapi/user/paging -> into PreRequestContextFilter.
[2026-05-02 07:16:56.312] [DEBUG] [] [6e8c3955f91e4ddb8eb75061be77f527]: 地址 /webapi/user/paging 进入过滤器
[2026-05-02 07:16:56.312] [DEBUG] [] []: ==》/webapi/user/paging -> into PreRequestContextFilter.
[2026-05-02 07:16:56.312] [DEBUG] [] [5399a6adc559499eb2458559d4cc2e73]: 地址 /webapi/user/paging 进入过滤器
[2026-05-02 07:16:56.312] [DEBUG] [] []: ==》/webapi/auth/current -> into PreRequestContextFilter.
[2026-05-02 07:16:56.312] [DEBUG] [] [e2ccbaf2dcc541bfae89c7c1cca7174f]: 地址 /webapi/auth/current 进入过滤器
[2026-05-02 07:16:56.319] [DEBUG] [] [e2ccbaf2dcc541bfae89c7c1cca7174f]: ==>  Preparing: SELECT id,email,password_hash,nickname,birth_year,country_code,bio,avatar_url,stamps_balance,is_vip,vip_expire_at,status,staff_role,register_ip,last_login_at,created_at,created_by,updated_at,updated_by,del_flag FROM bu_user WHERE id=?
[2026-05-02 07:16:56.319] [DEBUG] [] [e2ccbaf2dcc541bfae89c7c1cca7174f]: ==> Parameters: 1(Long)
[2026-05-02 07:16:56.319] [DEBUG] [] [5399a6adc559499eb2458559d4cc2e73]: ==>  Preparing: SELECT id,email,password_hash,nickname,birth_year,country_code,bio,avatar_url,stamps_balance,is_vip,vip_expire_at,status,staff_role,register_ip,last_login_at,created_at,created_by,updated_at,updated_by,del_flag FROM bu_user WHERE (del_flag = ?) ORDER BY created_at DESC
[2026-05-02 07:16:56.319] [DEBUG] [] [5399a6adc559499eb2458559d4cc2e73]: ==> Parameters: false(Boolean)
[2026-05-02 07:16:56.319] [DEBUG] [] [6e8c3955f91e4ddb8eb75061be77f527]: ==>  Preparing: SELECT id,email,password_hash,nickname,birth_year,country_code,bio,avatar_url,stamps_balance,is_vip,vip_expire_at,status,staff_role,register_ip,last_login_at,created_at,created_by,updated_at,updated_by,del_flag FROM bu_user WHERE (del_flag = ?) ORDER BY created_at DESC
[2026-05-02 07:16:56.319] [DEBUG] [] [6e8c3955f91e4ddb8eb75061be77f527]: ==> Parameters: false(Boolean)
[2026-05-02 07:16:56.319] [DEBUG] [] [5399a6adc559499eb2458559d4cc2e73]: <==      Total: 1
[2026-05-02 07:16:56.319] [DEBUG] [] [e2ccbaf2dcc541bfae89c7c1cca7174f]: <==      Total: 1
[2026-05-02 07:16:56.319] [DEBUG] [] [5399a6adc559499eb2458559d4cc2e73]: ===> Supports JSON Message Converter : true
[2026-05-02 07:16:56.319] [DEBUG] [] [e2ccbaf2dcc541bfae89c7c1cca7174f]: ===> Supports JSON Message Converter : true
[2026-05-02 07:16:56.319] [DEBUG] [] [5399a6adc559499eb2458559d4cc2e73]: Using 'application/json', given [application/json, text/plain, */*] and supported [application/json, application/*+json]
[2026-05-02 07:16:56.319] [DEBUG] [] [5399a6adc559499eb2458559d4cc2e73]: ===> Supports JSON Message Converter : true
[2026-05-02 07:16:56.319] [DEBUG] [] [e2ccbaf2dcc541bfae89c7c1cca7174f]: Using 'application/json', given [application/json, text/plain, */*] and supported [application/json, application/*+json]
[2026-05-02 07:16:56.320] [DEBUG] [] [e2ccbaf2dcc541bfae89c7c1cca7174f]: ===> Supports JSON Message Converter : true
[2026-05-02 07:16:56.320] [DEBUG] [] [5399a6adc559499eb2458559d4cc2e73]: Writing [PageData(total=0, page=1, size=50, pages=0, records=[UserDTO(super=AbstractAuditableDTO(createdAt=20 (truncated)...]
[2026-05-02 07:16:56.320] [DEBUG] [] [e2ccbaf2dcc541bfae89c7c1cca7174f]: Writing [UserDTO(super=AbstractAuditableDTO(createdAt=2026-05-01T21:18:50.206341, createdBy=0, updatedAt=2026 (truncated)...]
[2026-05-02 07:16:56.320] [DEBUG] [] [5399a6adc559499eb2458559d4cc2e73]: =========================================
[2026-05-02 07:16:56.320] [DEBUG] [] [6e8c3955f91e4ddb8eb75061be77f527]: <==      Total: 1
[2026-05-02 07:16:56.320] [DEBUG] [] [5399a6adc559499eb2458559d4cc2e73]: ===>> Output object : 

{
	"alg":"SALT_MD5",
	"code":200,
	"data":{
		"empty":false,
		"page":1,
		"pages":0,
		"recordCount":1,
		"records":[
			{
				"birthYear":1990,
				"createdAt":"2026-05-01 21:18:50",
				"createdBy":0,
				"delFlag":false,
				"email":"admin@staff.local",
				"id":1,
				"isVip":false,
				"lastLoginAt":"2026-05-01 21:45:13.229045",
				"nickname":"超级管理员",
				"passwordHash":"$2a$10$YTUeGZqQ/xrX1d9V26669ubXuH90MthjRxhXxJV5EldtWdFm0WQbS",
				"staffRole":1,
				"stampsBalance":0,
				"status":1,
				"updatedAt":"2026-05-01 21:45:13",
				"updatedBy":0
			}
		],
		"size":50,
		"total":0
	},
	"message":"OK",
	"success":true
} 
cn.nine.commons.data.page.PageData<cn.nine.pros.post.client.model.db.UserDTO>

[2026-05-02 07:16:56.320] [DEBUG] [] [5399a6adc559499eb2458559d4cc2e73]: =========================================
[2026-05-02 07:16:56.320] [DEBUG] [] [e2ccbaf2dcc541bfae89c7c1cca7174f]: =========================================
[2026-05-02 07:16:56.320] [DEBUG] [] [6e8c3955f91e4ddb8eb75061be77f527]: ===> Supports JSON Message Converter : true
[2026-05-02 07:16:56.320] [DEBUG] [] [e2ccbaf2dcc541bfae89c7c1cca7174f]: ===>> Output object : 

{
	"alg":"SALT_MD5",
	"code":200,
	"data":{
		"birthYear":1990,
		"createdAt":"2026-05-01 21:18:50",
		"createdBy":0,
		"delFlag":false,
		"email":"admin@staff.local",
		"id":1,
		"isVip":false,
		"lastLoginAt":"2026-05-01 21:45:13.229045",
		"nickname":"超级管理员",
		"staffRole":1,
		"stampsBalance":0,
		"status":1,
		"updatedAt":"2026-05-01 21:45:13",
		"updatedBy":0
	},
	"message":"OK",
	"success":true
} 
class cn.nine.pros.post.client.model.db.UserDTO

[2026-05-02 07:16:56.320] [DEBUG] [] [e2ccbaf2dcc541bfae89c7c1cca7174f]: =========================================
[2026-05-02 07:16:56.320] [DEBUG] [] [6e8c3955f91e4ddb8eb75061be77f527]: Using 'application/json', given [application/json, text/plain, */*] and supported [application/json, application/*+json]
[2026-05-02 07:16:56.320] [DEBUG] [] [6e8c3955f91e4ddb8eb75061be77f527]: ===> Supports JSON Message Converter : true
[2026-05-02 07:16:56.320] [DEBUG] [] [6e8c3955f91e4ddb8eb75061be77f527]: Writing [PageData(total=0, page=1, size=50, pages=0, records=[UserDTO(super=AbstractAuditableDTO(createdAt=20 (truncated)...]
[2026-05-02 07:16:56.320] [DEBUG] [] [6e8c3955f91e4ddb8eb75061be77f527]: =========================================
[2026-05-02 07:16:56.320] [DEBUG] [] [6e8c3955f91e4ddb8eb75061be77f527]: ===>> Output object : 

{
	"alg":"SALT_MD5",
	"code":200,
	"data":{
		"empty":false,
		"page":1,
		"pages":0,
		"recordCount":1,
		"records":[
			{
				"birthYear":1990,
				"createdAt":"2026-05-01 21:18:50",
				"createdBy":0,
				"delFlag":false,
				"email":"admin@staff.local",
				"id":1,
				"isVip":false,
				"lastLoginAt":"2026-05-01 21:45:13.229045",
				"nickname":"超级管理员",
				"passwordHash":"$2a$10$YTUeGZqQ/xrX1d9V26669ubXuH90MthjRxhXxJV5EldtWdFm0WQbS",
				"staffRole":1,
				"stampsBalance":0,
				"status":1,
				"updatedAt":"2026-05-01 21:45:13",
				"updatedBy":0
			}
		],
		"size":50,
		"total":0
	},
	"message":"OK",
	"success":true
} 
cn.nine.commons.data.page.PageData<cn.nine.pros.post.client.model.db.UserDTO>

[2026-05-02 07:16:56.320] [DEBUG] [] [6e8c3955f91e4ddb8eb75061be77f527]: =========================================
[2026-05-02 07:16:56.320] [DEBUG] [] [5399a6adc559499eb2458559d4cc2e73]: ==> leave RequestContextHolder.
[2026-05-02 07:16:56.320] [DEBUG] [] [5399a6adc559499eb2458559d4cc2e73]: ==> leave RequestContextHolder.
[2026-05-02 07:16:56.320] [DEBUG] [] [e2ccbaf2dcc541bfae89c7c1cca7174f]: ==> leave RequestContextHolder.
[2026-05-02 07:16:56.320] [DEBUG] [] [e2ccbaf2dcc541bfae89c7c1cca7174f]: ==> leave RequestContextHolder.
[2026-05-02 07:16:56.320] [DEBUG] [] [6e8c3955f91e4ddb8eb75061be77f527]: ==> leave RequestContextHolder.
[2026-05-02 07:16:56.320] [DEBUG] [] [6e8c3955f91e4ddb8eb75061be77f527]: ==> leave RequestContextHolder.
[2026-05-02 07:16:56.336] [DEBUG] [] []: ==》/webapi/auth/current -> into PreRequestContextFilter.
[2026-05-02 07:16:56.337] [DEBUG] [] [e9f781bdd7894524855814f15d9dc088]: 地址 /webapi/auth/current 进入过滤器
[2026-05-02 07:16:56.338] [DEBUG] [] [e9f781bdd7894524855814f15d9dc088]: ==>  Preparing: SELECT id,email,password_hash,nickname,birth_year,country_code,bio,avatar_url,stamps_balance,is_vip,vip_expire_at,status,staff_role,register_ip,last_login_at,created_at,created_by,updated_at,updated_by,del_flag FROM bu_user WHERE id=?
[2026-05-02 07:16:56.338] [DEBUG] [] [e9f781bdd7894524855814f15d9dc088]: ==> Parameters: 1(Long)
[2026-05-02 07:16:56.339] [DEBUG] [] [e9f781bdd7894524855814f15d9dc088]: <==      Total: 1
[2026-05-02 07:16:56.339] [DEBUG] [] [e9f781bdd7894524855814f15d9dc088]: ===> Supports JSON Message Converter : true
[2026-05-02 07:16:56.339] [DEBUG] [] [e9f781bdd7894524855814f15d9dc088]: Using 'application/json', given [application/json, text/plain, */*] and supported [application/json, application/*+json]
[2026-05-02 07:16:56.339] [DEBUG] [] [e9f781bdd7894524855814f15d9dc088]: ===> Supports JSON Message Converter : true
[2026-05-02 07:16:56.339] [DEBUG] [] [e9f781bdd7894524855814f15d9dc088]: Writing [UserDTO(super=AbstractAuditableDTO(createdAt=2026-05-01T21:18:50.206341, createdBy=0, updatedAt=2026 (truncated)...]
[2026-05-02 07:16:56.339] [DEBUG] [] [e9f781bdd7894524855814f15d9dc088]: =========================================
[2026-05-02 07:16:56.339] [DEBUG] [] [e9f781bdd7894524855814f15d9dc088]: ===>> Output object : 

{
	"alg":"SALT_MD5",
	"code":200,
	"data":{
		"birthYear":1990,
		"createdAt":"2026-05-01 21:18:50",
		"createdBy":0,
		"delFlag":false,
		"email":"admin@staff.local",
		"id":1,
		"isVip":false,
		"lastLoginAt":"2026-05-01 21:45:13.229045",
		"nickname":"超级管理员",
		"staffRole":1,
		"stampsBalance":0,
		"status":1,
		"updatedAt":"2026-05-01 21:45:13",
		"updatedBy":0
	},
	"message":"OK",
	"success":true
} 
class cn.nine.pros.post.client.model.db.UserDTO

[2026-05-02 07:16:56.339] [DEBUG] [] [e9f781bdd7894524855814f15d9dc088]: =========================================
[2026-05-02 07:16:56.340] [DEBUG] [] [e9f781bdd7894524855814f15d9dc088]: ==> leave RequestContextHolder.
[2026-05-02 07:16:56.340] [DEBUG] [] [e9f781bdd7894524855814f15d9dc088]: ==> leave RequestContextHolder.
[2026-05-02 07:22:22.291] [DEBUG] [] []: ==》/webapi/user/paging -> into PreRequestContextFilter.
[2026-05-02 07:22:22.293] [DEBUG] [] [3e801399316e4d43ba8fd97e099c3292]: 地址 /webapi/user/paging 进入过滤器
[2026-05-02 07:22:22.293] [DEBUG] [] []: ==》/webapi/user/paging -> into PreRequestContextFilter.
[2026-05-02 07:22:22.293] [DEBUG] [] [53207c6a21b54bd0bb6bfd94b818cd40]: 地址 /webapi/user/paging 进入过滤器
[2026-05-02 07:22:22.293] [DEBUG] [] []: ==》/webapi/auth/current -> into PreRequestContextFilter.
[2026-05-02 07:22:22.293] [DEBUG] [] [1ea773ba896449ceac47c697184dbacf]: 地址 /webapi/auth/current 进入过滤器
[2026-05-02 07:22:22.298] [DEBUG] [] [1ea773ba896449ceac47c697184dbacf]: ==>  Preparing: SELECT id,email,password_hash,nickname,birth_year,country_code,bio,avatar_url,stamps_balance,is_vip,vip_expire_at,status,staff_role,register_ip,last_login_at,created_at,created_by,updated_at,updated_by,del_flag FROM bu_user WHERE id=?
[2026-05-02 07:22:22.300] [DEBUG] [] [1ea773ba896449ceac47c697184dbacf]: ==> Parameters: 1(Long)
[2026-05-02 07:22:22.300] [DEBUG] [] [3e801399316e4d43ba8fd97e099c3292]: ==>  Preparing: SELECT id,email,password_hash,nickname,birth_year,country_code,bio,avatar_url,stamps_balance,is_vip,vip_expire_at,status,staff_role,register_ip,last_login_at,created_at,created_by,updated_at,updated_by,del_flag FROM bu_user WHERE (del_flag = ?) ORDER BY created_at DESC
[2026-05-02 07:22:22.300] [DEBUG] [] [3e801399316e4d43ba8fd97e099c3292]: ==> Parameters: false(Boolean)
[2026-05-02 07:22:22.300] [DEBUG] [] [1ea773ba896449ceac47c697184dbacf]: <==      Total: 1
[2026-05-02 07:22:22.300] [DEBUG] [] [53207c6a21b54bd0bb6bfd94b818cd40]: ==>  Preparing: SELECT id,email,password_hash,nickname,birth_year,country_code,bio,avatar_url,stamps_balance,is_vip,vip_expire_at,status,staff_role,register_ip,last_login_at,created_at,created_by,updated_at,updated_by,del_flag FROM bu_user WHERE (del_flag = ?) ORDER BY created_at DESC
[2026-05-02 07:22:22.300] [DEBUG] [] [53207c6a21b54bd0bb6bfd94b818cd40]: ==> Parameters: false(Boolean)
[2026-05-02 07:22:22.300] [DEBUG] [] [1ea773ba896449ceac47c697184dbacf]: ===> Supports JSON Message Converter : true
[2026-05-02 07:22:22.300] [DEBUG] [] [1ea773ba896449ceac47c697184dbacf]: Using 'application/json', given [application/json, text/plain, */*] and supported [application/json, application/*+json]
[2026-05-02 07:22:22.300] [DEBUG] [] [1ea773ba896449ceac47c697184dbacf]: ===> Supports JSON Message Converter : true
[2026-05-02 07:22:22.300] [DEBUG] [] [1ea773ba896449ceac47c697184dbacf]: Writing [UserDTO(super=AbstractAuditableDTO(createdAt=2026-05-01T21:18:50.206341, createdBy=0, updatedAt=2026 (truncated)...]
[2026-05-02 07:22:22.300] [DEBUG] [] [1ea773ba896449ceac47c697184dbacf]: =========================================
[2026-05-02 07:22:22.301] [DEBUG] [] [1ea773ba896449ceac47c697184dbacf]: ===>> Output object : 

{
	"alg":"SALT_MD5",
	"code":200,
	"data":{
		"birthYear":1990,
		"createdAt":"2026-05-01 21:18:50",
		"createdBy":0,
		"delFlag":false,
		"email":"admin@staff.local",
		"id":1,
		"isVip":false,
		"lastLoginAt":"2026-05-01 21:45:13.229045",
		"nickname":"超级管理员",
		"staffRole":1,
		"stampsBalance":0,
		"status":1,
		"updatedAt":"2026-05-01 21:45:13",
		"updatedBy":0
	},
	"message":"OK",
	"success":true
} 
class cn.nine.pros.post.client.model.db.UserDTO

[2026-05-02 07:22:22.301] [DEBUG] [] [1ea773ba896449ceac47c697184dbacf]: =========================================
[2026-05-02 07:22:22.301] [DEBUG] [] [3e801399316e4d43ba8fd97e099c3292]: <==      Total: 1
[2026-05-02 07:22:22.301] [DEBUG] [] [1ea773ba896449ceac47c697184dbacf]: ==> leave RequestContextHolder.
[2026-05-02 07:22:22.301] [DEBUG] [] [1ea773ba896449ceac47c697184dbacf]: ==> leave RequestContextHolder.
[2026-05-02 07:22:22.301] [DEBUG] [] [53207c6a21b54bd0bb6bfd94b818cd40]: <==      Total: 1
[2026-05-02 07:22:22.301] [DEBUG] [] [3e801399316e4d43ba8fd97e099c3292]: ===> Supports JSON Message Converter : true
[2026-05-02 07:22:22.301] [DEBUG] [] [3e801399316e4d43ba8fd97e099c3292]: Using 'application/json', given [application/json, text/plain, */*] and supported [application/json, application/*+json]
[2026-05-02 07:22:22.301] [DEBUG] [] [3e801399316e4d43ba8fd97e099c3292]: ===> Supports JSON Message Converter : true
[2026-05-02 07:22:22.301] [DEBUG] [] [53207c6a21b54bd0bb6bfd94b818cd40]: ===> Supports JSON Message Converter : true
[2026-05-02 07:22:22.301] [DEBUG] [] [53207c6a21b54bd0bb6bfd94b818cd40]: Using 'application/json', given [application/json, text/plain, */*] and supported [application/json, application/*+json]
[2026-05-02 07:22:22.301] [DEBUG] [] [3e801399316e4d43ba8fd97e099c3292]: Writing [PageData(total=0, page=1, size=50, pages=0, records=[UserDTO(super=AbstractAuditableDTO(createdAt=20 (truncated)...]
[2026-05-02 07:22:22.301] [DEBUG] [] [53207c6a21b54bd0bb6bfd94b818cd40]: ===> Supports JSON Message Converter : true
[2026-05-02 07:22:22.301] [DEBUG] [] [3e801399316e4d43ba8fd97e099c3292]: =========================================
[2026-05-02 07:22:22.301] [DEBUG] [] [53207c6a21b54bd0bb6bfd94b818cd40]: Writing [PageData(total=0, page=1, size=50, pages=0, records=[UserDTO(super=AbstractAuditableDTO(createdAt=20 (truncated)...]
[2026-05-02 07:22:22.301] [DEBUG] [] [3e801399316e4d43ba8fd97e099c3292]: ===>> Output object : 

{
	"alg":"SALT_MD5",
	"code":200,
	"data":{
		"empty":false,
		"page":1,
		"pages":0,
		"recordCount":1,
		"records":[
			{
				"birthYear":1990,
				"createdAt":"2026-05-01 21:18:50",
				"createdBy":0,
				"delFlag":false,
				"email":"admin@staff.local",
				"id":1,
				"isVip":false,
				"lastLoginAt":"2026-05-01 21:45:13.229045",
				"nickname":"超级管理员",
				"passwordHash":"$2a$10$YTUeGZqQ/xrX1d9V26669ubXuH90MthjRxhXxJV5EldtWdFm0WQbS",
				"staffRole":1,
				"stampsBalance":0,
				"status":1,
				"updatedAt":"2026-05-01 21:45:13",
				"updatedBy":0
			}
		],
		"size":50,
		"total":0
	},
	"message":"OK",
	"success":true
} 
cn.nine.commons.data.page.PageData<cn.nine.pros.post.client.model.db.UserDTO>

[2026-05-02 07:22:22.301] [DEBUG] [] [3e801399316e4d43ba8fd97e099c3292]: =========================================
[2026-05-02 07:22:22.301] [DEBUG] [] [53207c6a21b54bd0bb6bfd94b818cd40]: =========================================
[2026-05-02 07:22:22.301] [DEBUG] [] [53207c6a21b54bd0bb6bfd94b818cd40]: ===>> Output object : 

{
	"alg":"SALT_MD5",
	"code":200,
	"data":{
		"empty":false,
		"page":1,
		"pages":0,
		"recordCount":1,
		"records":[
			{
				"birthYear":1990,
				"createdAt":"2026-05-01 21:18:50",
				"createdBy":0,
				"delFlag":false,
				"email":"admin@staff.local",
				"id":1,
				"isVip":false,
				"lastLoginAt":"2026-05-01 21:45:13.229045",
				"nickname":"超级管理员",
				"passwordHash":"$2a$10$YTUeGZqQ/xrX1d9V26669ubXuH90MthjRxhXxJV5EldtWdFm0WQbS",
				"staffRole":1,
				"stampsBalance":0,
				"status":1,
				"updatedAt":"2026-05-01 21:45:13",
				"updatedBy":0
			}
		],
		"size":50,
		"total":0
	},
	"message":"OK",
	"success":true
} 
cn.nine.commons.data.page.PageData<cn.nine.pros.post.client.model.db.UserDTO>

[2026-05-02 07:22:22.301] [DEBUG] [] [53207c6a21b54bd0bb6bfd94b818cd40]: =========================================
[2026-05-02 07:22:22.301] [DEBUG] [] [3e801399316e4d43ba8fd97e099c3292]: ==> leave RequestContextHolder.
[2026-05-02 07:22:22.301] [DEBUG] [] [3e801399316e4d43ba8fd97e099c3292]: ==> leave RequestContextHolder.
[2026-05-02 07:22:22.301] [DEBUG] [] [53207c6a21b54bd0bb6bfd94b818cd40]: ==> leave RequestContextHolder.
[2026-05-02 07:22:22.301] [DEBUG] [] [53207c6a21b54bd0bb6bfd94b818cd40]: ==> leave RequestContextHolder.
[2026-05-02 07:22:22.302] [DEBUG] [] []: ==》/webapi/auth/current -> into PreRequestContextFilter.
[2026-05-02 07:22:22.302] [DEBUG] [] [eaed4270770a421380a6cb8377ad8a7d]: 地址 /webapi/auth/current 进入过滤器
[2026-05-02 07:22:22.304] [DEBUG] [] [eaed4270770a421380a6cb8377ad8a7d]: ==>  Preparing: SELECT id,email,password_hash,nickname,birth_year,country_code,bio,avatar_url,stamps_balance,is_vip,vip_expire_at,status,staff_role,register_ip,last_login_at,created_at,created_by,updated_at,updated_by,del_flag FROM bu_user WHERE id=?
[2026-05-02 07:22:22.304] [DEBUG] [] [eaed4270770a421380a6cb8377ad8a7d]: ==> Parameters: 1(Long)
[2026-05-02 07:22:22.304] [DEBUG] [] [eaed4270770a421380a6cb8377ad8a7d]: <==      Total: 1
[2026-05-02 07:22:22.304] [DEBUG] [] [eaed4270770a421380a6cb8377ad8a7d]: ===> Supports JSON Message Converter : true
[2026-05-02 07:22:22.304] [DEBUG] [] [eaed4270770a421380a6cb8377ad8a7d]: Using 'application/json', given [application/json, text/plain, */*] and supported [application/json, application/*+json]
[2026-05-02 07:22:22.304] [DEBUG] [] [eaed4270770a421380a6cb8377ad8a7d]: ===> Supports JSON Message Converter : true
[2026-05-02 07:22:22.304] [DEBUG] [] [eaed4270770a421380a6cb8377ad8a7d]: Writing [UserDTO(super=AbstractAuditableDTO(createdAt=2026-05-01T21:18:50.206341, createdBy=0, updatedAt=2026 (truncated)...]
[2026-05-02 07:22:22.304] [DEBUG] [] [eaed4270770a421380a6cb8377ad8a7d]: =========================================
[2026-05-02 07:22:22.305] [DEBUG] [] [eaed4270770a421380a6cb8377ad8a7d]: ===>> Output object : 

{
	"alg":"SALT_MD5",
	"code":200,
	"data":{
		"birthYear":1990,
		"createdAt":"2026-05-01 21:18:50",
		"createdBy":0,
		"delFlag":false,
		"email":"admin@staff.local",
		"id":1,
		"isVip":false,
		"lastLoginAt":"2026-05-01 21:45:13.229045",
		"nickname":"超级管理员",
		"staffRole":1,
		"stampsBalance":0,
		"status":1,
		"updatedAt":"2026-05-01 21:45:13",
		"updatedBy":0
	},
	"message":"OK",
	"success":true
} 
class cn.nine.pros.post.client.model.db.UserDTO

[2026-05-02 07:22:22.305] [DEBUG] [] [eaed4270770a421380a6cb8377ad8a7d]: =========================================
[2026-05-02 07:22:22.305] [DEBUG] [] [eaed4270770a421380a6cb8377ad8a7d]: ==> leave RequestContextHolder.
[2026-05-02 07:22:22.305] [DEBUG] [] [eaed4270770a421380a6cb8377ad8a7d]: ==> leave RequestContextHolder.
[2026-05-02 07:26:56.314] [DEBUG] [] []: ==》/webapi/user/paging -> into PreRequestContextFilter.
[2026-05-02 07:26:56.314] [DEBUG] [] [55ddd70102b8407db40989ba00db242b]: 地址 /webapi/user/paging 进入过滤器
[2026-05-02 07:26:56.317] [DEBUG] [] [55ddd70102b8407db40989ba00db242b]: ==>  Preparing: SELECT id,email,password_hash,nickname,birth_year,country_code,bio,avatar_url,stamps_balance,is_vip,vip_expire_at,status,staff_role,register_ip,last_login_at,created_at,created_by,updated_at,updated_by,del_flag FROM bu_user WHERE (del_flag = ?) ORDER BY created_at DESC
[2026-05-02 07:26:56.317] [DEBUG] [] [55ddd70102b8407db40989ba00db242b]: ==> Parameters: false(Boolean)
[2026-05-02 07:26:56.318] [DEBUG] [] [55ddd70102b8407db40989ba00db242b]: <==      Total: 1
[2026-05-02 07:26:56.318] [DEBUG] [] [55ddd70102b8407db40989ba00db242b]: ===> Supports JSON Message Converter : true
[2026-05-02 07:26:56.318] [DEBUG] [] [55ddd70102b8407db40989ba00db242b]: Using 'application/json', given [application/json, text/plain, */*] and supported [application/json, application/*+json]
[2026-05-02 07:26:56.318] [DEBUG] [] [55ddd70102b8407db40989ba00db242b]: ===> Supports JSON Message Converter : true
[2026-05-02 07:26:56.318] [DEBUG] [] [55ddd70102b8407db40989ba00db242b]: Writing [PageData(total=0, page=1, size=50, pages=0, records=[UserDTO(super=AbstractAuditableDTO(createdAt=20 (truncated)...]
[2026-05-02 07:26:56.318] [DEBUG] [] [55ddd70102b8407db40989ba00db242b]: =========================================
[2026-05-02 07:26:56.318] [DEBUG] [] [55ddd70102b8407db40989ba00db242b]: ===>> Output object : 

{
	"alg":"SALT_MD5",
	"code":200,
	"data":{
		"empty":false,
		"page":1,
		"pages":0,
		"recordCount":1,
		"records":[
			{
				"birthYear":1990,
				"createdAt":"2026-05-01 21:18:50",
				"createdBy":0,
				"delFlag":false,
				"email":"admin@staff.local",
				"id":1,
				"isVip":false,
				"lastLoginAt":"2026-05-01 21:45:13.229045",
				"nickname":"超级管理员",
				"passwordHash":"$2a$10$YTUeGZqQ/xrX1d9V26669ubXuH90MthjRxhXxJV5EldtWdFm0WQbS",
				"staffRole":1,
				"stampsBalance":0,
				"status":1,
				"updatedAt":"2026-05-01 21:45:13",
				"updatedBy":0
			}
		],
		"size":50,
		"total":0
	},
	"message":"OK",
	"success":true
} 
cn.nine.commons.data.page.PageData<cn.nine.pros.post.client.model.db.UserDTO>

[2026-05-02 07:26:56.318] [DEBUG] [] [55ddd70102b8407db40989ba00db242b]: =========================================
[2026-05-02 07:26:56.318] [DEBUG] [] [55ddd70102b8407db40989ba00db242b]: ==> leave RequestContextHolder.
[2026-05-02 07:26:56.318] [DEBUG] [] [55ddd70102b8407db40989ba00db242b]: ==> leave RequestContextHolder.
[2026-05-02 07:26:56.329] [DEBUG] [] []: ==》/webapi/auth/current -> into PreRequestContextFilter.
[2026-05-02 07:26:56.330] [DEBUG] [] [8237b56b09ab455da052f2fc1130b9f0]: 地址 /webapi/auth/current 进入过滤器
[2026-05-02 07:26:56.330] [DEBUG] [] []: ==》/webapi/user/paging -> into PreRequestContextFilter.
[2026-05-02 07:26:56.330] [DEBUG] [] [9d1fe8ac0e964b7f83f3f9b4475be269]: 地址 /webapi/user/paging 进入过滤器
[2026-05-02 07:26:56.332] [DEBUG] [] [8237b56b09ab455da052f2fc1130b9f0]: ==>  Preparing: SELECT id,email,password_hash,nickname,birth_year,country_code,bio,avatar_url,stamps_balance,is_vip,vip_expire_at,status,staff_role,register_ip,last_login_at,created_at,created_by,updated_at,updated_by,del_flag FROM bu_user WHERE id=?
[2026-05-02 07:26:56.332] [DEBUG] [] [8237b56b09ab455da052f2fc1130b9f0]: ==> Parameters: 1(Long)
[2026-05-02 07:26:56.333] [DEBUG] [] [9d1fe8ac0e964b7f83f3f9b4475be269]: ==>  Preparing: SELECT id,email,password_hash,nickname,birth_year,country_code,bio,avatar_url,stamps_balance,is_vip,vip_expire_at,status,staff_role,register_ip,last_login_at,created_at,created_by,updated_at,updated_by,del_flag FROM bu_user WHERE (del_flag = ?) ORDER BY created_at DESC
[2026-05-02 07:26:56.333] [DEBUG] [] [9d1fe8ac0e964b7f83f3f9b4475be269]: ==> Parameters: false(Boolean)
[2026-05-02 07:26:56.333] [DEBUG] [] [8237b56b09ab455da052f2fc1130b9f0]: <==      Total: 1
[2026-05-02 07:26:56.333] [DEBUG] [] [8237b56b09ab455da052f2fc1130b9f0]: ===> Supports JSON Message Converter : true
[2026-05-02 07:26:56.333] [DEBUG] [] [8237b56b09ab455da052f2fc1130b9f0]: Using 'application/json', given [application/json, text/plain, */*] and supported [application/json, application/*+json]
[2026-05-02 07:26:56.333] [DEBUG] [] [8237b56b09ab455da052f2fc1130b9f0]: ===> Supports JSON Message Converter : true
[2026-05-02 07:26:56.333] [DEBUG] [] [8237b56b09ab455da052f2fc1130b9f0]: Writing [UserDTO(super=AbstractAuditableDTO(createdAt=2026-05-01T21:18:50.206341, createdBy=0, updatedAt=2026 (truncated)...]
[2026-05-02 07:26:56.333] [DEBUG] [] [8237b56b09ab455da052f2fc1130b9f0]: =========================================
[2026-05-02 07:26:56.333] [DEBUG] [] [8237b56b09ab455da052f2fc1130b9f0]: ===>> Output object : 

{
	"alg":"SALT_MD5",
	"code":200,
	"data":{
		"birthYear":1990,
		"createdAt":"2026-05-01 21:18:50",
		"createdBy":0,
		"delFlag":false,
		"email":"admin@staff.local",
		"id":1,
		"isVip":false,
		"lastLoginAt":"2026-05-01 21:45:13.229045",
		"nickname":"超级管理员",
		"staffRole":1,
		"stampsBalance":0,
		"status":1,
		"updatedAt":"2026-05-01 21:45:13",
		"updatedBy":0
	},
	"message":"OK",
	"success":true
} 
class cn.nine.pros.post.client.model.db.UserDTO

[2026-05-02 07:26:56.333] [DEBUG] [] [8237b56b09ab455da052f2fc1130b9f0]: =========================================
[2026-05-02 07:26:56.333] [DEBUG] [] [9d1fe8ac0e964b7f83f3f9b4475be269]: <==      Total: 1
[2026-05-02 07:26:56.334] [DEBUG] [] [8237b56b09ab455da052f2fc1130b9f0]: ==> leave RequestContextHolder.
[2026-05-02 07:26:56.334] [DEBUG] [] [8237b56b09ab455da052f2fc1130b9f0]: ==> leave RequestContextHolder.
[2026-05-02 07:26:56.334] [DEBUG] [] [9d1fe8ac0e964b7f83f3f9b4475be269]: ===> Supports JSON Message Converter : true
[2026-05-02 07:26:56.334] [DEBUG] [] [9d1fe8ac0e964b7f83f3f9b4475be269]: Using 'application/json', given [application/json, text/plain, */*] and supported [application/json, application/*+json]
[2026-05-02 07:26:56.334] [DEBUG] [] [9d1fe8ac0e964b7f83f3f9b4475be269]: ===> Supports JSON Message Converter : true
[2026-05-02 07:26:56.334] [DEBUG] [] [9d1fe8ac0e964b7f83f3f9b4475be269]: Writing [PageData(total=0, page=1, size=50, pages=0, records=[UserDTO(super=AbstractAuditableDTO(createdAt=20 (truncated)...]
[2026-05-02 07:26:56.334] [DEBUG] [] [9d1fe8ac0e964b7f83f3f9b4475be269]: =========================================
[2026-05-02 07:26:56.334] [DEBUG] [] [9d1fe8ac0e964b7f83f3f9b4475be269]: ===>> Output object : 

{
	"alg":"SALT_MD5",
	"code":200,
	"data":{
		"empty":false,
		"page":1,
		"pages":0,
		"recordCount":1,
		"records":[
			{
				"birthYear":1990,
				"createdAt":"2026-05-01 21:18:50",
				"createdBy":0,
				"delFlag":false,
				"email":"admin@staff.local",
				"id":1,
				"isVip":false,
				"lastLoginAt":"2026-05-01 21:45:13.229045",
				"nickname":"超级管理员",
				"passwordHash":"$2a$10$YTUeGZqQ/xrX1d9V26669ubXuH90MthjRxhXxJV5EldtWdFm0WQbS",
				"staffRole":1,
				"stampsBalance":0,
				"status":1,
				"updatedAt":"2026-05-01 21:45:13",
				"updatedBy":0
			}
		],
		"size":50,
		"total":0
	},
	"message":"OK",
	"success":true
} 
cn.nine.commons.data.page.PageData<cn.nine.pros.post.client.model.db.UserDTO>

[2026-05-02 07:26:56.334] [DEBUG] [] [9d1fe8ac0e964b7f83f3f9b4475be269]: =========================================
[2026-05-02 07:26:56.334] [DEBUG] [] [9d1fe8ac0e964b7f83f3f9b4475be269]: ==> leave RequestContextHolder.
[2026-05-02 07:26:56.334] [DEBUG] [] [9d1fe8ac0e964b7f83f3f9b4475be269]: ==> leave RequestContextHolder.
[2026-05-02 07:26:56.345] [DEBUG] [] []: ==》/webapi/auth/current -> into PreRequestContextFilter.
[2026-05-02 07:26:56.345] [DEBUG] [] [a8ca10d673b149b6a8b5ecea80d65e83]: 地址 /webapi/auth/current 进入过滤器
[2026-05-02 07:26:56.346] [DEBUG] [] [a8ca10d673b149b6a8b5ecea80d65e83]: ==>  Preparing: SELECT id,email,password_hash,nickname,birth_year,country_code,bio,avatar_url,stamps_balance,is_vip,vip_expire_at,status,staff_role,register_ip,last_login_at,created_at,created_by,updated_at,updated_by,del_flag FROM bu_user WHERE id=?
[2026-05-02 07:26:56.346] [DEBUG] [] [a8ca10d673b149b6a8b5ecea80d65e83]: ==> Parameters: 1(Long)
[2026-05-02 07:26:56.346] [DEBUG] [] [a8ca10d673b149b6a8b5ecea80d65e83]: <==      Total: 1
[2026-05-02 07:26:56.346] [DEBUG] [] [a8ca10d673b149b6a8b5ecea80d65e83]: ===> Supports JSON Message Converter : true
[2026-05-02 07:26:56.346] [DEBUG] [] [a8ca10d673b149b6a8b5ecea80d65e83]: Using 'application/json', given [application/json, text/plain, */*] and supported [application/json, application/*+json]
[2026-05-02 07:26:56.346] [DEBUG] [] [a8ca10d673b149b6a8b5ecea80d65e83]: ===> Supports JSON Message Converter : true
[2026-05-02 07:26:56.346] [DEBUG] [] [a8ca10d673b149b6a8b5ecea80d65e83]: Writing [UserDTO(super=AbstractAuditableDTO(createdAt=2026-05-01T21:18:50.206341, createdBy=0, updatedAt=2026 (truncated)...]
[2026-05-02 07:26:56.346] [DEBUG] [] [a8ca10d673b149b6a8b5ecea80d65e83]: =========================================
[2026-05-02 07:26:56.346] [DEBUG] [] [a8ca10d673b149b6a8b5ecea80d65e83]: ===>> Output object : 

{
	"alg":"SALT_MD5",
	"code":200,
	"data":{
		"birthYear":1990,
		"createdAt":"2026-05-01 21:18:50",
		"createdBy":0,
		"delFlag":false,
		"email":"admin@staff.local",
		"id":1,
		"isVip":false,
		"lastLoginAt":"2026-05-01 21:45:13.229045",
		"nickname":"超级管理员",
		"staffRole":1,
		"stampsBalance":0,
		"status":1,
		"updatedAt":"2026-05-01 21:45:13",
		"updatedBy":0
	},
	"message":"OK",
	"success":true
} 
class cn.nine.pros.post.client.model.db.UserDTO

[2026-05-02 07:26:56.346] [DEBUG] [] [a8ca10d673b149b6a8b5ecea80d65e83]: =========================================
[2026-05-02 07:26:56.346] [DEBUG] [] [a8ca10d673b149b6a8b5ecea80d65e83]: ==> leave RequestContextHolder.
[2026-05-02 07:26:56.346] [DEBUG] [] [a8ca10d673b149b6a8b5ecea80d65e83]: ==> leave RequestContextHolder.
[2026-05-02 07:32:22.287] [DEBUG] [] []: ==》/webapi/user/paging -> into PreRequestContextFilter.
[2026-05-02 07:32:22.288] [DEBUG] [] []: ==》/webapi/user/paging -> into PreRequestContextFilter.
[2026-05-02 07:32:22.288] [DEBUG] [] [9d3e61824a35492a9b96a71c733be3dd]: 地址 /webapi/user/paging 进入过滤器
[2026-05-02 07:32:22.288] [DEBUG] [] [6762535b9d724ee0b2cda02ada44d872]: 地址 /webapi/user/paging 进入过滤器
[2026-05-02 07:32:22.288] [DEBUG] [] []: ==》/webapi/auth/current -> into PreRequestContextFilter.
[2026-05-02 07:32:22.288] [DEBUG] [] [0de3a4f3ebbf4889b61097e91db80a15]: 地址 /webapi/auth/current 进入过滤器
[2026-05-02 07:32:22.294] [DEBUG] [] [0de3a4f3ebbf4889b61097e91db80a15]: ==>  Preparing: SELECT id,email,password_hash,nickname,birth_year,country_code,bio,avatar_url,stamps_balance,is_vip,vip_expire_at,status,staff_role,register_ip,last_login_at,created_at,created_by,updated_at,updated_by,del_flag FROM bu_user WHERE id=?
[2026-05-02 07:32:22.294] [DEBUG] [] [0de3a4f3ebbf4889b61097e91db80a15]: ==> Parameters: 1(Long)
[2026-05-02 07:32:22.294] [DEBUG] [] [6762535b9d724ee0b2cda02ada44d872]: ==>  Preparing: SELECT id,email,password_hash,nickname,birth_year,country_code,bio,avatar_url,stamps_balance,is_vip,vip_expire_at,status,staff_role,register_ip,last_login_at,created_at,created_by,updated_at,updated_by,del_flag FROM bu_user WHERE (del_flag = ?) ORDER BY created_at DESC
[2026-05-02 07:32:22.294] [DEBUG] [] [6762535b9d724ee0b2cda02ada44d872]: ==> Parameters: false(Boolean)
[2026-05-02 07:32:22.294] [DEBUG] [] [9d3e61824a35492a9b96a71c733be3dd]: ==>  Preparing: SELECT id,email,password_hash,nickname,birth_year,country_code,bio,avatar_url,stamps_balance,is_vip,vip_expire_at,status,staff_role,register_ip,last_login_at,created_at,created_by,updated_at,updated_by,del_flag FROM bu_user WHERE (del_flag = ?) ORDER BY created_at DESC
[2026-05-02 07:32:22.295] [DEBUG] [] [9d3e61824a35492a9b96a71c733be3dd]: ==> Parameters: false(Boolean)
[2026-05-02 07:32:22.295] [DEBUG] [] [0de3a4f3ebbf4889b61097e91db80a15]: <==      Total: 1
[2026-05-02 07:32:22.295] [DEBUG] [] [0de3a4f3ebbf4889b61097e91db80a15]: ===> Supports JSON Message Converter : true
[2026-05-02 07:32:22.295] [DEBUG] [] [0de3a4f3ebbf4889b61097e91db80a15]: Using 'application/json', given [application/json, text/plain, */*] and supported [application/json, application/*+json]
[2026-05-02 07:32:22.295] [DEBUG] [] [0de3a4f3ebbf4889b61097e91db80a15]: ===> Supports JSON Message Converter : true
[2026-05-02 07:32:22.295] [DEBUG] [] [0de3a4f3ebbf4889b61097e91db80a15]: Writing [UserDTO(super=AbstractAuditableDTO(createdAt=2026-05-01T21:18:50.206341, createdBy=0, updatedAt=2026 (truncated)...]
[2026-05-02 07:32:22.295] [DEBUG] [] [9d3e61824a35492a9b96a71c733be3dd]: <==      Total: 1
[2026-05-02 07:32:22.295] [DEBUG] [] [0de3a4f3ebbf4889b61097e91db80a15]: =========================================
[2026-05-02 07:32:22.295] [DEBUG] [] [0de3a4f3ebbf4889b61097e91db80a15]: ===>> Output object : 

{
	"alg":"SALT_MD5",
	"code":200,
	"data":{
		"birthYear":1990,
		"createdAt":"2026-05-01 21:18:50",
		"createdBy":0,
		"delFlag":false,
		"email":"admin@staff.local",
		"id":1,
		"isVip":false,
		"lastLoginAt":"2026-05-01 21:45:13.229045",
		"nickname":"超级管理员",
		"staffRole":1,
		"stampsBalance":0,
		"status":1,
		"updatedAt":"2026-05-01 21:45:13",
		"updatedBy":0
	},
	"message":"OK",
	"success":true
} 
class cn.nine.pros.post.client.model.db.UserDTO

[2026-05-02 07:32:22.295] [DEBUG] [] [0de3a4f3ebbf4889b61097e91db80a15]: =========================================
[2026-05-02 07:32:22.295] [DEBUG] [] [6762535b9d724ee0b2cda02ada44d872]: <==      Total: 1
[2026-05-02 07:32:22.295] [DEBUG] [] [9d3e61824a35492a9b96a71c733be3dd]: ===> Supports JSON Message Converter : true
[2026-05-02 07:32:22.295] [DEBUG] [] [9d3e61824a35492a9b96a71c733be3dd]: Using 'application/json', given [application/json, text/plain, */*] and supported [application/json, application/*+json]
[2026-05-02 07:32:22.295] [DEBUG] [] [9d3e61824a35492a9b96a71c733be3dd]: ===> Supports JSON Message Converter : true
[2026-05-02 07:32:22.295] [DEBUG] [] [6762535b9d724ee0b2cda02ada44d872]: ===> Supports JSON Message Converter : true
[2026-05-02 07:32:22.295] [DEBUG] [] [9d3e61824a35492a9b96a71c733be3dd]: Writing [PageData(total=0, page=1, size=50, pages=0, records=[UserDTO(super=AbstractAuditableDTO(createdAt=20 (truncated)...]
[2026-05-02 07:32:22.295] [DEBUG] [] [6762535b9d724ee0b2cda02ada44d872]: Using 'application/json', given [application/json, text/plain, */*] and supported [application/json, application/*+json]
[2026-05-02 07:32:22.295] [DEBUG] [] [9d3e61824a35492a9b96a71c733be3dd]: =========================================
[2026-05-02 07:32:22.295] [DEBUG] [] [6762535b9d724ee0b2cda02ada44d872]: ===> Supports JSON Message Converter : true
[2026-05-02 07:32:22.295] [DEBUG] [] [6762535b9d724ee0b2cda02ada44d872]: Writing [PageData(total=0, page=1, size=50, pages=0, records=[UserDTO(super=AbstractAuditableDTO(createdAt=20 (truncated)...]
[2026-05-02 07:32:22.295] [DEBUG] [] [9d3e61824a35492a9b96a71c733be3dd]: ===>> Output object : 

{
	"alg":"SALT_MD5",
	"code":200,
	"data":{
		"empty":false,
		"page":1,
		"pages":0,
		"recordCount":1,
		"records":[
			{
				"birthYear":1990,
				"createdAt":"2026-05-01 21:18:50",
				"createdBy":0,
				"delFlag":false,
				"email":"admin@staff.local",
				"id":1,
				"isVip":false,
				"lastLoginAt":"2026-05-01 21:45:13.229045",
				"nickname":"超级管理员",
				"passwordHash":"$2a$10$YTUeGZqQ/xrX1d9V26669ubXuH90MthjRxhXxJV5EldtWdFm0WQbS",
				"staffRole":1,
				"stampsBalance":0,
				"status":1,
				"updatedAt":"2026-05-01 21:45:13",
				"updatedBy":0
			}
		],
		"size":50,
		"total":0
	},
	"message":"OK",
	"success":true
} 
cn.nine.commons.data.page.PageData<cn.nine.pros.post.client.model.db.UserDTO>

[2026-05-02 07:32:22.295] [DEBUG] [] [9d3e61824a35492a9b96a71c733be3dd]: =========================================
[2026-05-02 07:32:22.295] [DEBUG] [] [6762535b9d724ee0b2cda02ada44d872]: =========================================
[2026-05-02 07:32:22.295] [DEBUG] [] [0de3a4f3ebbf4889b61097e91db80a15]: ==> leave RequestContextHolder.
[2026-05-02 07:32:22.295] [DEBUG] [] [0de3a4f3ebbf4889b61097e91db80a15]: ==> leave RequestContextHolder.
[2026-05-02 07:32:22.295] [DEBUG] [] [6762535b9d724ee0b2cda02ada44d872]: ===>> Output object : 

{
	"alg":"SALT_MD5",
	"code":200,
	"data":{
		"empty":false,
		"page":1,
		"pages":0,
		"recordCount":1,
		"records":[
			{
				"birthYear":1990,
				"createdAt":"2026-05-01 21:18:50",
				"createdBy":0,
				"delFlag":false,
				"email":"admin@staff.local",
				"id":1,
				"isVip":false,
				"lastLoginAt":"2026-05-01 21:45:13.229045",
				"nickname":"超级管理员",
				"passwordHash":"$2a$10$YTUeGZqQ/xrX1d9V26669ubXuH90MthjRxhXxJV5EldtWdFm0WQbS",
				"staffRole":1,
				"stampsBalance":0,
				"status":1,
				"updatedAt":"2026-05-01 21:45:13",
				"updatedBy":0
			}
		],
		"size":50,
		"total":0
	},
	"message":"OK",
	"success":true
} 
cn.nine.commons.data.page.PageData<cn.nine.pros.post.client.model.db.UserDTO>

[2026-05-02 07:32:22.295] [DEBUG] [] [6762535b9d724ee0b2cda02ada44d872]: =========================================
[2026-05-02 07:32:22.295] [DEBUG] [] [9d3e61824a35492a9b96a71c733be3dd]: ==> leave RequestContextHolder.
[2026-05-02 07:32:22.295] [DEBUG] [] [9d3e61824a35492a9b96a71c733be3dd]: ==> leave RequestContextHolder.
[2026-05-02 07:32:22.295] [DEBUG] [] [6762535b9d724ee0b2cda02ada44d872]: ==> leave RequestContextHolder.
[2026-05-02 07:32:22.295] [DEBUG] [] [6762535b9d724ee0b2cda02ada44d872]: ==> leave RequestContextHolder.
[2026-05-02 07:32:22.296] [DEBUG] [] []: ==》/webapi/auth/current -> into PreRequestContextFilter.
[2026-05-02 07:32:22.296] [DEBUG] [] [26b3a944149a470c887100b46008757b]: 地址 /webapi/auth/current 进入过滤器
[2026-05-02 07:32:22.298] [DEBUG] [] [26b3a944149a470c887100b46008757b]: ==>  Preparing: SELECT id,email,password_hash,nickname,birth_year,country_code,bio,avatar_url,stamps_balance,is_vip,vip_expire_at,status,staff_role,register_ip,last_login_at,created_at,created_by,updated_at,updated_by,del_flag FROM bu_user WHERE id=?
[2026-05-02 07:32:22.298] [DEBUG] [] [26b3a944149a470c887100b46008757b]: ==> Parameters: 1(Long)
[2026-05-02 07:32:22.299] [DEBUG] [] [26b3a944149a470c887100b46008757b]: <==      Total: 1
[2026-05-02 07:32:22.299] [DEBUG] [] [26b3a944149a470c887100b46008757b]: ===> Supports JSON Message Converter : true
[2026-05-02 07:32:22.299] [DEBUG] [] [26b3a944149a470c887100b46008757b]: Using 'application/json', given [application/json, text/plain, */*] and supported [application/json, application/*+json]
[2026-05-02 07:32:22.299] [DEBUG] [] [26b3a944149a470c887100b46008757b]: ===> Supports JSON Message Converter : true
[2026-05-02 07:32:22.299] [DEBUG] [] [26b3a944149a470c887100b46008757b]: Writing [UserDTO(super=AbstractAuditableDTO(createdAt=2026-05-01T21:18:50.206341, createdBy=0, updatedAt=2026 (truncated)...]
[2026-05-02 07:32:22.299] [DEBUG] [] [26b3a944149a470c887100b46008757b]: =========================================
[2026-05-02 07:32:22.299] [DEBUG] [] [26b3a944149a470c887100b46008757b]: ===>> Output object : 

{
	"alg":"SALT_MD5",
	"code":200,
	"data":{
		"birthYear":1990,
		"createdAt":"2026-05-01 21:18:50",
		"createdBy":0,
		"delFlag":false,
		"email":"admin@staff.local",
		"id":1,
		"isVip":false,
		"lastLoginAt":"2026-05-01 21:45:13.229045",
		"nickname":"超级管理员",
		"staffRole":1,
		"stampsBalance":0,
		"status":1,
		"updatedAt":"2026-05-01 21:45:13",
		"updatedBy":0
	},
	"message":"OK",
	"success":true
} 
class cn.nine.pros.post.client.model.db.UserDTO

[2026-05-02 07:32:22.299] [DEBUG] [] [26b3a944149a470c887100b46008757b]: =========================================
[2026-05-02 07:32:22.299] [DEBUG] [] [26b3a944149a470c887100b46008757b]: ==> leave RequestContextHolder.
[2026-05-02 07:32:22.299] [DEBUG] [] [26b3a944149a470c887100b46008757b]: ==> leave RequestContextHolder.
[2026-05-02 07:36:56.333] [DEBUG] [] []: ==》/webapi/user/paging -> into PreRequestContextFilter.
[2026-05-02 07:36:56.333] [DEBUG] [] []: ==》/webapi/auth/current -> into PreRequestContextFilter.
[2026-05-02 07:36:56.333] [DEBUG] [] [06c217d95f1449229cecb47fd3586bf8]: 地址 /webapi/user/paging 进入过滤器
[2026-05-02 07:36:56.333] [DEBUG] [] [4824f8fb77324b08903d0fa8a7212acf]: 地址 /webapi/auth/current 进入过滤器
[2026-05-02 07:36:56.333] [DEBUG] [] []: ==》/webapi/user/paging -> into PreRequestContextFilter.
[2026-05-02 07:36:56.333] [DEBUG] [] [1d5737cc953b47be91ccffde8509751d]: 地址 /webapi/user/paging 进入过滤器
[2026-05-02 07:36:56.334] [DEBUG] [] [4824f8fb77324b08903d0fa8a7212acf]: ==>  Preparing: SELECT id,email,password_hash,nickname,birth_year,country_code,bio,avatar_url,stamps_balance,is_vip,vip_expire_at,status,staff_role,register_ip,last_login_at,created_at,created_by,updated_at,updated_by,del_flag FROM bu_user WHERE id=?
[2026-05-02 07:36:56.334] [DEBUG] [] [4824f8fb77324b08903d0fa8a7212acf]: ==> Parameters: 1(Long)
[2026-05-02 07:36:56.334] [DEBUG] [] [06c217d95f1449229cecb47fd3586bf8]: ==>  Preparing: SELECT id,email,password_hash,nickname,birth_year,country_code,bio,avatar_url,stamps_balance,is_vip,vip_expire_at,status,staff_role,register_ip,last_login_at,created_at,created_by,updated_at,updated_by,del_flag FROM bu_user WHERE (del_flag = ?) ORDER BY created_at DESC
[2026-05-02 07:36:56.335] [DEBUG] [] [06c217d95f1449229cecb47fd3586bf8]: ==> Parameters: false(Boolean)
[2026-05-02 07:36:56.335] [DEBUG] [] [1d5737cc953b47be91ccffde8509751d]: ==>  Preparing: SELECT id,email,password_hash,nickname,birth_year,country_code,bio,avatar_url,stamps_balance,is_vip,vip_expire_at,status,staff_role,register_ip,last_login_at,created_at,created_by,updated_at,updated_by,del_flag FROM bu_user WHERE (del_flag = ?) ORDER BY created_at DESC
[2026-05-02 07:36:56.335] [DEBUG] [] [1d5737cc953b47be91ccffde8509751d]: ==> Parameters: false(Boolean)
[2026-05-02 07:36:56.335] [DEBUG] [] [4824f8fb77324b08903d0fa8a7212acf]: <==      Total: 1
[2026-05-02 07:36:56.335] [DEBUG] [] [4824f8fb77324b08903d0fa8a7212acf]: ===> Supports JSON Message Converter : true
[2026-05-02 07:36:56.335] [DEBUG] [] [4824f8fb77324b08903d0fa8a7212acf]: Using 'application/json', given [application/json, text/plain, */*] and supported [application/json, application/*+json]
[2026-05-02 07:36:56.335] [DEBUG] [] [4824f8fb77324b08903d0fa8a7212acf]: ===> Supports JSON Message Converter : true
[2026-05-02 07:36:56.335] [DEBUG] [] [4824f8fb77324b08903d0fa8a7212acf]: Writing [UserDTO(super=AbstractAuditableDTO(createdAt=2026-05-01T21:18:50.206341, createdBy=0, updatedAt=2026 (truncated)...]
[2026-05-02 07:36:56.335] [DEBUG] [] [4824f8fb77324b08903d0fa8a7212acf]: =========================================
[2026-05-02 07:36:56.335] [DEBUG] [] [4824f8fb77324b08903d0fa8a7212acf]: ===>> Output object : 

{
	"alg":"SALT_MD5",
	"code":200,
	"data":{
		"birthYear":1990,
		"createdAt":"2026-05-01 21:18:50",
		"createdBy":0,
		"delFlag":false,
		"email":"admin@staff.local",
		"id":1,
		"isVip":false,
		"lastLoginAt":"2026-05-01 21:45:13.229045",
		"nickname":"超级管理员",
		"staffRole":1,
		"stampsBalance":0,
		"status":1,
		"updatedAt":"2026-05-01 21:45:13",
		"updatedBy":0
	},
	"message":"OK",
	"success":true
} 
class cn.nine.pros.post.client.model.db.UserDTO

[2026-05-02 07:36:56.335] [DEBUG] [] [4824f8fb77324b08903d0fa8a7212acf]: =========================================
[2026-05-02 07:36:56.335] [DEBUG] [] [4824f8fb77324b08903d0fa8a7212acf]: ==> leave RequestContextHolder.
[2026-05-02 07:36:56.335] [DEBUG] [] [4824f8fb77324b08903d0fa8a7212acf]: ==> leave RequestContextHolder.
[2026-05-02 07:36:56.339] [DEBUG] [] [06c217d95f1449229cecb47fd3586bf8]: <==      Total: 1
[2026-05-02 07:36:56.339] [DEBUG] [] [1d5737cc953b47be91ccffde8509751d]: <==      Total: 1
[2026-05-02 07:36:56.339] [DEBUG] [] [06c217d95f1449229cecb47fd3586bf8]: ===> Supports JSON Message Converter : true
[2026-05-02 07:36:56.339] [DEBUG] [] [1d5737cc953b47be91ccffde8509751d]: ===> Supports JSON Message Converter : true
[2026-05-02 07:36:56.339] [DEBUG] [] [06c217d95f1449229cecb47fd3586bf8]: Using 'application/json', given [application/json, text/plain, */*] and supported [application/json, application/*+json]
[2026-05-02 07:36:56.339] [DEBUG] [] [06c217d95f1449229cecb47fd3586bf8]: ===> Supports JSON Message Converter : true
[2026-05-02 07:36:56.340] [DEBUG] [] [1d5737cc953b47be91ccffde8509751d]: Using 'application/json', given [application/json, text/plain, */*] and supported [application/json, application/*+json]
[2026-05-02 07:36:56.340] [DEBUG] [] [1d5737cc953b47be91ccffde8509751d]: ===> Supports JSON Message Converter : true
[2026-05-02 07:36:56.340] [DEBUG] [] [06c217d95f1449229cecb47fd3586bf8]: Writing [PageData(total=0, page=1, size=50, pages=0, records=[UserDTO(super=AbstractAuditableDTO(createdAt=20 (truncated)...]
[2026-05-02 07:36:56.340] [DEBUG] [] [1d5737cc953b47be91ccffde8509751d]: Writing [PageData(total=0, page=1, size=50, pages=0, records=[UserDTO(super=AbstractAuditableDTO(createdAt=20 (truncated)...]
[2026-05-02 07:36:56.340] [DEBUG] [] [06c217d95f1449229cecb47fd3586bf8]: =========================================
[2026-05-02 07:36:56.340] [DEBUG] [] [06c217d95f1449229cecb47fd3586bf8]: ===>> Output object : 

{
	"alg":"SALT_MD5",
	"code":200,
	"data":{
		"empty":false,
		"page":1,
		"pages":0,
		"recordCount":1,
		"records":[
			{
				"birthYear":1990,
				"createdAt":"2026-05-01 21:18:50",
				"createdBy":0,
				"delFlag":false,
				"email":"admin@staff.local",
				"id":1,
				"isVip":false,
				"lastLoginAt":"2026-05-01 21:45:13.229045",
				"nickname":"超级管理员",
				"passwordHash":"$2a$10$YTUeGZqQ/xrX1d9V26669ubXuH90MthjRxhXxJV5EldtWdFm0WQbS",
				"staffRole":1,
				"stampsBalance":0,
				"status":1,
				"updatedAt":"2026-05-01 21:45:13",
				"updatedBy":0
			}
		],
		"size":50,
		"total":0
	},
	"message":"OK",
	"success":true
} 
cn.nine.commons.data.page.PageData<cn.nine.pros.post.client.model.db.UserDTO>

[2026-05-02 07:36:56.340] [DEBUG] [] [06c217d95f1449229cecb47fd3586bf8]: =========================================
[2026-05-02 07:36:56.340] [DEBUG] [] [1d5737cc953b47be91ccffde8509751d]: =========================================
[2026-05-02 07:36:56.340] [DEBUG] [] [1d5737cc953b47be91ccffde8509751d]: ===>> Output object : 

{
	"alg":"SALT_MD5",
	"code":200,
	"data":{
		"empty":false,
		"page":1,
		"pages":0,
		"recordCount":1,
		"records":[
			{
				"birthYear":1990,
				"createdAt":"2026-05-01 21:18:50",
				"createdBy":0,
				"delFlag":false,
				"email":"admin@staff.local",
				"id":1,
				"isVip":false,
				"lastLoginAt":"2026-05-01 21:45:13.229045",
				"nickname":"超级管理员",
				"passwordHash":"$2a$10$YTUeGZqQ/xrX1d9V26669ubXuH90MthjRxhXxJV5EldtWdFm0WQbS",
				"staffRole":1,
				"stampsBalance":0,
				"status":1,
				"updatedAt":"2026-05-01 21:45:13",
				"updatedBy":0
			}
		],
		"size":50,
		"total":0
	},
	"message":"OK",
	"success":true
} 
cn.nine.commons.data.page.PageData<cn.nine.pros.post.client.model.db.UserDTO>

[2026-05-02 07:36:56.340] [DEBUG] [] [1d5737cc953b47be91ccffde8509751d]: =========================================
[2026-05-02 07:36:56.340] [DEBUG] [] [1d5737cc953b47be91ccffde8509751d]: ==> leave RequestContextHolder.
[2026-05-02 07:36:56.340] [DEBUG] [] [06c217d95f1449229cecb47fd3586bf8]: ==> leave RequestContextHolder.
[2026-05-02 07:36:56.340] [DEBUG] [] [1d5737cc953b47be91ccffde8509751d]: ==> leave RequestContextHolder.
[2026-05-02 07:36:56.340] [DEBUG] [] [06c217d95f1449229cecb47fd3586bf8]: ==> leave RequestContextHolder.
[2026-05-02 07:36:56.354] [DEBUG] [] []: ==》/webapi/auth/current -> into PreRequestContextFilter.
[2026-05-02 07:36:56.354] [DEBUG] [] [9beaa139557e49ce8febd1888ab70bf9]: 地址 /webapi/auth/current 进入过滤器
[2026-05-02 07:36:56.355] [DEBUG] [] [9beaa139557e49ce8febd1888ab70bf9]: ==>  Preparing: SELECT id,email,password_hash,nickname,birth_year,country_code,bio,avatar_url,stamps_balance,is_vip,vip_expire_at,status,staff_role,register_ip,last_login_at,created_at,created_by,updated_at,updated_by,del_flag FROM bu_user WHERE id=?
[2026-05-02 07:36:56.355] [DEBUG] [] [9beaa139557e49ce8febd1888ab70bf9]: ==> Parameters: 1(Long)
[2026-05-02 07:36:56.357] [DEBUG] [] [9beaa139557e49ce8febd1888ab70bf9]: <==      Total: 1
[2026-05-02 07:36:56.357] [DEBUG] [] [9beaa139557e49ce8febd1888ab70bf9]: ===> Supports JSON Message Converter : true
[2026-05-02 07:36:56.357] [DEBUG] [] [9beaa139557e49ce8febd1888ab70bf9]: Using 'application/json', given [application/json, text/plain, */*] and supported [application/json, application/*+json]
[2026-05-02 07:36:56.357] [DEBUG] [] [9beaa139557e49ce8febd1888ab70bf9]: ===> Supports JSON Message Converter : true
[2026-05-02 07:36:56.357] [DEBUG] [] [9beaa139557e49ce8febd1888ab70bf9]: Writing [UserDTO(super=AbstractAuditableDTO(createdAt=2026-05-01T21:18:50.206341, createdBy=0, updatedAt=2026 (truncated)...]
[2026-05-02 07:36:56.357] [DEBUG] [] [9beaa139557e49ce8febd1888ab70bf9]: =========================================
[2026-05-02 07:36:56.357] [DEBUG] [] [9beaa139557e49ce8febd1888ab70bf9]: ===>> Output object : 

{
	"alg":"SALT_MD5",
	"code":200,
	"data":{
		"birthYear":1990,
		"createdAt":"2026-05-01 21:18:50",
		"createdBy":0,
		"delFlag":false,
		"email":"admin@staff.local",
		"id":1,
		"isVip":false,
		"lastLoginAt":"2026-05-01 21:45:13.229045",
		"nickname":"超级管理员",
		"staffRole":1,
		"stampsBalance":0,
		"status":1,
		"updatedAt":"2026-05-01 21:45:13",
		"updatedBy":0
	},
	"message":"OK",
	"success":true
} 
class cn.nine.pros.post.client.model.db.UserDTO

[2026-05-02 07:36:56.357] [DEBUG] [] [9beaa139557e49ce8febd1888ab70bf9]: =========================================
[2026-05-02 07:36:56.357] [DEBUG] [] [9beaa139557e49ce8febd1888ab70bf9]: ==> leave RequestContextHolder.
[2026-05-02 07:36:56.357] [DEBUG] [] [9beaa139557e49ce8febd1888ab70bf9]: ==> leave RequestContextHolder.
[2026-05-02 07:43:22.301] [DEBUG] [] []: ==》/webapi/user/paging -> into PreRequestContextFilter.
[2026-05-02 07:43:22.301] [DEBUG] [] []: ==》/webapi/user/paging -> into PreRequestContextFilter.
[2026-05-02 07:43:22.301] [DEBUG] [] [9a216c82f45d47f5bad0d7b3e18502a7]: 地址 /webapi/user/paging 进入过滤器
[2026-05-02 07:43:22.301] [DEBUG] [] [f3ac7d895cb841a4902c31df132e9495]: 地址 /webapi/user/paging 进入过滤器
[2026-05-02 07:43:22.301] [DEBUG] [] []: ==》/webapi/auth/current -> into PreRequestContextFilter.
[2026-05-02 07:43:22.302] [DEBUG] [] [e4778271d977426a8c96179dafc413ba]: 地址 /webapi/auth/current 进入过滤器
[2026-05-02 07:43:22.307] [DEBUG] [] [e4778271d977426a8c96179dafc413ba]: ==>  Preparing: SELECT id,email,password_hash,nickname,birth_year,country_code,bio,avatar_url,stamps_balance,is_vip,vip_expire_at,status,staff_role,register_ip,last_login_at,created_at,created_by,updated_at,updated_by,del_flag FROM bu_user WHERE id=?
[2026-05-02 07:43:22.307] [DEBUG] [] [e4778271d977426a8c96179dafc413ba]: ==> Parameters: 1(Long)
[2026-05-02 07:43:22.308] [DEBUG] [] [9a216c82f45d47f5bad0d7b3e18502a7]: ==>  Preparing: SELECT id,email,password_hash,nickname,birth_year,country_code,bio,avatar_url,stamps_balance,is_vip,vip_expire_at,status,staff_role,register_ip,last_login_at,created_at,created_by,updated_at,updated_by,del_flag FROM bu_user WHERE (del_flag = ?) ORDER BY created_at DESC
[2026-05-02 07:43:22.308] [DEBUG] [] [f3ac7d895cb841a4902c31df132e9495]: ==>  Preparing: SELECT id,email,password_hash,nickname,birth_year,country_code,bio,avatar_url,stamps_balance,is_vip,vip_expire_at,status,staff_role,register_ip,last_login_at,created_at,created_by,updated_at,updated_by,del_flag FROM bu_user WHERE (del_flag = ?) ORDER BY created_at DESC
[2026-05-02 07:43:22.308] [DEBUG] [] [9a216c82f45d47f5bad0d7b3e18502a7]: ==> Parameters: false(Boolean)
[2026-05-02 07:43:22.308] [DEBUG] [] [f3ac7d895cb841a4902c31df132e9495]: ==> Parameters: false(Boolean)
[2026-05-02 07:43:22.310] [DEBUG] [] [e4778271d977426a8c96179dafc413ba]: <==      Total: 1
[2026-05-02 07:43:22.310] [DEBUG] [] [e4778271d977426a8c96179dafc413ba]: ===> Supports JSON Message Converter : true
[2026-05-02 07:43:22.310] [DEBUG] [] [e4778271d977426a8c96179dafc413ba]: Using 'application/json', given [application/json, text/plain, */*] and supported [application/json, application/*+json]
[2026-05-02 07:43:22.310] [DEBUG] [] [e4778271d977426a8c96179dafc413ba]: ===> Supports JSON Message Converter : true
[2026-05-02 07:43:22.310] [DEBUG] [] [e4778271d977426a8c96179dafc413ba]: Writing [UserDTO(super=AbstractAuditableDTO(createdAt=2026-05-01T21:18:50.206341, createdBy=0, updatedAt=2026 (truncated)...]
[2026-05-02 07:43:22.310] [DEBUG] [] [e4778271d977426a8c96179dafc413ba]: =========================================
[2026-05-02 07:43:22.310] [DEBUG] [] [e4778271d977426a8c96179dafc413ba]: ===>> Output object : 

{
	"alg":"SALT_MD5",
	"code":200,
	"data":{
		"birthYear":1990,
		"createdAt":"2026-05-01 21:18:50",
		"createdBy":0,
		"delFlag":false,
		"email":"admin@staff.local",
		"id":1,
		"isVip":false,
		"lastLoginAt":"2026-05-01 21:45:13.229045",
		"nickname":"超级管理员",
		"staffRole":1,
		"stampsBalance":0,
		"status":1,
		"updatedAt":"2026-05-01 21:45:13",
		"updatedBy":0
	},
	"message":"OK",
	"success":true
} 
class cn.nine.pros.post.client.model.db.UserDTO

[2026-05-02 07:43:22.310] [DEBUG] [] [e4778271d977426a8c96179dafc413ba]: =========================================
[2026-05-02 07:43:22.310] [DEBUG] [] [9a216c82f45d47f5bad0d7b3e18502a7]: <==      Total: 1
[2026-05-02 07:43:22.310] [DEBUG] [] [f3ac7d895cb841a4902c31df132e9495]: <==      Total: 1
[2026-05-02 07:43:22.310] [DEBUG] [] [9a216c82f45d47f5bad0d7b3e18502a7]: ===> Supports JSON Message Converter : true
[2026-05-02 07:43:22.310] [DEBUG] [] [e4778271d977426a8c96179dafc413ba]: ==> leave RequestContextHolder.
[2026-05-02 07:43:22.310] [DEBUG] [] [e4778271d977426a8c96179dafc413ba]: ==> leave RequestContextHolder.
[2026-05-02 07:43:22.310] [DEBUG] [] [9a216c82f45d47f5bad0d7b3e18502a7]: Using 'application/json', given [application/json, text/plain, */*] and supported [application/json, application/*+json]
[2026-05-02 07:43:22.310] [DEBUG] [] [f3ac7d895cb841a4902c31df132e9495]: ===> Supports JSON Message Converter : true
[2026-05-02 07:43:22.310] [DEBUG] [] [9a216c82f45d47f5bad0d7b3e18502a7]: ===> Supports JSON Message Converter : true
[2026-05-02 07:43:22.310] [DEBUG] [] [f3ac7d895cb841a4902c31df132e9495]: Using 'application/json', given [application/json, text/plain, */*] and supported [application/json, application/*+json]
[2026-05-02 07:43:22.310] [DEBUG] [] [f3ac7d895cb841a4902c31df132e9495]: ===> Supports JSON Message Converter : true
[2026-05-02 07:43:22.310] [DEBUG] [] [9a216c82f45d47f5bad0d7b3e18502a7]: Writing [PageData(total=0, page=1, size=50, pages=0, records=[UserDTO(super=AbstractAuditableDTO(createdAt=20 (truncated)...]
[2026-05-02 07:43:22.310] [DEBUG] [] [9a216c82f45d47f5bad0d7b3e18502a7]: =========================================
[2026-05-02 07:43:22.310] [DEBUG] [] [f3ac7d895cb841a4902c31df132e9495]: Writing [PageData(total=0, page=1, size=50, pages=0, records=[UserDTO(super=AbstractAuditableDTO(createdAt=20 (truncated)...]
[2026-05-02 07:43:22.310] [DEBUG] [] [9a216c82f45d47f5bad0d7b3e18502a7]: ===>> Output object : 

{
	"alg":"SALT_MD5",
	"code":200,
	"data":{
		"empty":false,
		"page":1,
		"pages":0,
		"recordCount":1,
		"records":[
			{
				"birthYear":1990,
				"createdAt":"2026-05-01 21:18:50",
				"createdBy":0,
				"delFlag":false,
				"email":"admin@staff.local",
				"id":1,
				"isVip":false,
				"lastLoginAt":"2026-05-01 21:45:13.229045",
				"nickname":"超级管理员",
				"passwordHash":"$2a$10$YTUeGZqQ/xrX1d9V26669ubXuH90MthjRxhXxJV5EldtWdFm0WQbS",
				"staffRole":1,
				"stampsBalance":0,
				"status":1,
				"updatedAt":"2026-05-01 21:45:13",
				"updatedBy":0
			}
		],
		"size":50,
		"total":0
	},
	"message":"OK",
	"success":true
} 
cn.nine.commons.data.page.PageData<cn.nine.pros.post.client.model.db.UserDTO>

[2026-05-02 07:43:22.310] [DEBUG] [] [9a216c82f45d47f5bad0d7b3e18502a7]: =========================================
[2026-05-02 07:43:22.310] [DEBUG] [] [f3ac7d895cb841a4902c31df132e9495]: =========================================
[2026-05-02 07:43:22.310] [DEBUG] [] [f3ac7d895cb841a4902c31df132e9495]: ===>> Output object : 

{
	"alg":"SALT_MD5",
	"code":200,
	"data":{
		"empty":false,
		"page":1,
		"pages":0,
		"recordCount":1,
		"records":[
			{
				"birthYear":1990,
				"createdAt":"2026-05-01 21:18:50",
				"createdBy":0,
				"delFlag":false,
				"email":"admin@staff.local",
				"id":1,
				"isVip":false,
				"lastLoginAt":"2026-05-01 21:45:13.229045",
				"nickname":"超级管理员",
				"passwordHash":"$2a$10$YTUeGZqQ/xrX1d9V26669ubXuH90MthjRxhXxJV5EldtWdFm0WQbS",
				"staffRole":1,
				"stampsBalance":0,
				"status":1,
				"updatedAt":"2026-05-01 21:45:13",
				"updatedBy":0
			}
		],
		"size":50,
		"total":0
	},
	"message":"OK",
	"success":true
} 
cn.nine.commons.data.page.PageData<cn.nine.pros.post.client.model.db.UserDTO>

[2026-05-02 07:43:22.310] [DEBUG] [] [f3ac7d895cb841a4902c31df132e9495]: =========================================
[2026-05-02 07:43:22.310] [DEBUG] [] [9a216c82f45d47f5bad0d7b3e18502a7]: ==> leave RequestContextHolder.
[2026-05-02 07:43:22.310] [DEBUG] [] [9a216c82f45d47f5bad0d7b3e18502a7]: ==> leave RequestContextHolder.
[2026-05-02 07:43:22.310] [DEBUG] [] [f3ac7d895cb841a4902c31df132e9495]: ==> leave RequestContextHolder.
[2026-05-02 07:43:22.310] [DEBUG] [] [f3ac7d895cb841a4902c31df132e9495]: ==> leave RequestContextHolder.
[2026-05-02 07:43:22.312] [DEBUG] [] []: ==》/webapi/auth/current -> into PreRequestContextFilter.
[2026-05-02 07:43:22.312] [DEBUG] [] [2a0a249bdcc24c148318ff48288c928f]: 地址 /webapi/auth/current 进入过滤器
[2026-05-02 07:43:22.314] [DEBUG] [] [2a0a249bdcc24c148318ff48288c928f]: ==>  Preparing: SELECT id,email,password_hash,nickname,birth_year,country_code,bio,avatar_url,stamps_balance,is_vip,vip_expire_at,status,staff_role,register_ip,last_login_at,created_at,created_by,updated_at,updated_by,del_flag FROM bu_user WHERE id=?
[2026-05-02 07:43:22.314] [DEBUG] [] [2a0a249bdcc24c148318ff48288c928f]: ==> Parameters: 1(Long)
[2026-05-02 07:43:22.314] [DEBUG] [] [2a0a249bdcc24c148318ff48288c928f]: <==      Total: 1
[2026-05-02 07:43:22.315] [DEBUG] [] [2a0a249bdcc24c148318ff48288c928f]: ===> Supports JSON Message Converter : true
[2026-05-02 07:43:22.315] [DEBUG] [] [2a0a249bdcc24c148318ff48288c928f]: Using 'application/json', given [application/json, text/plain, */*] and supported [application/json, application/*+json]
[2026-05-02 07:43:22.315] [DEBUG] [] [2a0a249bdcc24c148318ff48288c928f]: ===> Supports JSON Message Converter : true
[2026-05-02 07:43:22.315] [DEBUG] [] [2a0a249bdcc24c148318ff48288c928f]: Writing [UserDTO(super=AbstractAuditableDTO(createdAt=2026-05-01T21:18:50.206341, createdBy=0, updatedAt=2026 (truncated)...]
[2026-05-02 07:43:22.315] [DEBUG] [] [2a0a249bdcc24c148318ff48288c928f]: =========================================
[2026-05-02 07:43:22.315] [DEBUG] [] [2a0a249bdcc24c148318ff48288c928f]: ===>> Output object : 

{
	"alg":"SALT_MD5",
	"code":200,
	"data":{
		"birthYear":1990,
		"createdAt":"2026-05-01 21:18:50",
		"createdBy":0,
		"delFlag":false,
		"email":"admin@staff.local",
		"id":1,
		"isVip":false,
		"lastLoginAt":"2026-05-01 21:45:13.229045",
		"nickname":"超级管理员",
		"staffRole":1,
		"stampsBalance":0,
		"status":1,
		"updatedAt":"2026-05-01 21:45:13",
		"updatedBy":0
	},
	"message":"OK",
	"success":true
} 
class cn.nine.pros.post.client.model.db.UserDTO

[2026-05-02 07:43:22.315] [DEBUG] [] [2a0a249bdcc24c148318ff48288c928f]: =========================================
[2026-05-02 07:43:22.315] [DEBUG] [] [2a0a249bdcc24c148318ff48288c928f]: ==> leave RequestContextHolder.
[2026-05-02 07:43:22.315] [DEBUG] [] [2a0a249bdcc24c148318ff48288c928f]: ==> leave RequestContextHolder.
[2026-05-02 07:47:56.312] [DEBUG] [] []: ==》/webapi/user/paging -> into PreRequestContextFilter.
[2026-05-02 07:47:56.312] [DEBUG] [] [edcf67809a244ffcb58df62138e2ee6d]: 地址 /webapi/user/paging 进入过滤器
[2026-05-02 07:47:56.312] [DEBUG] [] []: ==》/webapi/user/paging -> into PreRequestContextFilter.
[2026-05-02 07:47:56.312] [DEBUG] [] [4ada29bc68c449babed86a400a49bfe6]: 地址 /webapi/user/paging 进入过滤器
[2026-05-02 07:47:56.312] [DEBUG] [] []: ==》/webapi/auth/current -> into PreRequestContextFilter.
[2026-05-02 07:47:56.312] [DEBUG] [] [a054ab4644b94797a429df61a175ba22]: 地址 /webapi/auth/current 进入过滤器
[2026-05-02 07:47:56.315] [DEBUG] [] [a054ab4644b94797a429df61a175ba22]: ==>  Preparing: SELECT id,email,password_hash,nickname,birth_year,country_code,bio,avatar_url,stamps_balance,is_vip,vip_expire_at,status,staff_role,register_ip,last_login_at,created_at,created_by,updated_at,updated_by,del_flag FROM bu_user WHERE id=?
[2026-05-02 07:47:56.315] [DEBUG] [] [a054ab4644b94797a429df61a175ba22]: ==> Parameters: 1(Long)
[2026-05-02 07:47:56.315] [DEBUG] [] [4ada29bc68c449babed86a400a49bfe6]: ==>  Preparing: SELECT id,email,password_hash,nickname,birth_year,country_code,bio,avatar_url,stamps_balance,is_vip,vip_expire_at,status,staff_role,register_ip,last_login_at,created_at,created_by,updated_at,updated_by,del_flag FROM bu_user WHERE (del_flag = ?) ORDER BY created_at DESC
[2026-05-02 07:47:56.315] [DEBUG] [] [edcf67809a244ffcb58df62138e2ee6d]: ==>  Preparing: SELECT id,email,password_hash,nickname,birth_year,country_code,bio,avatar_url,stamps_balance,is_vip,vip_expire_at,status,staff_role,register_ip,last_login_at,created_at,created_by,updated_at,updated_by,del_flag FROM bu_user WHERE (del_flag = ?) ORDER BY created_at DESC
[2026-05-02 07:47:56.315] [DEBUG] [] [4ada29bc68c449babed86a400a49bfe6]: ==> Parameters: false(Boolean)
[2026-05-02 07:47:56.315] [DEBUG] [] [edcf67809a244ffcb58df62138e2ee6d]: ==> Parameters: false(Boolean)
[2026-05-02 07:47:56.315] [DEBUG] [] [a054ab4644b94797a429df61a175ba22]: <==      Total: 1
[2026-05-02 07:47:56.315] [DEBUG] [] [a054ab4644b94797a429df61a175ba22]: ===> Supports JSON Message Converter : true
[2026-05-02 07:47:56.315] [DEBUG] [] [a054ab4644b94797a429df61a175ba22]: Using 'application/json', given [application/json, text/plain, */*] and supported [application/json, application/*+json]
[2026-05-02 07:47:56.315] [DEBUG] [] [a054ab4644b94797a429df61a175ba22]: ===> Supports JSON Message Converter : true
[2026-05-02 07:47:56.315] [DEBUG] [] [a054ab4644b94797a429df61a175ba22]: Writing [UserDTO(super=AbstractAuditableDTO(createdAt=2026-05-01T21:18:50.206341, createdBy=0, updatedAt=2026 (truncated)...]
[2026-05-02 07:47:56.315] [DEBUG] [] [a054ab4644b94797a429df61a175ba22]: =========================================
[2026-05-02 07:47:56.315] [DEBUG] [] [edcf67809a244ffcb58df62138e2ee6d]: <==      Total: 1
[2026-05-02 07:47:56.315] [DEBUG] [] [4ada29bc68c449babed86a400a49bfe6]: <==      Total: 1
[2026-05-02 07:47:56.315] [DEBUG] [] [a054ab4644b94797a429df61a175ba22]: ===>> Output object : 

{
	"alg":"SALT_MD5",
	"code":200,
	"data":{
		"birthYear":1990,
		"createdAt":"2026-05-01 21:18:50",
		"createdBy":0,
		"delFlag":false,
		"email":"admin@staff.local",
		"id":1,
		"isVip":false,
		"lastLoginAt":"2026-05-01 21:45:13.229045",
		"nickname":"超级管理员",
		"staffRole":1,
		"stampsBalance":0,
		"status":1,
		"updatedAt":"2026-05-01 21:45:13",
		"updatedBy":0
	},
	"message":"OK",
	"success":true
} 
class cn.nine.pros.post.client.model.db.UserDTO

[2026-05-02 07:47:56.315] [DEBUG] [] [a054ab4644b94797a429df61a175ba22]: =========================================
[2026-05-02 07:47:56.315] [DEBUG] [] [edcf67809a244ffcb58df62138e2ee6d]: ===> Supports JSON Message Converter : true
[2026-05-02 07:47:56.315] [DEBUG] [] [4ada29bc68c449babed86a400a49bfe6]: ===> Supports JSON Message Converter : true
[2026-05-02 07:47:56.315] [DEBUG] [] [edcf67809a244ffcb58df62138e2ee6d]: Using 'application/json', given [application/json, text/plain, */*] and supported [application/json, application/*+json]
[2026-05-02 07:47:56.315] [DEBUG] [] [4ada29bc68c449babed86a400a49bfe6]: Using 'application/json', given [application/json, text/plain, */*] and supported [application/json, application/*+json]
[2026-05-02 07:47:56.315] [DEBUG] [] [edcf67809a244ffcb58df62138e2ee6d]: ===> Supports JSON Message Converter : true
[2026-05-02 07:47:56.315] [DEBUG] [] [4ada29bc68c449babed86a400a49bfe6]: ===> Supports JSON Message Converter : true
[2026-05-02 07:47:56.315] [DEBUG] [] [edcf67809a244ffcb58df62138e2ee6d]: Writing [PageData(total=0, page=1, size=50, pages=0, records=[UserDTO(super=AbstractAuditableDTO(createdAt=20 (truncated)...]
[2026-05-02 07:47:56.315] [DEBUG] [] [4ada29bc68c449babed86a400a49bfe6]: Writing [PageData(total=0, page=1, size=50, pages=0, records=[UserDTO(super=AbstractAuditableDTO(createdAt=20 (truncated)...]
[2026-05-02 07:47:56.315] [DEBUG] [] [edcf67809a244ffcb58df62138e2ee6d]: =========================================
[2026-05-02 07:47:56.315] [DEBUG] [] [a054ab4644b94797a429df61a175ba22]: ==> leave RequestContextHolder.
[2026-05-02 07:47:56.316] [DEBUG] [] [a054ab4644b94797a429df61a175ba22]: ==> leave RequestContextHolder.
[2026-05-02 07:47:56.316] [DEBUG] [] [edcf67809a244ffcb58df62138e2ee6d]: ===>> Output object : 

{
	"alg":"SALT_MD5",
	"code":200,
	"data":{
		"empty":false,
		"page":1,
		"pages":0,
		"recordCount":1,
		"records":[
			{
				"birthYear":1990,
				"createdAt":"2026-05-01 21:18:50",
				"createdBy":0,
				"delFlag":false,
				"email":"admin@staff.local",
				"id":1,
				"isVip":false,
				"lastLoginAt":"2026-05-01 21:45:13.229045",
				"nickname":"超级管理员",
				"passwordHash":"$2a$10$YTUeGZqQ/xrX1d9V26669ubXuH90MthjRxhXxJV5EldtWdFm0WQbS",
				"staffRole":1,
				"stampsBalance":0,
				"status":1,
				"updatedAt":"2026-05-01 21:45:13",
				"updatedBy":0
			}
		],
		"size":50,
		"total":0
	},
	"message":"OK",
	"success":true
} 
cn.nine.commons.data.page.PageData<cn.nine.pros.post.client.model.db.UserDTO>

[2026-05-02 07:47:56.316] [DEBUG] [] [edcf67809a244ffcb58df62138e2ee6d]: =========================================
[2026-05-02 07:47:56.316] [DEBUG] [] [4ada29bc68c449babed86a400a49bfe6]: =========================================
[2026-05-02 07:47:56.316] [DEBUG] [] [4ada29bc68c449babed86a400a49bfe6]: ===>> Output object : 

{
	"alg":"SALT_MD5",
	"code":200,
	"data":{
		"empty":false,
		"page":1,
		"pages":0,
		"recordCount":1,
		"records":[
			{
				"birthYear":1990,
				"createdAt":"2026-05-01 21:18:50",
				"createdBy":0,
				"delFlag":false,
				"email":"admin@staff.local",
				"id":1,
				"isVip":false,
				"lastLoginAt":"2026-05-01 21:45:13.229045",
				"nickname":"超级管理员",
				"passwordHash":"$2a$10$YTUeGZqQ/xrX1d9V26669ubXuH90MthjRxhXxJV5EldtWdFm0WQbS",
				"staffRole":1,
				"stampsBalance":0,
				"status":1,
				"updatedAt":"2026-05-01 21:45:13",
				"updatedBy":0
			}
		],
		"size":50,
		"total":0
	},
	"message":"OK",
	"success":true
} 
cn.nine.commons.data.page.PageData<cn.nine.pros.post.client.model.db.UserDTO>

[2026-05-02 07:47:56.316] [DEBUG] [] [4ada29bc68c449babed86a400a49bfe6]: =========================================
[2026-05-02 07:47:56.316] [DEBUG] [] [edcf67809a244ffcb58df62138e2ee6d]: ==> leave RequestContextHolder.
[2026-05-02 07:47:56.316] [DEBUG] [] [edcf67809a244ffcb58df62138e2ee6d]: ==> leave RequestContextHolder.
[2026-05-02 07:47:56.316] [DEBUG] [] [4ada29bc68c449babed86a400a49bfe6]: ==> leave RequestContextHolder.
[2026-05-02 07:47:56.316] [DEBUG] [] [4ada29bc68c449babed86a400a49bfe6]: ==> leave RequestContextHolder.
[2026-05-02 07:47:56.318] [DEBUG] [] []: ==》/webapi/auth/current -> into PreRequestContextFilter.
[2026-05-02 07:47:56.318] [DEBUG] [] [82260050d159423692b0d315c688fac3]: 地址 /webapi/auth/current 进入过滤器
[2026-05-02 07:47:56.319] [DEBUG] [] [82260050d159423692b0d315c688fac3]: ==>  Preparing: SELECT id,email,password_hash,nickname,birth_year,country_code,bio,avatar_url,stamps_balance,is_vip,vip_expire_at,status,staff_role,register_ip,last_login_at,created_at,created_by,updated_at,updated_by,del_flag FROM bu_user WHERE id=?
[2026-05-02 07:47:56.319] [DEBUG] [] [82260050d159423692b0d315c688fac3]: ==> Parameters: 1(Long)
[2026-05-02 07:47:56.319] [DEBUG] [] [82260050d159423692b0d315c688fac3]: <==      Total: 1
[2026-05-02 07:47:56.319] [DEBUG] [] [82260050d159423692b0d315c688fac3]: ===> Supports JSON Message Converter : true
[2026-05-02 07:47:56.319] [DEBUG] [] [82260050d159423692b0d315c688fac3]: Using 'application/json', given [application/json, text/plain, */*] and supported [application/json, application/*+json]
[2026-05-02 07:47:56.319] [DEBUG] [] [82260050d159423692b0d315c688fac3]: ===> Supports JSON Message Converter : true
[2026-05-02 07:47:56.319] [DEBUG] [] [82260050d159423692b0d315c688fac3]: Writing [UserDTO(super=AbstractAuditableDTO(createdAt=2026-05-01T21:18:50.206341, createdBy=0, updatedAt=2026 (truncated)...]
[2026-05-02 07:47:56.319] [DEBUG] [] [82260050d159423692b0d315c688fac3]: =========================================
[2026-05-02 07:47:56.319] [DEBUG] [] [82260050d159423692b0d315c688fac3]: ===>> Output object : 

{
	"alg":"SALT_MD5",
	"code":200,
	"data":{
		"birthYear":1990,
		"createdAt":"2026-05-01 21:18:50",
		"createdBy":0,
		"delFlag":false,
		"email":"admin@staff.local",
		"id":1,
		"isVip":false,
		"lastLoginAt":"2026-05-01 21:45:13.229045",
		"nickname":"超级管理员",
		"staffRole":1,
		"stampsBalance":0,
		"status":1,
		"updatedAt":"2026-05-01 21:45:13",
		"updatedBy":0
	},
	"message":"OK",
	"success":true
} 
class cn.nine.pros.post.client.model.db.UserDTO

[2026-05-02 07:47:56.319] [DEBUG] [] [82260050d159423692b0d315c688fac3]: =========================================
[2026-05-02 07:47:56.320] [DEBUG] [] [82260050d159423692b0d315c688fac3]: ==> leave RequestContextHolder.
[2026-05-02 07:47:56.320] [DEBUG] [] [82260050d159423692b0d315c688fac3]: ==> leave RequestContextHolder.
[2026-05-02 07:53:22.246] [DEBUG] [] []: ==》/webapi/user/paging -> into PreRequestContextFilter.
[2026-05-02 07:53:22.246] [DEBUG] [] [5a65241a7c4041309da41abc953fbcee]: 地址 /webapi/user/paging 进入过滤器
[2026-05-02 07:53:22.247] [DEBUG] [] []: ==》/webapi/auth/current -> into PreRequestContextFilter.
[2026-05-02 07:53:22.247] [DEBUG] [] []: ==》/webapi/user/paging -> into PreRequestContextFilter.
[2026-05-02 07:53:22.247] [DEBUG] [] [3f109da0e524455fa1987c04343bc6b4]: 地址 /webapi/user/paging 进入过滤器
[2026-05-02 07:53:22.247] [DEBUG] [] [65150eb57af34017a8dd9473669e6d67]: 地址 /webapi/auth/current 进入过滤器
[2026-05-02 07:53:22.247] [DEBUG] [] [65150eb57af34017a8dd9473669e6d67]: ==>  Preparing: SELECT id,email,password_hash,nickname,birth_year,country_code,bio,avatar_url,stamps_balance,is_vip,vip_expire_at,status,staff_role,register_ip,last_login_at,created_at,created_by,updated_at,updated_by,del_flag FROM bu_user WHERE id=?
[2026-05-02 07:53:22.249] [DEBUG] [] [65150eb57af34017a8dd9473669e6d67]: ==> Parameters: 1(Long)
[2026-05-02 07:53:22.249] [DEBUG] [] [3f109da0e524455fa1987c04343bc6b4]: ==>  Preparing: SELECT id,email,password_hash,nickname,birth_year,country_code,bio,avatar_url,stamps_balance,is_vip,vip_expire_at,status,staff_role,register_ip,last_login_at,created_at,created_by,updated_at,updated_by,del_flag FROM bu_user WHERE (del_flag = ?) ORDER BY created_at DESC
[2026-05-02 07:53:22.249] [DEBUG] [] [3f109da0e524455fa1987c04343bc6b4]: ==> Parameters: false(Boolean)
[2026-05-02 07:53:22.249] [DEBUG] [] [5a65241a7c4041309da41abc953fbcee]: ==>  Preparing: SELECT id,email,password_hash,nickname,birth_year,country_code,bio,avatar_url,stamps_balance,is_vip,vip_expire_at,status,staff_role,register_ip,last_login_at,created_at,created_by,updated_at,updated_by,del_flag FROM bu_user WHERE (del_flag = ?) ORDER BY created_at DESC
[2026-05-02 07:53:22.249] [DEBUG] [] [5a65241a7c4041309da41abc953fbcee]: ==> Parameters: false(Boolean)
[2026-05-02 07:53:22.249] [DEBUG] [] [65150eb57af34017a8dd9473669e6d67]: <==      Total: 1
[2026-05-02 07:53:22.249] [DEBUG] [] [3f109da0e524455fa1987c04343bc6b4]: <==      Total: 1
[2026-05-02 07:53:22.250] [DEBUG] [] [65150eb57af34017a8dd9473669e6d67]: ===> Supports JSON Message Converter : true
[2026-05-02 07:53:22.250] [DEBUG] [] [3f109da0e524455fa1987c04343bc6b4]: ===> Supports JSON Message Converter : true
[2026-05-02 07:53:22.250] [DEBUG] [] [65150eb57af34017a8dd9473669e6d67]: Using 'application/json', given [application/json, text/plain, */*] and supported [application/json, application/*+json]
[2026-05-02 07:53:22.250] [DEBUG] [] [3f109da0e524455fa1987c04343bc6b4]: Using 'application/json', given [application/json, text/plain, */*] and supported [application/json, application/*+json]
[2026-05-02 07:53:22.250] [DEBUG] [] [65150eb57af34017a8dd9473669e6d67]: ===> Supports JSON Message Converter : true
[2026-05-02 07:53:22.250] [DEBUG] [] [3f109da0e524455fa1987c04343bc6b4]: ===> Supports JSON Message Converter : true
[2026-05-02 07:53:22.250] [DEBUG] [] [65150eb57af34017a8dd9473669e6d67]: Writing [UserDTO(super=AbstractAuditableDTO(createdAt=2026-05-01T21:18:50.206341, createdBy=0, updatedAt=2026 (truncated)...]
[2026-05-02 07:53:22.250] [DEBUG] [] [3f109da0e524455fa1987c04343bc6b4]: Writing [PageData(total=0, page=1, size=50, pages=0, records=[UserDTO(super=AbstractAuditableDTO(createdAt=20 (truncated)...]
[2026-05-02 07:53:22.250] [DEBUG] [] [5a65241a7c4041309da41abc953fbcee]: <==      Total: 1
[2026-05-02 07:53:22.250] [DEBUG] [] [65150eb57af34017a8dd9473669e6d67]: =========================================
[2026-05-02 07:53:22.250] [DEBUG] [] [65150eb57af34017a8dd9473669e6d67]: ===>> Output object : 

{
	"alg":"SALT_MD5",
	"code":200,
	"data":{
		"birthYear":1990,
		"createdAt":"2026-05-01 21:18:50",
		"createdBy":0,
		"delFlag":false,
		"email":"admin@staff.local",
		"id":1,
		"isVip":false,
		"lastLoginAt":"2026-05-01 21:45:13.229045",
		"nickname":"超级管理员",
		"staffRole":1,
		"stampsBalance":0,
		"status":1,
		"updatedAt":"2026-05-01 21:45:13",
		"updatedBy":0
	},
	"message":"OK",
	"success":true
} 
class cn.nine.pros.post.client.model.db.UserDTO

[2026-05-02 07:53:22.250] [DEBUG] [] [65150eb57af34017a8dd9473669e6d67]: =========================================
[2026-05-02 07:53:22.250] [DEBUG] [] [5a65241a7c4041309da41abc953fbcee]: ===> Supports JSON Message Converter : true
[2026-05-02 07:53:22.250] [DEBUG] [] [3f109da0e524455fa1987c04343bc6b4]: =========================================
[2026-05-02 07:53:22.250] [DEBUG] [] [5a65241a7c4041309da41abc953fbcee]: Using 'application/json', given [application/json, text/plain, */*] and supported [application/json, application/*+json]
[2026-05-02 07:53:22.250] [DEBUG] [] [5a65241a7c4041309da41abc953fbcee]: ===> Supports JSON Message Converter : true
[2026-05-02 07:53:22.250] [DEBUG] [] [5a65241a7c4041309da41abc953fbcee]: Writing [PageData(total=0, page=1, size=50, pages=0, records=[UserDTO(super=AbstractAuditableDTO(createdAt=20 (truncated)...]
[2026-05-02 07:53:22.250] [DEBUG] [] [3f109da0e524455fa1987c04343bc6b4]: ===>> Output object : 

{
	"alg":"SALT_MD5",
	"code":200,
	"data":{
		"empty":false,
		"page":1,
		"pages":0,
		"recordCount":1,
		"records":[
			{
				"birthYear":1990,
				"createdAt":"2026-05-01 21:18:50",
				"createdBy":0,
				"delFlag":false,
				"email":"admin@staff.local",
				"id":1,
				"isVip":false,
				"lastLoginAt":"2026-05-01 21:45:13.229045",
				"nickname":"超级管理员",
				"passwordHash":"$2a$10$YTUeGZqQ/xrX1d9V26669ubXuH90MthjRxhXxJV5EldtWdFm0WQbS",
				"staffRole":1,
				"stampsBalance":0,
				"status":1,
				"updatedAt":"2026-05-01 21:45:13",
				"updatedBy":0
			}
		],
		"size":50,
		"total":0
	},
	"message":"OK",
	"success":true
} 
cn.nine.commons.data.page.PageData<cn.nine.pros.post.client.model.db.UserDTO>

[2026-05-02 07:53:22.250] [DEBUG] [] [3f109da0e524455fa1987c04343bc6b4]: =========================================
[2026-05-02 07:53:22.250] [DEBUG] [] [5a65241a7c4041309da41abc953fbcee]: =========================================
[2026-05-02 07:53:22.250] [DEBUG] [] [5a65241a7c4041309da41abc953fbcee]: ===>> Output object : 

{
	"alg":"SALT_MD5",
	"code":200,
	"data":{
		"empty":false,
		"page":1,
		"pages":0,
		"recordCount":1,
		"records":[
			{
				"birthYear":1990,
				"createdAt":"2026-05-01 21:18:50",
				"createdBy":0,
				"delFlag":false,
				"email":"admin@staff.local",
				"id":1,
				"isVip":false,
				"lastLoginAt":"2026-05-01 21:45:13.229045",
				"nickname":"超级管理员",
				"passwordHash":"$2a$10$YTUeGZqQ/xrX1d9V26669ubXuH90MthjRxhXxJV5EldtWdFm0WQbS",
				"staffRole":1,
				"stampsBalance":0,
				"status":1,
				"updatedAt":"2026-05-01 21:45:13",
				"updatedBy":0
			}
		],
		"size":50,
		"total":0
	},
	"message":"OK",
	"success":true
} 
cn.nine.commons.data.page.PageData<cn.nine.pros.post.client.model.db.UserDTO>

[2026-05-02 07:53:22.250] [DEBUG] [] [5a65241a7c4041309da41abc953fbcee]: =========================================
[2026-05-02 07:53:22.250] [DEBUG] [] [65150eb57af34017a8dd9473669e6d67]: ==> leave RequestContextHolder.
[2026-05-02 07:53:22.250] [DEBUG] [] [65150eb57af34017a8dd9473669e6d67]: ==> leave RequestContextHolder.
[2026-05-02 07:53:22.250] [DEBUG] [] [5a65241a7c4041309da41abc953fbcee]: ==> leave RequestContextHolder.
[2026-05-02 07:53:22.250] [DEBUG] [] [3f109da0e524455fa1987c04343bc6b4]: ==> leave RequestContextHolder.
[2026-05-02 07:53:22.250] [DEBUG] [] [5a65241a7c4041309da41abc953fbcee]: ==> leave RequestContextHolder.
[2026-05-02 07:53:22.250] [DEBUG] [] [3f109da0e524455fa1987c04343bc6b4]: ==> leave RequestContextHolder.
[2026-05-02 07:53:22.252] [DEBUG] [] []: ==》/webapi/auth/current -> into PreRequestContextFilter.
[2026-05-02 07:53:22.252] [DEBUG] [] [d8731ce3a78c44c5ba7a212aba03ee27]: 地址 /webapi/auth/current 进入过滤器
[2026-05-02 07:53:22.253] [DEBUG] [] [d8731ce3a78c44c5ba7a212aba03ee27]: ==>  Preparing: SELECT id,email,password_hash,nickname,birth_year,country_code,bio,avatar_url,stamps_balance,is_vip,vip_expire_at,status,staff_role,register_ip,last_login_at,created_at,created_by,updated_at,updated_by,del_flag FROM bu_user WHERE id=?
[2026-05-02 07:53:22.253] [DEBUG] [] [d8731ce3a78c44c5ba7a212aba03ee27]: ==> Parameters: 1(Long)
[2026-05-02 07:53:22.254] [DEBUG] [] [d8731ce3a78c44c5ba7a212aba03ee27]: <==      Total: 1
[2026-05-02 07:53:22.254] [DEBUG] [] [d8731ce3a78c44c5ba7a212aba03ee27]: ===> Supports JSON Message Converter : true
[2026-05-02 07:53:22.254] [DEBUG] [] [d8731ce3a78c44c5ba7a212aba03ee27]: Using 'application/json', given [application/json, text/plain, */*] and supported [application/json, application/*+json]
[2026-05-02 07:53:22.254] [DEBUG] [] [d8731ce3a78c44c5ba7a212aba03ee27]: ===> Supports JSON Message Converter : true
[2026-05-02 07:53:22.254] [DEBUG] [] [d8731ce3a78c44c5ba7a212aba03ee27]: Writing [UserDTO(super=AbstractAuditableDTO(createdAt=2026-05-01T21:18:50.206341, createdBy=0, updatedAt=2026 (truncated)...]
[2026-05-02 07:53:22.254] [DEBUG] [] [d8731ce3a78c44c5ba7a212aba03ee27]: =========================================
[2026-05-02 07:53:22.254] [DEBUG] [] [d8731ce3a78c44c5ba7a212aba03ee27]: ===>> Output object : 

{
	"alg":"SALT_MD5",
	"code":200,
	"data":{
		"birthYear":1990,
		"createdAt":"2026-05-01 21:18:50",
		"createdBy":0,
		"delFlag":false,
		"email":"admin@staff.local",
		"id":1,
		"isVip":false,
		"lastLoginAt":"2026-05-01 21:45:13.229045",
		"nickname":"超级管理员",
		"staffRole":1,
		"stampsBalance":0,
		"status":1,
		"updatedAt":"2026-05-01 21:45:13",
		"updatedBy":0
	},
	"message":"OK",
	"success":true
} 
class cn.nine.pros.post.client.model.db.UserDTO

[2026-05-02 07:53:22.254] [DEBUG] [] [d8731ce3a78c44c5ba7a212aba03ee27]: =========================================
[2026-05-02 07:53:22.254] [DEBUG] [] [d8731ce3a78c44c5ba7a212aba03ee27]: ==> leave RequestContextHolder.
[2026-05-02 07:53:22.254] [DEBUG] [] [d8731ce3a78c44c5ba7a212aba03ee27]: ==> leave RequestContextHolder.
[2026-05-02 07:57:56.292] [DEBUG] [] []: ==》/webapi/user/paging -> into PreRequestContextFilter.
[2026-05-02 07:57:56.292] [DEBUG] [] []: ==》/webapi/user/paging -> into PreRequestContextFilter.
[2026-05-02 07:57:56.292] [DEBUG] [] [2b8de5f41af9467b97e50688a5110c9a]: 地址 /webapi/user/paging 进入过滤器
[2026-05-02 07:57:56.292] [DEBUG] [] [0821389a39b64f618bc090e0b455c1c6]: 地址 /webapi/user/paging 进入过滤器
[2026-05-02 07:57:56.294] [DEBUG] [] [0821389a39b64f618bc090e0b455c1c6]: ==>  Preparing: SELECT id,email,password_hash,nickname,birth_year,country_code,bio,avatar_url,stamps_balance,is_vip,vip_expire_at,status,staff_role,register_ip,last_login_at,created_at,created_by,updated_at,updated_by,del_flag FROM bu_user WHERE (del_flag = ?) ORDER BY created_at DESC
[2026-05-02 07:57:56.294] [DEBUG] [] [0821389a39b64f618bc090e0b455c1c6]: ==> Parameters: false(Boolean)
[2026-05-02 07:57:56.294] [DEBUG] [] [2b8de5f41af9467b97e50688a5110c9a]: ==>  Preparing: SELECT id,email,password_hash,nickname,birth_year,country_code,bio,avatar_url,stamps_balance,is_vip,vip_expire_at,status,staff_role,register_ip,last_login_at,created_at,created_by,updated_at,updated_by,del_flag FROM bu_user WHERE (del_flag = ?) ORDER BY created_at DESC
[2026-05-02 07:57:56.294] [DEBUG] [] [2b8de5f41af9467b97e50688a5110c9a]: ==> Parameters: false(Boolean)
[2026-05-02 07:57:56.294] [DEBUG] [] [2b8de5f41af9467b97e50688a5110c9a]: <==      Total: 1
[2026-05-02 07:57:56.294] [DEBUG] [] [2b8de5f41af9467b97e50688a5110c9a]: ===> Supports JSON Message Converter : true
[2026-05-02 07:57:56.294] [DEBUG] [] [2b8de5f41af9467b97e50688a5110c9a]: Using 'application/json', given [application/json, text/plain, */*] and supported [application/json, application/*+json]
[2026-05-02 07:57:56.294] [DEBUG] [] [2b8de5f41af9467b97e50688a5110c9a]: ===> Supports JSON Message Converter : true
[2026-05-02 07:57:56.294] [DEBUG] [] [2b8de5f41af9467b97e50688a5110c9a]: Writing [PageData(total=0, page=1, size=50, pages=0, records=[UserDTO(super=AbstractAuditableDTO(createdAt=20 (truncated)...]
[2026-05-02 07:57:56.294] [DEBUG] [] [2b8de5f41af9467b97e50688a5110c9a]: =========================================
[2026-05-02 07:57:56.294] [DEBUG] [] [2b8de5f41af9467b97e50688a5110c9a]: ===>> Output object : 

{
	"alg":"SALT_MD5",
	"code":200,
	"data":{
		"empty":false,
		"page":1,
		"pages":0,
		"recordCount":1,
		"records":[
			{
				"birthYear":1990,
				"createdAt":"2026-05-01 21:18:50",
				"createdBy":0,
				"delFlag":false,
				"email":"admin@staff.local",
				"id":1,
				"isVip":false,
				"lastLoginAt":"2026-05-01 21:45:13.229045",
				"nickname":"超级管理员",
				"passwordHash":"$2a$10$YTUeGZqQ/xrX1d9V26669ubXuH90MthjRxhXxJV5EldtWdFm0WQbS",
				"staffRole":1,
				"stampsBalance":0,
				"status":1,
				"updatedAt":"2026-05-01 21:45:13",
				"updatedBy":0
			}
		],
		"size":50,
		"total":0
	},
	"message":"OK",
	"success":true
} 
cn.nine.commons.data.page.PageData<cn.nine.pros.post.client.model.db.UserDTO>

[2026-05-02 07:57:56.294] [DEBUG] [] [2b8de5f41af9467b97e50688a5110c9a]: =========================================
[2026-05-02 07:57:56.294] [DEBUG] [] [0821389a39b64f618bc090e0b455c1c6]: <==      Total: 1
[2026-05-02 07:57:56.295] [DEBUG] [] [0821389a39b64f618bc090e0b455c1c6]: ===> Supports JSON Message Converter : true
[2026-05-02 07:57:56.295] [DEBUG] [] [0821389a39b64f618bc090e0b455c1c6]: Using 'application/json', given [application/json, text/plain, */*] and supported [application/json, application/*+json]
[2026-05-02 07:57:56.295] [DEBUG] [] [2b8de5f41af9467b97e50688a5110c9a]: ==> leave RequestContextHolder.
[2026-05-02 07:57:56.295] [DEBUG] [] [2b8de5f41af9467b97e50688a5110c9a]: ==> leave RequestContextHolder.
[2026-05-02 07:57:56.295] [DEBUG] [] [0821389a39b64f618bc090e0b455c1c6]: ===> Supports JSON Message Converter : true
[2026-05-02 07:57:56.295] [DEBUG] [] [0821389a39b64f618bc090e0b455c1c6]: Writing [PageData(total=0, page=1, size=50, pages=0, records=[UserDTO(super=AbstractAuditableDTO(createdAt=20 (truncated)...]
[2026-05-02 07:57:56.295] [DEBUG] [] [0821389a39b64f618bc090e0b455c1c6]: =========================================
[2026-05-02 07:57:56.295] [DEBUG] [] [0821389a39b64f618bc090e0b455c1c6]: ===>> Output object : 

{
	"alg":"SALT_MD5",
	"code":200,
	"data":{
		"empty":false,
		"page":1,
		"pages":0,
		"recordCount":1,
		"records":[
			{
				"birthYear":1990,
				"createdAt":"2026-05-01 21:18:50",
				"createdBy":0,
				"delFlag":false,
				"email":"admin@staff.local",
				"id":1,
				"isVip":false,
				"lastLoginAt":"2026-05-01 21:45:13.229045",
				"nickname":"超级管理员",
				"passwordHash":"$2a$10$YTUeGZqQ/xrX1d9V26669ubXuH90MthjRxhXxJV5EldtWdFm0WQbS",
				"staffRole":1,
				"stampsBalance":0,
				"status":1,
				"updatedAt":"2026-05-01 21:45:13",
				"updatedBy":0
			}
		],
		"size":50,
		"total":0
	},
	"message":"OK",
	"success":true
} 
cn.nine.commons.data.page.PageData<cn.nine.pros.post.client.model.db.UserDTO>

[2026-05-02 07:57:56.295] [DEBUG] [] [0821389a39b64f618bc090e0b455c1c6]: =========================================
[2026-05-02 07:57:56.295] [DEBUG] [] [0821389a39b64f618bc090e0b455c1c6]: ==> leave RequestContextHolder.
[2026-05-02 07:57:56.295] [DEBUG] [] [0821389a39b64f618bc090e0b455c1c6]: ==> leave RequestContextHolder.
[2026-05-02 07:57:56.318] [DEBUG] [] []: ==》/webapi/auth/current -> into PreRequestContextFilter.
[2026-05-02 07:57:56.318] [DEBUG] [] [2e70dd098cd24881a87f495f3c75fd88]: 地址 /webapi/auth/current 进入过滤器
[2026-05-02 07:57:56.318] [DEBUG] [] [2e70dd098cd24881a87f495f3c75fd88]: ==>  Preparing: SELECT id,email,password_hash,nickname,birth_year,country_code,bio,avatar_url,stamps_balance,is_vip,vip_expire_at,status,staff_role,register_ip,last_login_at,created_at,created_by,updated_at,updated_by,del_flag FROM bu_user WHERE id=?
[2026-05-02 07:57:56.318] [DEBUG] [] [2e70dd098cd24881a87f495f3c75fd88]: ==> Parameters: 1(Long)
[2026-05-02 07:57:56.320] [DEBUG] [] [2e70dd098cd24881a87f495f3c75fd88]: <==      Total: 1
[2026-05-02 07:57:56.320] [DEBUG] [] [2e70dd098cd24881a87f495f3c75fd88]: ===> Supports JSON Message Converter : true
[2026-05-02 07:57:56.320] [DEBUG] [] [2e70dd098cd24881a87f495f3c75fd88]: Using 'application/json', given [application/json, text/plain, */*] and supported [application/json, application/*+json]
[2026-05-02 07:57:56.320] [DEBUG] [] [2e70dd098cd24881a87f495f3c75fd88]: ===> Supports JSON Message Converter : true
[2026-05-02 07:57:56.320] [DEBUG] [] [2e70dd098cd24881a87f495f3c75fd88]: Writing [UserDTO(super=AbstractAuditableDTO(createdAt=2026-05-01T21:18:50.206341, createdBy=0, updatedAt=2026 (truncated)...]
[2026-05-02 07:57:56.320] [DEBUG] [] [2e70dd098cd24881a87f495f3c75fd88]: =========================================
[2026-05-02 07:57:56.320] [DEBUG] [] [2e70dd098cd24881a87f495f3c75fd88]: ===>> Output object : 

{
	"alg":"SALT_MD5",
	"code":200,
	"data":{
		"birthYear":1990,
		"createdAt":"2026-05-01 21:18:50",
		"createdBy":0,
		"delFlag":false,
		"email":"admin@staff.local",
		"id":1,
		"isVip":false,
		"lastLoginAt":"2026-05-01 21:45:13.229045",
		"nickname":"超级管理员",
		"staffRole":1,
		"stampsBalance":0,
		"status":1,
		"updatedAt":"2026-05-01 21:45:13",
		"updatedBy":0
	},
	"message":"OK",
	"success":true
} 
class cn.nine.pros.post.client.model.db.UserDTO

[2026-05-02 07:57:56.320] [DEBUG] [] [2e70dd098cd24881a87f495f3c75fd88]: =========================================
[2026-05-02 07:57:56.320] [DEBUG] [] [2e70dd098cd24881a87f495f3c75fd88]: ==> leave RequestContextHolder.
[2026-05-02 07:57:56.320] [DEBUG] [] [2e70dd098cd24881a87f495f3c75fd88]: ==> leave RequestContextHolder.
[2026-05-02 07:57:56.321] [DEBUG] [] []: ==》/webapi/auth/current -> into PreRequestContextFilter.
[2026-05-02 07:57:56.321] [DEBUG] [] [9a7d88509475423494dfd07a3138d65d]: 地址 /webapi/auth/current 进入过滤器
[2026-05-02 07:57:56.322] [DEBUG] [] [9a7d88509475423494dfd07a3138d65d]: ==>  Preparing: SELECT id,email,password_hash,nickname,birth_year,country_code,bio,avatar_url,stamps_balance,is_vip,vip_expire_at,status,staff_role,register_ip,last_login_at,created_at,created_by,updated_at,updated_by,del_flag FROM bu_user WHERE id=?
[2026-05-02 07:57:56.322] [DEBUG] [] [9a7d88509475423494dfd07a3138d65d]: ==> Parameters: 1(Long)
[2026-05-02 07:57:56.323] [DEBUG] [] [9a7d88509475423494dfd07a3138d65d]: <==      Total: 1
[2026-05-02 07:57:56.323] [DEBUG] [] [9a7d88509475423494dfd07a3138d65d]: ===> Supports JSON Message Converter : true
[2026-05-02 07:57:56.323] [DEBUG] [] [9a7d88509475423494dfd07a3138d65d]: Using 'application/json', given [application/json, text/plain, */*] and supported [application/json, application/*+json]
[2026-05-02 07:57:56.323] [DEBUG] [] [9a7d88509475423494dfd07a3138d65d]: ===> Supports JSON Message Converter : true
[2026-05-02 07:57:56.323] [DEBUG] [] [9a7d88509475423494dfd07a3138d65d]: Writing [UserDTO(super=AbstractAuditableDTO(createdAt=2026-05-01T21:18:50.206341, createdBy=0, updatedAt=2026 (truncated)...]
[2026-05-02 07:57:56.323] [DEBUG] [] [9a7d88509475423494dfd07a3138d65d]: =========================================
[2026-05-02 07:57:56.323] [DEBUG] [] [9a7d88509475423494dfd07a3138d65d]: ===>> Output object : 

{
	"alg":"SALT_MD5",
	"code":200,
	"data":{
		"birthYear":1990,
		"createdAt":"2026-05-01 21:18:50",
		"createdBy":0,
		"delFlag":false,
		"email":"admin@staff.local",
		"id":1,
		"isVip":false,
		"lastLoginAt":"2026-05-01 21:45:13.229045",
		"nickname":"超级管理员",
		"staffRole":1,
		"stampsBalance":0,
		"status":1,
		"updatedAt":"2026-05-01 21:45:13",
		"updatedBy":0
	},
	"message":"OK",
	"success":true
} 
class cn.nine.pros.post.client.model.db.UserDTO

[2026-05-02 07:57:56.323] [DEBUG] [] [9a7d88509475423494dfd07a3138d65d]: =========================================
[2026-05-02 07:57:56.323] [DEBUG] [] [9a7d88509475423494dfd07a3138d65d]: ==> leave RequestContextHolder.
[2026-05-02 07:57:56.323] [DEBUG] [] [9a7d88509475423494dfd07a3138d65d]: ==> leave RequestContextHolder.
[2026-05-02 08:03:22.301] [DEBUG] [] []: ==》/webapi/user/paging -> into PreRequestContextFilter.
[2026-05-02 08:03:22.301] [DEBUG] [] []: ==》/webapi/auth/current -> into PreRequestContextFilter.
[2026-05-02 08:03:22.301] [DEBUG] [] [23ba83bba5de47358f301f352a328e3b]: 地址 /webapi/user/paging 进入过滤器
[2026-05-02 08:03:22.301] [DEBUG] [] [0fb04cb7768e4d45bb4ccb2eb1d6fe55]: 地址 /webapi/auth/current 进入过滤器
[2026-05-02 08:03:22.301] [DEBUG] [] []: ==》/webapi/user/paging -> into PreRequestContextFilter.
[2026-05-02 08:03:22.301] [DEBUG] [] [40dc0d1eecbf416f8ac60cc60652ed12]: 地址 /webapi/user/paging 进入过滤器
[2026-05-02 08:03:22.302] [DEBUG] [] [0fb04cb7768e4d45bb4ccb2eb1d6fe55]: ==>  Preparing: SELECT id,email,password_hash,nickname,birth_year,country_code,bio,avatar_url,stamps_balance,is_vip,vip_expire_at,status,staff_role,register_ip,last_login_at,created_at,created_by,updated_at,updated_by,del_flag FROM bu_user WHERE id=?
[2026-05-02 08:03:22.302] [DEBUG] [] [23ba83bba5de47358f301f352a328e3b]: ==>  Preparing: SELECT id,email,password_hash,nickname,birth_year,country_code,bio,avatar_url,stamps_balance,is_vip,vip_expire_at,status,staff_role,register_ip,last_login_at,created_at,created_by,updated_at,updated_by,del_flag FROM bu_user WHERE (del_flag = ?) ORDER BY created_at DESC
[2026-05-02 08:03:22.302] [DEBUG] [] [40dc0d1eecbf416f8ac60cc60652ed12]: ==>  Preparing: SELECT id,email,password_hash,nickname,birth_year,country_code,bio,avatar_url,stamps_balance,is_vip,vip_expire_at,status,staff_role,register_ip,last_login_at,created_at,created_by,updated_at,updated_by,del_flag FROM bu_user WHERE (del_flag = ?) ORDER BY created_at DESC
[2026-05-02 08:03:22.302] [DEBUG] [] [0fb04cb7768e4d45bb4ccb2eb1d6fe55]: ==> Parameters: 1(Long)
[2026-05-02 08:03:22.302] [DEBUG] [] [23ba83bba5de47358f301f352a328e3b]: ==> Parameters: false(Boolean)
[2026-05-02 08:03:22.302] [DEBUG] [] [40dc0d1eecbf416f8ac60cc60652ed12]: ==> Parameters: false(Boolean)
[2026-05-02 08:03:22.303] [DEBUG] [] [0fb04cb7768e4d45bb4ccb2eb1d6fe55]: <==      Total: 1
[2026-05-02 08:03:22.303] [DEBUG] [] [40dc0d1eecbf416f8ac60cc60652ed12]: <==      Total: 1
[2026-05-02 08:03:22.303] [DEBUG] [] [23ba83bba5de47358f301f352a328e3b]: <==      Total: 1
[2026-05-02 08:03:22.303] [DEBUG] [] [0fb04cb7768e4d45bb4ccb2eb1d6fe55]: ===> Supports JSON Message Converter : true
[2026-05-02 08:03:22.303] [DEBUG] [] [23ba83bba5de47358f301f352a328e3b]: ===> Supports JSON Message Converter : true
[2026-05-02 08:03:22.303] [DEBUG] [] [40dc0d1eecbf416f8ac60cc60652ed12]: ===> Supports JSON Message Converter : true
[2026-05-02 08:03:22.303] [DEBUG] [] [0fb04cb7768e4d45bb4ccb2eb1d6fe55]: Using 'application/json', given [application/json, text/plain, */*] and supported [application/json, application/*+json]
[2026-05-02 08:03:22.303] [DEBUG] [] [23ba83bba5de47358f301f352a328e3b]: Using 'application/json', given [application/json, text/plain, */*] and supported [application/json, application/*+json]
[2026-05-02 08:03:22.304] [DEBUG] [] [0fb04cb7768e4d45bb4ccb2eb1d6fe55]: ===> Supports JSON Message Converter : true
[2026-05-02 08:03:22.304] [DEBUG] [] [40dc0d1eecbf416f8ac60cc60652ed12]: Using 'application/json', given [application/json, text/plain, */*] and supported [application/json, application/*+json]
[2026-05-02 08:03:22.304] [DEBUG] [] [23ba83bba5de47358f301f352a328e3b]: ===> Supports JSON Message Converter : true
[2026-05-02 08:03:22.304] [DEBUG] [] [40dc0d1eecbf416f8ac60cc60652ed12]: ===> Supports JSON Message Converter : true
[2026-05-02 08:03:22.304] [DEBUG] [] [0fb04cb7768e4d45bb4ccb2eb1d6fe55]: Writing [UserDTO(super=AbstractAuditableDTO(createdAt=2026-05-01T21:18:50.206341, createdBy=0, updatedAt=2026 (truncated)...]
[2026-05-02 08:03:22.304] [DEBUG] [] [23ba83bba5de47358f301f352a328e3b]: Writing [PageData(total=0, page=1, size=50, pages=0, records=[UserDTO(super=AbstractAuditableDTO(createdAt=20 (truncated)...]
[2026-05-02 08:03:22.304] [DEBUG] [] [40dc0d1eecbf416f8ac60cc60652ed12]: Writing [PageData(total=0, page=1, size=50, pages=0, records=[UserDTO(super=AbstractAuditableDTO(createdAt=20 (truncated)...]
[2026-05-02 08:03:22.304] [DEBUG] [] [0fb04cb7768e4d45bb4ccb2eb1d6fe55]: =========================================
[2026-05-02 08:03:22.304] [DEBUG] [] [0fb04cb7768e4d45bb4ccb2eb1d6fe55]: ===>> Output object : 

{
	"alg":"SALT_MD5",
	"code":200,
	"data":{
		"birthYear":1990,
		"createdAt":"2026-05-01 21:18:50",
		"createdBy":0,
		"delFlag":false,
		"email":"admin@staff.local",
		"id":1,
		"isVip":false,
		"lastLoginAt":"2026-05-01 21:45:13.229045",
		"nickname":"超级管理员",
		"staffRole":1,
		"stampsBalance":0,
		"status":1,
		"updatedAt":"2026-05-01 21:45:13",
		"updatedBy":0
	},
	"message":"OK",
	"success":true
} 
class cn.nine.pros.post.client.model.db.UserDTO

[2026-05-02 08:03:22.304] [DEBUG] [] [0fb04cb7768e4d45bb4ccb2eb1d6fe55]: =========================================
[2026-05-02 08:03:22.304] [DEBUG] [] [40dc0d1eecbf416f8ac60cc60652ed12]: =========================================
[2026-05-02 08:03:22.304] [DEBUG] [] [40dc0d1eecbf416f8ac60cc60652ed12]: ===>> Output object : 

{
	"alg":"SALT_MD5",
	"code":200,
	"data":{
		"empty":false,
		"page":1,
		"pages":0,
		"recordCount":1,
		"records":[
			{
				"birthYear":1990,
				"createdAt":"2026-05-01 21:18:50",
				"createdBy":0,
				"delFlag":false,
				"email":"admin@staff.local",
				"id":1,
				"isVip":false,
				"lastLoginAt":"2026-05-01 21:45:13.229045",
				"nickname":"超级管理员",
				"passwordHash":"$2a$10$YTUeGZqQ/xrX1d9V26669ubXuH90MthjRxhXxJV5EldtWdFm0WQbS",
				"staffRole":1,
				"stampsBalance":0,
				"status":1,
				"updatedAt":"2026-05-01 21:45:13",
				"updatedBy":0
			}
		],
		"size":50,
		"total":0
	},
	"message":"OK",
	"success":true
} 
cn.nine.commons.data.page.PageData<cn.nine.pros.post.client.model.db.UserDTO>

[2026-05-02 08:03:22.304] [DEBUG] [] [40dc0d1eecbf416f8ac60cc60652ed12]: =========================================
[2026-05-02 08:03:22.304] [DEBUG] [] [23ba83bba5de47358f301f352a328e3b]: =========================================
[2026-05-02 08:03:22.304] [DEBUG] [] [23ba83bba5de47358f301f352a328e3b]: ===>> Output object : 

{
	"alg":"SALT_MD5",
	"code":200,
	"data":{
		"empty":false,
		"page":1,
		"pages":0,
		"recordCount":1,
		"records":[
			{
				"birthYear":1990,
				"createdAt":"2026-05-01 21:18:50",
				"createdBy":0,
				"delFlag":false,
				"email":"admin@staff.local",
				"id":1,
				"isVip":false,
				"lastLoginAt":"2026-05-01 21:45:13.229045",
				"nickname":"超级管理员",
				"passwordHash":"$2a$10$YTUeGZqQ/xrX1d9V26669ubXuH90MthjRxhXxJV5EldtWdFm0WQbS",
				"staffRole":1,
				"stampsBalance":0,
				"status":1,
				"updatedAt":"2026-05-01 21:45:13",
				"updatedBy":0
			}
		],
		"size":50,
		"total":0
	},
	"message":"OK",
	"success":true
} 
cn.nine.commons.data.page.PageData<cn.nine.pros.post.client.model.db.UserDTO>

[2026-05-02 08:03:22.304] [DEBUG] [] [0fb04cb7768e4d45bb4ccb2eb1d6fe55]: ==> leave RequestContextHolder.
[2026-05-02 08:03:22.304] [DEBUG] [] [40dc0d1eecbf416f8ac60cc60652ed12]: ==> leave RequestContextHolder.
[2026-05-02 08:03:22.304] [DEBUG] [] [23ba83bba5de47358f301f352a328e3b]: =========================================
[2026-05-02 08:03:22.304] [DEBUG] [] [0fb04cb7768e4d45bb4ccb2eb1d6fe55]: ==> leave RequestContextHolder.
[2026-05-02 08:03:22.304] [DEBUG] [] [40dc0d1eecbf416f8ac60cc60652ed12]: ==> leave RequestContextHolder.
[2026-05-02 08:03:22.304] [DEBUG] [] [23ba83bba5de47358f301f352a328e3b]: ==> leave RequestContextHolder.
[2026-05-02 08:03:22.304] [DEBUG] [] [23ba83bba5de47358f301f352a328e3b]: ==> leave RequestContextHolder.
[2026-05-02 08:03:22.305] [DEBUG] [] []: ==》/webapi/auth/current -> into PreRequestContextFilter.
[2026-05-02 08:03:22.305] [DEBUG] [] [30457f0036ca411b883374ec7de91770]: 地址 /webapi/auth/current 进入过滤器
[2026-05-02 08:03:22.307] [DEBUG] [] [30457f0036ca411b883374ec7de91770]: ==>  Preparing: SELECT id,email,password_hash,nickname,birth_year,country_code,bio,avatar_url,stamps_balance,is_vip,vip_expire_at,status,staff_role,register_ip,last_login_at,created_at,created_by,updated_at,updated_by,del_flag FROM bu_user WHERE id=?
[2026-05-02 08:03:22.307] [DEBUG] [] [30457f0036ca411b883374ec7de91770]: ==> Parameters: 1(Long)
[2026-05-02 08:03:22.307] [DEBUG] [] [30457f0036ca411b883374ec7de91770]: <==      Total: 1
[2026-05-02 08:03:22.307] [DEBUG] [] [30457f0036ca411b883374ec7de91770]: ===> Supports JSON Message Converter : true
[2026-05-02 08:03:22.307] [DEBUG] [] [30457f0036ca411b883374ec7de91770]: Using 'application/json', given [application/json, text/plain, */*] and supported [application/json, application/*+json]
[2026-05-02 08:03:22.307] [DEBUG] [] [30457f0036ca411b883374ec7de91770]: ===> Supports JSON Message Converter : true
[2026-05-02 08:03:22.307] [DEBUG] [] [30457f0036ca411b883374ec7de91770]: Writing [UserDTO(super=AbstractAuditableDTO(createdAt=2026-05-01T21:18:50.206341, createdBy=0, updatedAt=2026 (truncated)...]
[2026-05-02 08:03:22.307] [DEBUG] [] [30457f0036ca411b883374ec7de91770]: =========================================
[2026-05-02 08:03:22.307] [DEBUG] [] [30457f0036ca411b883374ec7de91770]: ===>> Output object : 

{
	"alg":"SALT_MD5",
	"code":200,
	"data":{
		"birthYear":1990,
		"createdAt":"2026-05-01 21:18:50",
		"createdBy":0,
		"delFlag":false,
		"email":"admin@staff.local",
		"id":1,
		"isVip":false,
		"lastLoginAt":"2026-05-01 21:45:13.229045",
		"nickname":"超级管理员",
		"staffRole":1,
		"stampsBalance":0,
		"status":1,
		"updatedAt":"2026-05-01 21:45:13",
		"updatedBy":0
	},
	"message":"OK",
	"success":true
} 
class cn.nine.pros.post.client.model.db.UserDTO

[2026-05-02 08:03:22.307] [DEBUG] [] [30457f0036ca411b883374ec7de91770]: =========================================
[2026-05-02 08:03:22.308] [DEBUG] [] [30457f0036ca411b883374ec7de91770]: ==> leave RequestContextHolder.
[2026-05-02 08:03:22.308] [DEBUG] [] [30457f0036ca411b883374ec7de91770]: ==> leave RequestContextHolder.
[2026-05-02 08:07:56.301] [DEBUG] [] []: ==》/webapi/user/paging -> into PreRequestContextFilter.
[2026-05-02 08:07:56.302] [DEBUG] [] [142698283391432e9e5f3b356a44c2b0]: 地址 /webapi/user/paging 进入过滤器
[2026-05-02 08:07:56.302] [DEBUG] [] []: ==》/webapi/user/paging -> into PreRequestContextFilter.
[2026-05-02 08:07:56.302] [DEBUG] [] [074b4b19823543a9ac6116fee9762eb0]: 地址 /webapi/user/paging 进入过滤器
[2026-05-02 08:07:56.302] [DEBUG] [] []: ==》/webapi/auth/current -> into PreRequestContextFilter.
[2026-05-02 08:07:56.302] [DEBUG] [] [ab2efbcb9ea747ab89896ad9a05eed07]: 地址 /webapi/auth/current 进入过滤器
[2026-05-02 08:07:56.303] [DEBUG] [] [ab2efbcb9ea747ab89896ad9a05eed07]: ==>  Preparing: SELECT id,email,password_hash,nickname,birth_year,country_code,bio,avatar_url,stamps_balance,is_vip,vip_expire_at,status,staff_role,register_ip,last_login_at,created_at,created_by,updated_at,updated_by,del_flag FROM bu_user WHERE id=?
[2026-05-02 08:07:56.303] [DEBUG] [] [ab2efbcb9ea747ab89896ad9a05eed07]: ==> Parameters: 1(Long)
[2026-05-02 08:07:56.304] [DEBUG] [] [142698283391432e9e5f3b356a44c2b0]: ==>  Preparing: SELECT id,email,password_hash,nickname,birth_year,country_code,bio,avatar_url,stamps_balance,is_vip,vip_expire_at,status,staff_role,register_ip,last_login_at,created_at,created_by,updated_at,updated_by,del_flag FROM bu_user WHERE (del_flag = ?) ORDER BY created_at DESC
[2026-05-02 08:07:56.304] [DEBUG] [] [074b4b19823543a9ac6116fee9762eb0]: ==>  Preparing: SELECT id,email,password_hash,nickname,birth_year,country_code,bio,avatar_url,stamps_balance,is_vip,vip_expire_at,status,staff_role,register_ip,last_login_at,created_at,created_by,updated_at,updated_by,del_flag FROM bu_user WHERE (del_flag = ?) ORDER BY created_at DESC
[2026-05-02 08:07:56.304] [DEBUG] [] [142698283391432e9e5f3b356a44c2b0]: ==> Parameters: false(Boolean)
[2026-05-02 08:07:56.304] [DEBUG] [] [074b4b19823543a9ac6116fee9762eb0]: ==> Parameters: false(Boolean)
[2026-05-02 08:07:56.307] [DEBUG] [] [ab2efbcb9ea747ab89896ad9a05eed07]: <==      Total: 1
[2026-05-02 08:07:56.307] [DEBUG] [] [ab2efbcb9ea747ab89896ad9a05eed07]: ===> Supports JSON Message Converter : true
[2026-05-02 08:07:56.307] [DEBUG] [] [ab2efbcb9ea747ab89896ad9a05eed07]: Using 'application/json', given [application/json, text/plain, */*] and supported [application/json, application/*+json]
[2026-05-02 08:07:56.307] [DEBUG] [] [ab2efbcb9ea747ab89896ad9a05eed07]: ===> Supports JSON Message Converter : true
[2026-05-02 08:07:56.307] [DEBUG] [] [ab2efbcb9ea747ab89896ad9a05eed07]: Writing [UserDTO(super=AbstractAuditableDTO(createdAt=2026-05-01T21:18:50.206341, createdBy=0, updatedAt=2026 (truncated)...]
[2026-05-02 08:07:56.307] [DEBUG] [] [ab2efbcb9ea747ab89896ad9a05eed07]: =========================================
[2026-05-02 08:07:56.307] [DEBUG] [] [ab2efbcb9ea747ab89896ad9a05eed07]: ===>> Output object : 

{
	"alg":"SALT_MD5",
	"code":200,
	"data":{
		"birthYear":1990,
		"createdAt":"2026-05-01 21:18:50",
		"createdBy":0,
		"delFlag":false,
		"email":"admin@staff.local",
		"id":1,
		"isVip":false,
		"lastLoginAt":"2026-05-01 21:45:13.229045",
		"nickname":"超级管理员",
		"staffRole":1,
		"stampsBalance":0,
		"status":1,
		"updatedAt":"2026-05-01 21:45:13",
		"updatedBy":0
	},
	"message":"OK",
	"success":true
} 
class cn.nine.pros.post.client.model.db.UserDTO

[2026-05-02 08:07:56.307] [DEBUG] [] [074b4b19823543a9ac6116fee9762eb0]: <==      Total: 1
[2026-05-02 08:07:56.307] [DEBUG] [] [ab2efbcb9ea747ab89896ad9a05eed07]: =========================================
[2026-05-02 08:07:56.307] [DEBUG] [] [142698283391432e9e5f3b356a44c2b0]: <==      Total: 1
[2026-05-02 08:07:56.307] [DEBUG] [] [074b4b19823543a9ac6116fee9762eb0]: ===> Supports JSON Message Converter : true
[2026-05-02 08:07:56.307] [DEBUG] [] [074b4b19823543a9ac6116fee9762eb0]: Using 'application/json', given [application/json, text/plain, */*] and supported [application/json, application/*+json]
[2026-05-02 08:07:56.307] [DEBUG] [] [142698283391432e9e5f3b356a44c2b0]: ===> Supports JSON Message Converter : true
[2026-05-02 08:07:56.307] [DEBUG] [] [074b4b19823543a9ac6116fee9762eb0]: ===> Supports JSON Message Converter : true
[2026-05-02 08:07:56.307] [DEBUG] [] [142698283391432e9e5f3b356a44c2b0]: Using 'application/json', given [application/json, text/plain, */*] and supported [application/json, application/*+json]
[2026-05-02 08:07:56.307] [DEBUG] [] [142698283391432e9e5f3b356a44c2b0]: ===> Supports JSON Message Converter : true
[2026-05-02 08:07:56.307] [DEBUG] [] [ab2efbcb9ea747ab89896ad9a05eed07]: ==> leave RequestContextHolder.
[2026-05-02 08:07:56.307] [DEBUG] [] [ab2efbcb9ea747ab89896ad9a05eed07]: ==> leave RequestContextHolder.
[2026-05-02 08:07:56.307] [DEBUG] [] [074b4b19823543a9ac6116fee9762eb0]: Writing [PageData(total=0, page=1, size=50, pages=0, records=[UserDTO(super=AbstractAuditableDTO(createdAt=20 (truncated)...]
[2026-05-02 08:07:56.307] [DEBUG] [] [142698283391432e9e5f3b356a44c2b0]: Writing [PageData(total=0, page=1, size=50, pages=0, records=[UserDTO(super=AbstractAuditableDTO(createdAt=20 (truncated)...]
[2026-05-02 08:07:56.307] [DEBUG] [] [142698283391432e9e5f3b356a44c2b0]: =========================================
[2026-05-02 08:07:56.307] [DEBUG] [] [142698283391432e9e5f3b356a44c2b0]: ===>> Output object : 

{
	"alg":"SALT_MD5",
	"code":200,
	"data":{
		"empty":false,
		"page":1,
		"pages":0,
		"recordCount":1,
		"records":[
			{
				"birthYear":1990,
				"createdAt":"2026-05-01 21:18:50",
				"createdBy":0,
				"delFlag":false,
				"email":"admin@staff.local",
				"id":1,
				"isVip":false,
				"lastLoginAt":"2026-05-01 21:45:13.229045",
				"nickname":"超级管理员",
				"passwordHash":"$2a$10$YTUeGZqQ/xrX1d9V26669ubXuH90MthjRxhXxJV5EldtWdFm0WQbS",
				"staffRole":1,
				"stampsBalance":0,
				"status":1,
				"updatedAt":"2026-05-01 21:45:13",
				"updatedBy":0
			}
		],
		"size":50,
		"total":0
	},
	"message":"OK",
	"success":true
} 
cn.nine.commons.data.page.PageData<cn.nine.pros.post.client.model.db.UserDTO>

[2026-05-02 08:07:56.307] [DEBUG] [] [142698283391432e9e5f3b356a44c2b0]: =========================================
[2026-05-02 08:07:56.307] [DEBUG] [] [074b4b19823543a9ac6116fee9762eb0]: =========================================
[2026-05-02 08:07:56.307] [DEBUG] [] [074b4b19823543a9ac6116fee9762eb0]: ===>> Output object : 

{
	"alg":"SALT_MD5",
	"code":200,
	"data":{
		"empty":false,
		"page":1,
		"pages":0,
		"recordCount":1,
		"records":[
			{
				"birthYear":1990,
				"createdAt":"2026-05-01 21:18:50",
				"createdBy":0,
				"delFlag":false,
				"email":"admin@staff.local",
				"id":1,
				"isVip":false,
				"lastLoginAt":"2026-05-01 21:45:13.229045",
				"nickname":"超级管理员",
				"passwordHash":"$2a$10$YTUeGZqQ/xrX1d9V26669ubXuH90MthjRxhXxJV5EldtWdFm0WQbS",
				"staffRole":1,
				"stampsBalance":0,
				"status":1,
				"updatedAt":"2026-05-01 21:45:13",
				"updatedBy":0
			}
		],
		"size":50,
		"total":0
	},
	"message":"OK",
	"success":true
} 
cn.nine.commons.data.page.PageData<cn.nine.pros.post.client.model.db.UserDTO>

[2026-05-02 08:07:56.307] [DEBUG] [] [074b4b19823543a9ac6116fee9762eb0]: =========================================
[2026-05-02 08:07:56.307] [DEBUG] [] [142698283391432e9e5f3b356a44c2b0]: ==> leave RequestContextHolder.
[2026-05-02 08:07:56.308] [DEBUG] [] [142698283391432e9e5f3b356a44c2b0]: ==> leave RequestContextHolder.
[2026-05-02 08:07:56.307] [DEBUG] [] [074b4b19823543a9ac6116fee9762eb0]: ==> leave RequestContextHolder.
[2026-05-02 08:07:56.308] [DEBUG] [] [074b4b19823543a9ac6116fee9762eb0]: ==> leave RequestContextHolder.
[2026-05-02 08:07:56.309] [DEBUG] [] []: ==》/webapi/auth/current -> into PreRequestContextFilter.
[2026-05-02 08:07:56.309] [DEBUG] [] [aaf6ac7cca7146fdb9105f08b5b929ae]: 地址 /webapi/auth/current 进入过滤器
[2026-05-02 08:07:56.311] [DEBUG] [] [aaf6ac7cca7146fdb9105f08b5b929ae]: ==>  Preparing: SELECT id,email,password_hash,nickname,birth_year,country_code,bio,avatar_url,stamps_balance,is_vip,vip_expire_at,status,staff_role,register_ip,last_login_at,created_at,created_by,updated_at,updated_by,del_flag FROM bu_user WHERE id=?
[2026-05-02 08:07:56.311] [DEBUG] [] [aaf6ac7cca7146fdb9105f08b5b929ae]: ==> Parameters: 1(Long)
[2026-05-02 08:07:56.311] [DEBUG] [] [aaf6ac7cca7146fdb9105f08b5b929ae]: <==      Total: 1
[2026-05-02 08:07:56.311] [DEBUG] [] [aaf6ac7cca7146fdb9105f08b5b929ae]: ===> Supports JSON Message Converter : true
[2026-05-02 08:07:56.312] [DEBUG] [] [aaf6ac7cca7146fdb9105f08b5b929ae]: Using 'application/json', given [application/json, text/plain, */*] and supported [application/json, application/*+json]
[2026-05-02 08:07:56.312] [DEBUG] [] [aaf6ac7cca7146fdb9105f08b5b929ae]: ===> Supports JSON Message Converter : true
[2026-05-02 08:07:56.312] [DEBUG] [] [aaf6ac7cca7146fdb9105f08b5b929ae]: Writing [UserDTO(super=AbstractAuditableDTO(createdAt=2026-05-01T21:18:50.206341, createdBy=0, updatedAt=2026 (truncated)...]
[2026-05-02 08:07:56.312] [DEBUG] [] [aaf6ac7cca7146fdb9105f08b5b929ae]: =========================================
[2026-05-02 08:07:56.312] [DEBUG] [] [aaf6ac7cca7146fdb9105f08b5b929ae]: ===>> Output object : 

{
	"alg":"SALT_MD5",
	"code":200,
	"data":{
		"birthYear":1990,
		"createdAt":"2026-05-01 21:18:50",
		"createdBy":0,
		"delFlag":false,
		"email":"admin@staff.local",
		"id":1,
		"isVip":false,
		"lastLoginAt":"2026-05-01 21:45:13.229045",
		"nickname":"超级管理员",
		"staffRole":1,
		"stampsBalance":0,
		"status":1,
		"updatedAt":"2026-05-01 21:45:13",
		"updatedBy":0
	},
	"message":"OK",
	"success":true
} 
class cn.nine.pros.post.client.model.db.UserDTO

[2026-05-02 08:07:56.312] [DEBUG] [] [aaf6ac7cca7146fdb9105f08b5b929ae]: =========================================
[2026-05-02 08:07:56.312] [DEBUG] [] [aaf6ac7cca7146fdb9105f08b5b929ae]: ==> leave RequestContextHolder.
[2026-05-02 08:07:56.312] [DEBUG] [] [aaf6ac7cca7146fdb9105f08b5b929ae]: ==> leave RequestContextHolder.
[2026-05-02 08:13:22.296] [DEBUG] [] []: ==》/webapi/user/paging -> into PreRequestContextFilter.
[2026-05-02 08:13:22.297] [DEBUG] [] [52254ae64c414cd9b1f7983693f82336]: 地址 /webapi/user/paging 进入过滤器
[2026-05-02 08:13:22.297] [DEBUG] [] []: ==》/webapi/user/paging -> into PreRequestContextFilter.
[2026-05-02 08:13:22.297] [DEBUG] [] []: ==》/webapi/auth/current -> into PreRequestContextFilter.
[2026-05-02 08:13:22.297] [DEBUG] [] [f7ac355ed2c245908014028b0c5ff877]: 地址 /webapi/auth/current 进入过滤器
[2026-05-02 08:13:22.297] [DEBUG] [] [97b2aa53c67549e786d419db21a7217d]: 地址 /webapi/user/paging 进入过滤器
[2026-05-02 08:13:22.302] [DEBUG] [] [f7ac355ed2c245908014028b0c5ff877]: ==>  Preparing: SELECT id,email,password_hash,nickname,birth_year,country_code,bio,avatar_url,stamps_balance,is_vip,vip_expire_at,status,staff_role,register_ip,last_login_at,created_at,created_by,updated_at,updated_by,del_flag FROM bu_user WHERE id=?
[2026-05-02 08:13:22.302] [DEBUG] [] [f7ac355ed2c245908014028b0c5ff877]: ==> Parameters: 1(Long)
[2026-05-02 08:13:22.303] [DEBUG] [] [52254ae64c414cd9b1f7983693f82336]: ==>  Preparing: SELECT id,email,password_hash,nickname,birth_year,country_code,bio,avatar_url,stamps_balance,is_vip,vip_expire_at,status,staff_role,register_ip,last_login_at,created_at,created_by,updated_at,updated_by,del_flag FROM bu_user WHERE (del_flag = ?) ORDER BY created_at DESC
[2026-05-02 08:13:22.303] [DEBUG] [] [52254ae64c414cd9b1f7983693f82336]: ==> Parameters: false(Boolean)
[2026-05-02 08:13:22.303] [DEBUG] [] [97b2aa53c67549e786d419db21a7217d]: ==>  Preparing: SELECT id,email,password_hash,nickname,birth_year,country_code,bio,avatar_url,stamps_balance,is_vip,vip_expire_at,status,staff_role,register_ip,last_login_at,created_at,created_by,updated_at,updated_by,del_flag FROM bu_user WHERE (del_flag = ?) ORDER BY created_at DESC
[2026-05-02 08:13:22.303] [DEBUG] [] [97b2aa53c67549e786d419db21a7217d]: ==> Parameters: false(Boolean)
[2026-05-02 08:13:22.304] [DEBUG] [] [f7ac355ed2c245908014028b0c5ff877]: <==      Total: 1
[2026-05-02 08:13:22.304] [DEBUG] [] [f7ac355ed2c245908014028b0c5ff877]: ===> Supports JSON Message Converter : true
[2026-05-02 08:13:22.304] [DEBUG] [] [f7ac355ed2c245908014028b0c5ff877]: Using 'application/json', given [application/json, text/plain, */*] and supported [application/json, application/*+json]
[2026-05-02 08:13:22.304] [DEBUG] [] [f7ac355ed2c245908014028b0c5ff877]: ===> Supports JSON Message Converter : true
[2026-05-02 08:13:22.304] [DEBUG] [] [f7ac355ed2c245908014028b0c5ff877]: Writing [UserDTO(super=AbstractAuditableDTO(createdAt=2026-05-01T21:18:50.206341, createdBy=0, updatedAt=2026 (truncated)...]
[2026-05-02 08:13:22.304] [DEBUG] [] [f7ac355ed2c245908014028b0c5ff877]: =========================================
[2026-05-02 08:13:22.304] [DEBUG] [] [f7ac355ed2c245908014028b0c5ff877]: ===>> Output object : 

{
	"alg":"SALT_MD5",
	"code":200,
	"data":{
		"birthYear":1990,
		"createdAt":"2026-05-01 21:18:50",
		"createdBy":0,
		"delFlag":false,
		"email":"admin@staff.local",
		"id":1,
		"isVip":false,
		"lastLoginAt":"2026-05-01 21:45:13.229045",
		"nickname":"超级管理员",
		"staffRole":1,
		"stampsBalance":0,
		"status":1,
		"updatedAt":"2026-05-01 21:45:13",
		"updatedBy":0
	},
	"message":"OK",
	"success":true
} 
class cn.nine.pros.post.client.model.db.UserDTO

[2026-05-02 08:13:22.304] [DEBUG] [] [f7ac355ed2c245908014028b0c5ff877]: =========================================
[2026-05-02 08:13:22.304] [DEBUG] [] [f7ac355ed2c245908014028b0c5ff877]: ==> leave RequestContextHolder.
[2026-05-02 08:13:22.304] [DEBUG] [] [f7ac355ed2c245908014028b0c5ff877]: ==> leave RequestContextHolder.
[2026-05-02 08:13:22.308] [DEBUG] [] []: ==》/webapi/auth/current -> into PreRequestContextFilter.
[2026-05-02 08:13:22.308] [DEBUG] [] [97b2aa53c67549e786d419db21a7217d]: <==      Total: 1
[2026-05-02 08:13:22.308] [DEBUG] [] [52254ae64c414cd9b1f7983693f82336]: <==      Total: 1
[2026-05-02 08:13:22.309] [DEBUG] [] [d7c9df52786b486bbee21747d559ec9c]: 地址 /webapi/auth/current 进入过滤器
[2026-05-02 08:13:22.309] [DEBUG] [] [52254ae64c414cd9b1f7983693f82336]: ===> Supports JSON Message Converter : true
[2026-05-02 08:13:22.309] [DEBUG] [] [97b2aa53c67549e786d419db21a7217d]: ===> Supports JSON Message Converter : true
[2026-05-02 08:13:22.309] [DEBUG] [] [52254ae64c414cd9b1f7983693f82336]: Using 'application/json', given [application/json, text/plain, */*] and supported [application/json, application/*+json]
[2026-05-02 08:13:22.309] [DEBUG] [] [97b2aa53c67549e786d419db21a7217d]: Using 'application/json', given [application/json, text/plain, */*] and supported [application/json, application/*+json]
[2026-05-02 08:13:22.309] [DEBUG] [] [52254ae64c414cd9b1f7983693f82336]: ===> Supports JSON Message Converter : true
[2026-05-02 08:13:22.309] [DEBUG] [] [97b2aa53c67549e786d419db21a7217d]: ===> Supports JSON Message Converter : true
[2026-05-02 08:13:22.309] [DEBUG] [] [52254ae64c414cd9b1f7983693f82336]: Writing [PageData(total=0, page=1, size=50, pages=0, records=[UserDTO(super=AbstractAuditableDTO(createdAt=20 (truncated)...]
[2026-05-02 08:13:22.309] [DEBUG] [] [97b2aa53c67549e786d419db21a7217d]: Writing [PageData(total=0, page=1, size=50, pages=0, records=[UserDTO(super=AbstractAuditableDTO(createdAt=20 (truncated)...]
[2026-05-02 08:13:22.309] [DEBUG] [] [52254ae64c414cd9b1f7983693f82336]: =========================================
[2026-05-02 08:13:22.309] [DEBUG] [] [52254ae64c414cd9b1f7983693f82336]: ===>> Output object : 

{
	"alg":"SALT_MD5",
	"code":200,
	"data":{
		"empty":false,
		"page":1,
		"pages":0,
		"recordCount":1,
		"records":[
			{
				"birthYear":1990,
				"createdAt":"2026-05-01 21:18:50",
				"createdBy":0,
				"delFlag":false,
				"email":"admin@staff.local",
				"id":1,
				"isVip":false,
				"lastLoginAt":"2026-05-01 21:45:13.229045",
				"nickname":"超级管理员",
				"passwordHash":"$2a$10$YTUeGZqQ/xrX1d9V26669ubXuH90MthjRxhXxJV5EldtWdFm0WQbS",
				"staffRole":1,
				"stampsBalance":0,
				"status":1,
				"updatedAt":"2026-05-01 21:45:13",
				"updatedBy":0
			}
		],
		"size":50,
		"total":0
	},
	"message":"OK",
	"success":true
} 
cn.nine.commons.data.page.PageData<cn.nine.pros.post.client.model.db.UserDTO>

[2026-05-02 08:13:22.309] [DEBUG] [] [52254ae64c414cd9b1f7983693f82336]: =========================================
[2026-05-02 08:13:22.309] [DEBUG] [] [97b2aa53c67549e786d419db21a7217d]: =========================================
[2026-05-02 08:13:22.309] [DEBUG] [] [97b2aa53c67549e786d419db21a7217d]: ===>> Output object : 

{
	"alg":"SALT_MD5",
	"code":200,
	"data":{
		"empty":false,
		"page":1,
		"pages":0,
		"recordCount":1,
		"records":[
			{
				"birthYear":1990,
				"createdAt":"2026-05-01 21:18:50",
				"createdBy":0,
				"delFlag":false,
				"email":"admin@staff.local",
				"id":1,
				"isVip":false,
				"lastLoginAt":"2026-05-01 21:45:13.229045",
				"nickname":"超级管理员",
				"passwordHash":"$2a$10$YTUeGZqQ/xrX1d9V26669ubXuH90MthjRxhXxJV5EldtWdFm0WQbS",
				"staffRole":1,
				"stampsBalance":0,
				"status":1,
				"updatedAt":"2026-05-01 21:45:13",
				"updatedBy":0
			}
		],
		"size":50,
		"total":0
	},
	"message":"OK",
	"success":true
} 
cn.nine.commons.data.page.PageData<cn.nine.pros.post.client.model.db.UserDTO>

[2026-05-02 08:13:22.309] [DEBUG] [] [97b2aa53c67549e786d419db21a7217d]: =========================================
[2026-05-02 08:13:22.309] [DEBUG] [] [97b2aa53c67549e786d419db21a7217d]: ==> leave RequestContextHolder.
[2026-05-02 08:13:22.309] [DEBUG] [] [52254ae64c414cd9b1f7983693f82336]: ==> leave RequestContextHolder.
[2026-05-02 08:13:22.309] [DEBUG] [] [97b2aa53c67549e786d419db21a7217d]: ==> leave RequestContextHolder.
[2026-05-02 08:13:22.309] [DEBUG] [] [52254ae64c414cd9b1f7983693f82336]: ==> leave RequestContextHolder.
[2026-05-02 08:13:22.312] [DEBUG] [] [d7c9df52786b486bbee21747d559ec9c]: ==>  Preparing: SELECT id,email,password_hash,nickname,birth_year,country_code,bio,avatar_url,stamps_balance,is_vip,vip_expire_at,status,staff_role,register_ip,last_login_at,created_at,created_by,updated_at,updated_by,del_flag FROM bu_user WHERE id=?
[2026-05-02 08:13:22.312] [DEBUG] [] [d7c9df52786b486bbee21747d559ec9c]: ==> Parameters: 1(Long)
[2026-05-02 08:13:22.314] [DEBUG] [] [d7c9df52786b486bbee21747d559ec9c]: <==      Total: 1
[2026-05-02 08:13:22.314] [DEBUG] [] [d7c9df52786b486bbee21747d559ec9c]: ===> Supports JSON Message Converter : true
[2026-05-02 08:13:22.314] [DEBUG] [] [d7c9df52786b486bbee21747d559ec9c]: Using 'application/json', given [application/json, text/plain, */*] and supported [application/json, application/*+json]
[2026-05-02 08:13:22.314] [DEBUG] [] [d7c9df52786b486bbee21747d559ec9c]: ===> Supports JSON Message Converter : true
[2026-05-02 08:13:22.314] [DEBUG] [] [d7c9df52786b486bbee21747d559ec9c]: Writing [UserDTO(super=AbstractAuditableDTO(createdAt=2026-05-01T21:18:50.206341, createdBy=0, updatedAt=2026 (truncated)...]
[2026-05-02 08:13:22.314] [DEBUG] [] [d7c9df52786b486bbee21747d559ec9c]: =========================================
[2026-05-02 08:13:22.314] [DEBUG] [] [d7c9df52786b486bbee21747d559ec9c]: ===>> Output object : 

{
	"alg":"SALT_MD5",
	"code":200,
	"data":{
		"birthYear":1990,
		"createdAt":"2026-05-01 21:18:50",
		"createdBy":0,
		"delFlag":false,
		"email":"admin@staff.local",
		"id":1,
		"isVip":false,
		"lastLoginAt":"2026-05-01 21:45:13.229045",
		"nickname":"超级管理员",
		"staffRole":1,
		"stampsBalance":0,
		"status":1,
		"updatedAt":"2026-05-01 21:45:13",
		"updatedBy":0
	},
	"message":"OK",
	"success":true
} 
class cn.nine.pros.post.client.model.db.UserDTO

[2026-05-02 08:13:22.314] [DEBUG] [] [d7c9df52786b486bbee21747d559ec9c]: =========================================
[2026-05-02 08:13:22.314] [DEBUG] [] [d7c9df52786b486bbee21747d559ec9c]: ==> leave RequestContextHolder.
[2026-05-02 08:13:22.314] [DEBUG] [] [d7c9df52786b486bbee21747d559ec9c]: ==> leave RequestContextHolder.
[2026-05-02 08:17:56.268] [DEBUG] [] []: ==》/webapi/user/paging -> into PreRequestContextFilter.
[2026-05-02 08:17:56.268] [DEBUG] [] []: ==》/webapi/user/paging -> into PreRequestContextFilter.
[2026-05-02 08:17:56.268] [DEBUG] [] [18af212bbbf64bf29ba68f239fa1e98e]: 地址 /webapi/user/paging 进入过滤器
[2026-05-02 08:17:56.268] [DEBUG] [] [24fd159797a94a9eafc8684cc7771fe8]: 地址 /webapi/user/paging 进入过滤器
[2026-05-02 08:17:56.269] [DEBUG] [] []: ==》/webapi/auth/current -> into PreRequestContextFilter.
[2026-05-02 08:17:56.269] [DEBUG] [] [d6cff7e64bb14cffa5d6ba59a94f30d1]: 地址 /webapi/auth/current 进入过滤器
[2026-05-02 08:17:56.270] [DEBUG] [] [d6cff7e64bb14cffa5d6ba59a94f30d1]: ==>  Preparing: SELECT id,email,password_hash,nickname,birth_year,country_code,bio,avatar_url,stamps_balance,is_vip,vip_expire_at,status,staff_role,register_ip,last_login_at,created_at,created_by,updated_at,updated_by,del_flag FROM bu_user WHERE id=?
[2026-05-02 08:17:56.270] [DEBUG] [] [d6cff7e64bb14cffa5d6ba59a94f30d1]: ==> Parameters: 1(Long)
[2026-05-02 08:17:56.270] [DEBUG] [] [18af212bbbf64bf29ba68f239fa1e98e]: ==>  Preparing: SELECT id,email,password_hash,nickname,birth_year,country_code,bio,avatar_url,stamps_balance,is_vip,vip_expire_at,status,staff_role,register_ip,last_login_at,created_at,created_by,updated_at,updated_by,del_flag FROM bu_user WHERE (del_flag = ?) ORDER BY created_at DESC
[2026-05-02 08:17:56.270] [DEBUG] [] [24fd159797a94a9eafc8684cc7771fe8]: ==>  Preparing: SELECT id,email,password_hash,nickname,birth_year,country_code,bio,avatar_url,stamps_balance,is_vip,vip_expire_at,status,staff_role,register_ip,last_login_at,created_at,created_by,updated_at,updated_by,del_flag FROM bu_user WHERE (del_flag = ?) ORDER BY created_at DESC
[2026-05-02 08:17:56.270] [DEBUG] [] [18af212bbbf64bf29ba68f239fa1e98e]: ==> Parameters: false(Boolean)
[2026-05-02 08:17:56.270] [DEBUG] [] [24fd159797a94a9eafc8684cc7771fe8]: ==> Parameters: false(Boolean)
[2026-05-02 08:17:56.270] [DEBUG] [] [d6cff7e64bb14cffa5d6ba59a94f30d1]: <==      Total: 1
[2026-05-02 08:17:56.271] [DEBUG] [] [d6cff7e64bb14cffa5d6ba59a94f30d1]: ===> Supports JSON Message Converter : true
[2026-05-02 08:17:56.271] [DEBUG] [] [d6cff7e64bb14cffa5d6ba59a94f30d1]: Using 'application/json', given [application/json, text/plain, */*] and supported [application/json, application/*+json]
[2026-05-02 08:17:56.271] [DEBUG] [] [d6cff7e64bb14cffa5d6ba59a94f30d1]: ===> Supports JSON Message Converter : true
[2026-05-02 08:17:56.271] [DEBUG] [] [d6cff7e64bb14cffa5d6ba59a94f30d1]: Writing [UserDTO(super=AbstractAuditableDTO(createdAt=2026-05-01T21:18:50.206341, createdBy=0, updatedAt=2026 (truncated)...]
[2026-05-02 08:17:56.271] [DEBUG] [] [d6cff7e64bb14cffa5d6ba59a94f30d1]: =========================================
[2026-05-02 08:17:56.271] [DEBUG] [] [d6cff7e64bb14cffa5d6ba59a94f30d1]: ===>> Output object : 

{
	"alg":"SALT_MD5",
	"code":200,
	"data":{
		"birthYear":1990,
		"createdAt":"2026-05-01 21:18:50",
		"createdBy":0,
		"delFlag":false,
		"email":"admin@staff.local",
		"id":1,
		"isVip":false,
		"lastLoginAt":"2026-05-01 21:45:13.229045",
		"nickname":"超级管理员",
		"staffRole":1,
		"stampsBalance":0,
		"status":1,
		"updatedAt":"2026-05-01 21:45:13",
		"updatedBy":0
	},
	"message":"OK",
	"success":true
} 
class cn.nine.pros.post.client.model.db.UserDTO

[2026-05-02 08:17:56.271] [DEBUG] [] [d6cff7e64bb14cffa5d6ba59a94f30d1]: =========================================
[2026-05-02 08:17:56.271] [DEBUG] [] [24fd159797a94a9eafc8684cc7771fe8]: <==      Total: 1
[2026-05-02 08:17:56.271] [DEBUG] [] [18af212bbbf64bf29ba68f239fa1e98e]: <==      Total: 1
[2026-05-02 08:17:56.271] [DEBUG] [] [d6cff7e64bb14cffa5d6ba59a94f30d1]: ==> leave RequestContextHolder.
[2026-05-02 08:17:56.271] [DEBUG] [] [18af212bbbf64bf29ba68f239fa1e98e]: ===> Supports JSON Message Converter : true
[2026-05-02 08:17:56.271] [DEBUG] [] [24fd159797a94a9eafc8684cc7771fe8]: ===> Supports JSON Message Converter : true
[2026-05-02 08:17:56.271] [DEBUG] [] [d6cff7e64bb14cffa5d6ba59a94f30d1]: ==> leave RequestContextHolder.
[2026-05-02 08:17:56.272] [DEBUG] [] [18af212bbbf64bf29ba68f239fa1e98e]: Using 'application/json', given [application/json, text/plain, */*] and supported [application/json, application/*+json]
[2026-05-02 08:17:56.272] [DEBUG] [] [24fd159797a94a9eafc8684cc7771fe8]: Using 'application/json', given [application/json, text/plain, */*] and supported [application/json, application/*+json]
[2026-05-02 08:17:56.272] [DEBUG] [] [18af212bbbf64bf29ba68f239fa1e98e]: ===> Supports JSON Message Converter : true
[2026-05-02 08:17:56.272] [DEBUG] [] [24fd159797a94a9eafc8684cc7771fe8]: ===> Supports JSON Message Converter : true
[2026-05-02 08:17:56.272] [DEBUG] [] [18af212bbbf64bf29ba68f239fa1e98e]: Writing [PageData(total=0, page=1, size=50, pages=0, records=[UserDTO(super=AbstractAuditableDTO(createdAt=20 (truncated)...]
[2026-05-02 08:17:56.272] [DEBUG] [] [24fd159797a94a9eafc8684cc7771fe8]: Writing [PageData(total=0, page=1, size=50, pages=0, records=[UserDTO(super=AbstractAuditableDTO(createdAt=20 (truncated)...]
[2026-05-02 08:17:56.272] [DEBUG] [] [18af212bbbf64bf29ba68f239fa1e98e]: =========================================
[2026-05-02 08:17:56.272] [DEBUG] [] [18af212bbbf64bf29ba68f239fa1e98e]: ===>> Output object : 

{
	"alg":"SALT_MD5",
	"code":200,
	"data":{
		"empty":false,
		"page":1,
		"pages":0,
		"recordCount":1,
		"records":[
			{
				"birthYear":1990,
				"createdAt":"2026-05-01 21:18:50",
				"createdBy":0,
				"delFlag":false,
				"email":"admin@staff.local",
				"id":1,
				"isVip":false,
				"lastLoginAt":"2026-05-01 21:45:13.229045",
				"nickname":"超级管理员",
				"passwordHash":"$2a$10$YTUeGZqQ/xrX1d9V26669ubXuH90MthjRxhXxJV5EldtWdFm0WQbS",
				"staffRole":1,
				"stampsBalance":0,
				"status":1,
				"updatedAt":"2026-05-01 21:45:13",
				"updatedBy":0
			}
		],
		"size":50,
		"total":0
	},
	"message":"OK",
	"success":true
} 
cn.nine.commons.data.page.PageData<cn.nine.pros.post.client.model.db.UserDTO>

[2026-05-02 08:17:56.272] [DEBUG] [] [18af212bbbf64bf29ba68f239fa1e98e]: =========================================
[2026-05-02 08:17:56.272] [DEBUG] [] [24fd159797a94a9eafc8684cc7771fe8]: =========================================
[2026-05-02 08:17:56.272] [DEBUG] [] [24fd159797a94a9eafc8684cc7771fe8]: ===>> Output object : 

{
	"alg":"SALT_MD5",
	"code":200,
	"data":{
		"empty":false,
		"page":1,
		"pages":0,
		"recordCount":1,
		"records":[
			{
				"birthYear":1990,
				"createdAt":"2026-05-01 21:18:50",
				"createdBy":0,
				"delFlag":false,
				"email":"admin@staff.local",
				"id":1,
				"isVip":false,
				"lastLoginAt":"2026-05-01 21:45:13.229045",
				"nickname":"超级管理员",
				"passwordHash":"$2a$10$YTUeGZqQ/xrX1d9V26669ubXuH90MthjRxhXxJV5EldtWdFm0WQbS",
				"staffRole":1,
				"stampsBalance":0,
				"status":1,
				"updatedAt":"2026-05-01 21:45:13",
				"updatedBy":0
			}
		],
		"size":50,
		"total":0
	},
	"message":"OK",
	"success":true
} 
cn.nine.commons.data.page.PageData<cn.nine.pros.post.client.model.db.UserDTO>

[2026-05-02 08:17:56.272] [DEBUG] [] [24fd159797a94a9eafc8684cc7771fe8]: =========================================
[2026-05-02 08:17:56.272] [DEBUG] [] [18af212bbbf64bf29ba68f239fa1e98e]: ==> leave RequestContextHolder.
[2026-05-02 08:17:56.272] [DEBUG] [] [18af212bbbf64bf29ba68f239fa1e98e]: ==> leave RequestContextHolder.
[2026-05-02 08:17:56.272] [DEBUG] [] [24fd159797a94a9eafc8684cc7771fe8]: ==> leave RequestContextHolder.
[2026-05-02 08:17:56.272] [DEBUG] [] [24fd159797a94a9eafc8684cc7771fe8]: ==> leave RequestContextHolder.
[2026-05-02 08:17:56.274] [DEBUG] [] []: ==》/webapi/auth/current -> into PreRequestContextFilter.
[2026-05-02 08:17:56.274] [DEBUG] [] [be334038534e40a0bfc427419749be44]: 地址 /webapi/auth/current 进入过滤器
[2026-05-02 08:17:56.275] [DEBUG] [] [be334038534e40a0bfc427419749be44]: ==>  Preparing: SELECT id,email,password_hash,nickname,birth_year,country_code,bio,avatar_url,stamps_balance,is_vip,vip_expire_at,status,staff_role,register_ip,last_login_at,created_at,created_by,updated_at,updated_by,del_flag FROM bu_user WHERE id=?
[2026-05-02 08:17:56.275] [DEBUG] [] [be334038534e40a0bfc427419749be44]: ==> Parameters: 1(Long)
[2026-05-02 08:17:56.276] [DEBUG] [] [be334038534e40a0bfc427419749be44]: <==      Total: 1
[2026-05-02 08:17:56.276] [DEBUG] [] [be334038534e40a0bfc427419749be44]: ===> Supports JSON Message Converter : true
[2026-05-02 08:17:56.276] [DEBUG] [] [be334038534e40a0bfc427419749be44]: Using 'application/json', given [application/json, text/plain, */*] and supported [application/json, application/*+json]
[2026-05-02 08:17:56.276] [DEBUG] [] [be334038534e40a0bfc427419749be44]: ===> Supports JSON Message Converter : true
[2026-05-02 08:17:56.276] [DEBUG] [] [be334038534e40a0bfc427419749be44]: Writing [UserDTO(super=AbstractAuditableDTO(createdAt=2026-05-01T21:18:50.206341, createdBy=0, updatedAt=2026 (truncated)...]
[2026-05-02 08:17:56.276] [DEBUG] [] [be334038534e40a0bfc427419749be44]: =========================================
[2026-05-02 08:17:56.276] [DEBUG] [] [be334038534e40a0bfc427419749be44]: ===>> Output object : 

{
	"alg":"SALT_MD5",
	"code":200,
	"data":{
		"birthYear":1990,
		"createdAt":"2026-05-01 21:18:50",
		"createdBy":0,
		"delFlag":false,
		"email":"admin@staff.local",
		"id":1,
		"isVip":false,
		"lastLoginAt":"2026-05-01 21:45:13.229045",
		"nickname":"超级管理员",
		"staffRole":1,
		"stampsBalance":0,
		"status":1,
		"updatedAt":"2026-05-01 21:45:13",
		"updatedBy":0
	},
	"message":"OK",
	"success":true
} 
class cn.nine.pros.post.client.model.db.UserDTO

[2026-05-02 08:17:56.276] [DEBUG] [] [be334038534e40a0bfc427419749be44]: =========================================
[2026-05-02 08:17:56.276] [DEBUG] [] [be334038534e40a0bfc427419749be44]: ==> leave RequestContextHolder.
[2026-05-02 08:17:56.276] [DEBUG] [] [be334038534e40a0bfc427419749be44]: ==> leave RequestContextHolder.
[2026-05-02 08:24:22.280] [DEBUG] [] []: ==》/webapi/user/paging -> into PreRequestContextFilter.
[2026-05-02 08:24:22.281] [DEBUG] [] [edca0c06ec6142a981c9121bc6fa1ee0]: 地址 /webapi/user/paging 进入过滤器
[2026-05-02 08:24:22.281] [DEBUG] [] []: ==》/webapi/user/paging -> into PreRequestContextFilter.
[2026-05-02 08:24:22.281] [DEBUG] [] []: ==》/webapi/auth/current -> into PreRequestContextFilter.
[2026-05-02 08:24:22.281] [DEBUG] [] [464417dc556b4fceaab850833b14789a]: 地址 /webapi/user/paging 进入过滤器
[2026-05-02 08:24:22.281] [DEBUG] [] [4214976e468d4c70ac47ce1a3b3c8567]: 地址 /webapi/auth/current 进入过滤器
[2026-05-02 08:24:22.287] [DEBUG] [] [4214976e468d4c70ac47ce1a3b3c8567]: ==>  Preparing: SELECT id,email,password_hash,nickname,birth_year,country_code,bio,avatar_url,stamps_balance,is_vip,vip_expire_at,status,staff_role,register_ip,last_login_at,created_at,created_by,updated_at,updated_by,del_flag FROM bu_user WHERE id=?
[2026-05-02 08:24:22.287] [DEBUG] [] [4214976e468d4c70ac47ce1a3b3c8567]: ==> Parameters: 1(Long)
[2026-05-02 08:24:22.287] [DEBUG] [] [464417dc556b4fceaab850833b14789a]: ==>  Preparing: SELECT id,email,password_hash,nickname,birth_year,country_code,bio,avatar_url,stamps_balance,is_vip,vip_expire_at,status,staff_role,register_ip,last_login_at,created_at,created_by,updated_at,updated_by,del_flag FROM bu_user WHERE (del_flag = ?) ORDER BY created_at DESC
[2026-05-02 08:24:22.287] [DEBUG] [] [464417dc556b4fceaab850833b14789a]: ==> Parameters: false(Boolean)
[2026-05-02 08:24:22.287] [DEBUG] [] [edca0c06ec6142a981c9121bc6fa1ee0]: ==>  Preparing: SELECT id,email,password_hash,nickname,birth_year,country_code,bio,avatar_url,stamps_balance,is_vip,vip_expire_at,status,staff_role,register_ip,last_login_at,created_at,created_by,updated_at,updated_by,del_flag FROM bu_user WHERE (del_flag = ?) ORDER BY created_at DESC
[2026-05-02 08:24:22.287] [DEBUG] [] [edca0c06ec6142a981c9121bc6fa1ee0]: ==> Parameters: false(Boolean)
[2026-05-02 08:24:22.287] [DEBUG] [] [4214976e468d4c70ac47ce1a3b3c8567]: <==      Total: 1
[2026-05-02 08:24:22.287] [DEBUG] [] [4214976e468d4c70ac47ce1a3b3c8567]: ===> Supports JSON Message Converter : true
[2026-05-02 08:24:22.287] [DEBUG] [] [4214976e468d4c70ac47ce1a3b3c8567]: Using 'application/json', given [application/json, text/plain, */*] and supported [application/json, application/*+json]
[2026-05-02 08:24:22.287] [DEBUG] [] [4214976e468d4c70ac47ce1a3b3c8567]: ===> Supports JSON Message Converter : true
[2026-05-02 08:24:22.287] [DEBUG] [] [4214976e468d4c70ac47ce1a3b3c8567]: Writing [UserDTO(super=AbstractAuditableDTO(createdAt=2026-05-01T21:18:50.206341, createdBy=0, updatedAt=2026 (truncated)...]
[2026-05-02 08:24:22.287] [DEBUG] [] [4214976e468d4c70ac47ce1a3b3c8567]: =========================================
[2026-05-02 08:24:22.287] [DEBUG] [] [4214976e468d4c70ac47ce1a3b3c8567]: ===>> Output object : 

{
	"alg":"SALT_MD5",
	"code":200,
	"data":{
		"birthYear":1990,
		"createdAt":"2026-05-01 21:18:50",
		"createdBy":0,
		"delFlag":false,
		"email":"admin@staff.local",
		"id":1,
		"isVip":false,
		"lastLoginAt":"2026-05-01 21:45:13.229045",
		"nickname":"超级管理员",
		"staffRole":1,
		"stampsBalance":0,
		"status":1,
		"updatedAt":"2026-05-01 21:45:13",
		"updatedBy":0
	},
	"message":"OK",
	"success":true
} 
class cn.nine.pros.post.client.model.db.UserDTO

[2026-05-02 08:24:22.287] [DEBUG] [] [4214976e468d4c70ac47ce1a3b3c8567]: =========================================
[2026-05-02 08:24:22.287] [DEBUG] [] [464417dc556b4fceaab850833b14789a]: <==      Total: 1
[2026-05-02 08:24:22.287] [DEBUG] [] [edca0c06ec6142a981c9121bc6fa1ee0]: <==      Total: 1
[2026-05-02 08:24:22.287] [DEBUG] [] [464417dc556b4fceaab850833b14789a]: ===> Supports JSON Message Converter : true
[2026-05-02 08:24:22.287] [DEBUG] [] [edca0c06ec6142a981c9121bc6fa1ee0]: ===> Supports JSON Message Converter : true
[2026-05-02 08:24:22.287] [DEBUG] [] [4214976e468d4c70ac47ce1a3b3c8567]: ==> leave RequestContextHolder.
[2026-05-02 08:24:22.287] [DEBUG] [] [464417dc556b4fceaab850833b14789a]: Using 'application/json', given [application/json, text/plain, */*] and supported [application/json, application/*+json]
[2026-05-02 08:24:22.287] [DEBUG] [] [4214976e468d4c70ac47ce1a3b3c8567]: ==> leave RequestContextHolder.
[2026-05-02 08:24:22.287] [DEBUG] [] [464417dc556b4fceaab850833b14789a]: ===> Supports JSON Message Converter : true
[2026-05-02 08:24:22.287] [DEBUG] [] [edca0c06ec6142a981c9121bc6fa1ee0]: Using 'application/json', given [application/json, text/plain, */*] and supported [application/json, application/*+json]
[2026-05-02 08:24:22.287] [DEBUG] [] [464417dc556b4fceaab850833b14789a]: Writing [PageData(total=0, page=1, size=50, pages=0, records=[UserDTO(super=AbstractAuditableDTO(createdAt=20 (truncated)...]
[2026-05-02 08:24:22.287] [DEBUG] [] [edca0c06ec6142a981c9121bc6fa1ee0]: ===> Supports JSON Message Converter : true
[2026-05-02 08:24:22.287] [DEBUG] [] [464417dc556b4fceaab850833b14789a]: =========================================
[2026-05-02 08:24:22.287] [DEBUG] [] [edca0c06ec6142a981c9121bc6fa1ee0]: Writing [PageData(total=0, page=1, size=50, pages=0, records=[UserDTO(super=AbstractAuditableDTO(createdAt=20 (truncated)...]
[2026-05-02 08:24:22.287] [DEBUG] [] [464417dc556b4fceaab850833b14789a]: ===>> Output object : 

{
	"alg":"SALT_MD5",
	"code":200,
	"data":{
		"empty":false,
		"page":1,
		"pages":0,
		"recordCount":1,
		"records":[
			{
				"birthYear":1990,
				"createdAt":"2026-05-01 21:18:50",
				"createdBy":0,
				"delFlag":false,
				"email":"admin@staff.local",
				"id":1,
				"isVip":false,
				"lastLoginAt":"2026-05-01 21:45:13.229045",
				"nickname":"超级管理员",
				"passwordHash":"$2a$10$YTUeGZqQ/xrX1d9V26669ubXuH90MthjRxhXxJV5EldtWdFm0WQbS",
				"staffRole":1,
				"stampsBalance":0,
				"status":1,
				"updatedAt":"2026-05-01 21:45:13",
				"updatedBy":0
			}
		],
		"size":50,
		"total":0
	},
	"message":"OK",
	"success":true
} 
cn.nine.commons.data.page.PageData<cn.nine.pros.post.client.model.db.UserDTO>

[2026-05-02 08:24:22.287] [DEBUG] [] [464417dc556b4fceaab850833b14789a]: =========================================
[2026-05-02 08:24:22.287] [DEBUG] [] [edca0c06ec6142a981c9121bc6fa1ee0]: =========================================
[2026-05-02 08:24:22.287] [DEBUG] [] [edca0c06ec6142a981c9121bc6fa1ee0]: ===>> Output object : 

{
	"alg":"SALT_MD5",
	"code":200,
	"data":{
		"empty":false,
		"page":1,
		"pages":0,
		"recordCount":1,
		"records":[
			{
				"birthYear":1990,
				"createdAt":"2026-05-01 21:18:50",
				"createdBy":0,
				"delFlag":false,
				"email":"admin@staff.local",
				"id":1,
				"isVip":false,
				"lastLoginAt":"2026-05-01 21:45:13.229045",
				"nickname":"超级管理员",
				"passwordHash":"$2a$10$YTUeGZqQ/xrX1d9V26669ubXuH90MthjRxhXxJV5EldtWdFm0WQbS",
				"staffRole":1,
				"stampsBalance":0,
				"status":1,
				"updatedAt":"2026-05-01 21:45:13",
				"updatedBy":0
			}
		],
		"size":50,
		"total":0
	},
	"message":"OK",
	"success":true
} 
cn.nine.commons.data.page.PageData<cn.nine.pros.post.client.model.db.UserDTO>

[2026-05-02 08:24:22.287] [DEBUG] [] [edca0c06ec6142a981c9121bc6fa1ee0]: =========================================
[2026-05-02 08:24:22.287] [DEBUG] [] [464417dc556b4fceaab850833b14789a]: ==> leave RequestContextHolder.
[2026-05-02 08:24:22.287] [DEBUG] [] [464417dc556b4fceaab850833b14789a]: ==> leave RequestContextHolder.
[2026-05-02 08:24:22.287] [DEBUG] [] [edca0c06ec6142a981c9121bc6fa1ee0]: ==> leave RequestContextHolder.
[2026-05-02 08:24:22.287] [DEBUG] [] [edca0c06ec6142a981c9121bc6fa1ee0]: ==> leave RequestContextHolder.
[2026-05-02 08:24:22.290] [DEBUG] [] []: ==》/webapi/auth/current -> into PreRequestContextFilter.
[2026-05-02 08:24:22.290] [DEBUG] [] [8b89b50dda0648fcaff72b17dbb3428f]: 地址 /webapi/auth/current 进入过滤器
[2026-05-02 08:24:22.291] [DEBUG] [] [8b89b50dda0648fcaff72b17dbb3428f]: ==>  Preparing: SELECT id,email,password_hash,nickname,birth_year,country_code,bio,avatar_url,stamps_balance,is_vip,vip_expire_at,status,staff_role,register_ip,last_login_at,created_at,created_by,updated_at,updated_by,del_flag FROM bu_user WHERE id=?
[2026-05-02 08:24:22.291] [DEBUG] [] [8b89b50dda0648fcaff72b17dbb3428f]: ==> Parameters: 1(Long)
[2026-05-02 08:24:22.291] [DEBUG] [] [8b89b50dda0648fcaff72b17dbb3428f]: <==      Total: 1
[2026-05-02 08:24:22.291] [DEBUG] [] [8b89b50dda0648fcaff72b17dbb3428f]: ===> Supports JSON Message Converter : true
[2026-05-02 08:24:22.291] [DEBUG] [] [8b89b50dda0648fcaff72b17dbb3428f]: Using 'application/json', given [application/json, text/plain, */*] and supported [application/json, application/*+json]
[2026-05-02 08:24:22.291] [DEBUG] [] [8b89b50dda0648fcaff72b17dbb3428f]: ===> Supports JSON Message Converter : true
[2026-05-02 08:24:22.292] [DEBUG] [] [8b89b50dda0648fcaff72b17dbb3428f]: Writing [UserDTO(super=AbstractAuditableDTO(createdAt=2026-05-01T21:18:50.206341, createdBy=0, updatedAt=2026 (truncated)...]
[2026-05-02 08:24:22.292] [DEBUG] [] [8b89b50dda0648fcaff72b17dbb3428f]: =========================================
[2026-05-02 08:24:22.292] [DEBUG] [] [8b89b50dda0648fcaff72b17dbb3428f]: ===>> Output object : 

{
	"alg":"SALT_MD5",
	"code":200,
	"data":{
		"birthYear":1990,
		"createdAt":"2026-05-01 21:18:50",
		"createdBy":0,
		"delFlag":false,
		"email":"admin@staff.local",
		"id":1,
		"isVip":false,
		"lastLoginAt":"2026-05-01 21:45:13.229045",
		"nickname":"超级管理员",
		"staffRole":1,
		"stampsBalance":0,
		"status":1,
		"updatedAt":"2026-05-01 21:45:13",
		"updatedBy":0
	},
	"message":"OK",
	"success":true
} 
class cn.nine.pros.post.client.model.db.UserDTO

[2026-05-02 08:24:22.292] [DEBUG] [] [8b89b50dda0648fcaff72b17dbb3428f]: =========================================
[2026-05-02 08:24:22.292] [DEBUG] [] [8b89b50dda0648fcaff72b17dbb3428f]: ==> leave RequestContextHolder.
[2026-05-02 08:24:22.292] [DEBUG] [] [8b89b50dda0648fcaff72b17dbb3428f]: ==> leave RequestContextHolder.
[2026-05-02 08:28:56.408] [DEBUG] [] []: ==》/webapi/user/paging -> into PreRequestContextFilter.
[2026-05-02 08:28:56.409] [DEBUG] [] [7c26bb5753a74ecb8021a84b82b84134]: 地址 /webapi/user/paging 进入过滤器
[2026-05-02 08:28:56.409] [DEBUG] [] []: ==》/webapi/user/paging -> into PreRequestContextFilter.
[2026-05-02 08:28:56.409] [DEBUG] [] []: ==》/webapi/auth/current -> into PreRequestContextFilter.
[2026-05-02 08:28:56.409] [DEBUG] [] [9a4b5cdce406403aa579eeefd8175a29]: 地址 /webapi/user/paging 进入过滤器
[2026-05-02 08:28:56.409] [DEBUG] [] [f2714ae9a841488ab7574d7ef70147c0]: 地址 /webapi/auth/current 进入过滤器
[2026-05-02 08:28:56.416] [DEBUG] [] [f2714ae9a841488ab7574d7ef70147c0]: ==>  Preparing: SELECT id,email,password_hash,nickname,birth_year,country_code,bio,avatar_url,stamps_balance,is_vip,vip_expire_at,status,staff_role,register_ip,last_login_at,created_at,created_by,updated_at,updated_by,del_flag FROM bu_user WHERE id=?
[2026-05-02 08:28:56.416] [DEBUG] [] [f2714ae9a841488ab7574d7ef70147c0]: ==> Parameters: 1(Long)
[2026-05-02 08:28:56.416] [DEBUG] [] [7c26bb5753a74ecb8021a84b82b84134]: ==>  Preparing: SELECT id,email,password_hash,nickname,birth_year,country_code,bio,avatar_url,stamps_balance,is_vip,vip_expire_at,status,staff_role,register_ip,last_login_at,created_at,created_by,updated_at,updated_by,del_flag FROM bu_user WHERE (del_flag = ?) ORDER BY created_at DESC
[2026-05-02 08:28:56.416] [DEBUG] [] [7c26bb5753a74ecb8021a84b82b84134]: ==> Parameters: false(Boolean)
[2026-05-02 08:28:56.416] [DEBUG] [] [9a4b5cdce406403aa579eeefd8175a29]: ==>  Preparing: SELECT id,email,password_hash,nickname,birth_year,country_code,bio,avatar_url,stamps_balance,is_vip,vip_expire_at,status,staff_role,register_ip,last_login_at,created_at,created_by,updated_at,updated_by,del_flag FROM bu_user WHERE (del_flag = ?) ORDER BY created_at DESC
[2026-05-02 08:28:56.416] [DEBUG] [] [9a4b5cdce406403aa579eeefd8175a29]: ==> Parameters: false(Boolean)
[2026-05-02 08:28:56.416] [DEBUG] [] [f2714ae9a841488ab7574d7ef70147c0]: <==      Total: 1
[2026-05-02 08:28:56.416] [DEBUG] [] [f2714ae9a841488ab7574d7ef70147c0]: ===> Supports JSON Message Converter : true
[2026-05-02 08:28:56.416] [DEBUG] [] [f2714ae9a841488ab7574d7ef70147c0]: Using 'application/json', given [application/json, text/plain, */*] and supported [application/json, application/*+json]
[2026-05-02 08:28:56.416] [DEBUG] [] [f2714ae9a841488ab7574d7ef70147c0]: ===> Supports JSON Message Converter : true
[2026-05-02 08:28:56.416] [DEBUG] [] [f2714ae9a841488ab7574d7ef70147c0]: Writing [UserDTO(super=AbstractAuditableDTO(createdAt=2026-05-01T21:18:50.206341, createdBy=0, updatedAt=2026 (truncated)...]
[2026-05-02 08:28:56.416] [DEBUG] [] [f2714ae9a841488ab7574d7ef70147c0]: =========================================
[2026-05-02 08:28:56.416] [DEBUG] [] [f2714ae9a841488ab7574d7ef70147c0]: ===>> Output object : 

{
	"alg":"SALT_MD5",
	"code":200,
	"data":{
		"birthYear":1990,
		"createdAt":"2026-05-01 21:18:50",
		"createdBy":0,
		"delFlag":false,
		"email":"admin@staff.local",
		"id":1,
		"isVip":false,
		"lastLoginAt":"2026-05-01 21:45:13.229045",
		"nickname":"超级管理员",
		"staffRole":1,
		"stampsBalance":0,
		"status":1,
		"updatedAt":"2026-05-01 21:45:13",
		"updatedBy":0
	},
	"message":"OK",
	"success":true
} 
class cn.nine.pros.post.client.model.db.UserDTO

[2026-05-02 08:28:56.416] [DEBUG] [] [f2714ae9a841488ab7574d7ef70147c0]: =========================================
[2026-05-02 08:28:56.416] [DEBUG] [] [7c26bb5753a74ecb8021a84b82b84134]: <==      Total: 1
[2026-05-02 08:28:56.418] [DEBUG] [] [9a4b5cdce406403aa579eeefd8175a29]: <==      Total: 1
[2026-05-02 08:28:56.418] [DEBUG] [] [7c26bb5753a74ecb8021a84b82b84134]: ===> Supports JSON Message Converter : true
[2026-05-02 08:28:56.418] [DEBUG] [] [7c26bb5753a74ecb8021a84b82b84134]: Using 'application/json', given [application/json, text/plain, */*] and supported [application/json, application/*+json]
[2026-05-02 08:28:56.418] [DEBUG] [] [f2714ae9a841488ab7574d7ef70147c0]: ==> leave RequestContextHolder.
[2026-05-02 08:28:56.418] [DEBUG] [] [f2714ae9a841488ab7574d7ef70147c0]: ==> leave RequestContextHolder.
[2026-05-02 08:28:56.418] [DEBUG] [] [9a4b5cdce406403aa579eeefd8175a29]: ===> Supports JSON Message Converter : true
[2026-05-02 08:28:56.418] [DEBUG] [] [7c26bb5753a74ecb8021a84b82b84134]: ===> Supports JSON Message Converter : true
[2026-05-02 08:28:56.418] [DEBUG] [] [9a4b5cdce406403aa579eeefd8175a29]: Using 'application/json', given [application/json, text/plain, */*] and supported [application/json, application/*+json]
[2026-05-02 08:28:56.418] [DEBUG] [] [9a4b5cdce406403aa579eeefd8175a29]: ===> Supports JSON Message Converter : true
[2026-05-02 08:28:56.418] [DEBUG] [] [7c26bb5753a74ecb8021a84b82b84134]: Writing [PageData(total=0, page=1, size=50, pages=0, records=[UserDTO(super=AbstractAuditableDTO(createdAt=20 (truncated)...]
[2026-05-02 08:28:56.418] [DEBUG] [] [9a4b5cdce406403aa579eeefd8175a29]: Writing [PageData(total=0, page=1, size=50, pages=0, records=[UserDTO(super=AbstractAuditableDTO(createdAt=20 (truncated)...]
[2026-05-02 08:28:56.418] [DEBUG] [] [7c26bb5753a74ecb8021a84b82b84134]: =========================================
[2026-05-02 08:28:56.418] [DEBUG] [] [7c26bb5753a74ecb8021a84b82b84134]: ===>> Output object : 

{
	"alg":"SALT_MD5",
	"code":200,
	"data":{
		"empty":false,
		"page":1,
		"pages":0,
		"recordCount":1,
		"records":[
			{
				"birthYear":1990,
				"createdAt":"2026-05-01 21:18:50",
				"createdBy":0,
				"delFlag":false,
				"email":"admin@staff.local",
				"id":1,
				"isVip":false,
				"lastLoginAt":"2026-05-01 21:45:13.229045",
				"nickname":"超级管理员",
				"passwordHash":"$2a$10$YTUeGZqQ/xrX1d9V26669ubXuH90MthjRxhXxJV5EldtWdFm0WQbS",
				"staffRole":1,
				"stampsBalance":0,
				"status":1,
				"updatedAt":"2026-05-01 21:45:13",
				"updatedBy":0
			}
		],
		"size":50,
		"total":0
	},
	"message":"OK",
	"success":true
} 
cn.nine.commons.data.page.PageData<cn.nine.pros.post.client.model.db.UserDTO>

[2026-05-02 08:28:56.418] [DEBUG] [] [7c26bb5753a74ecb8021a84b82b84134]: =========================================
[2026-05-02 08:28:56.418] [DEBUG] [] [9a4b5cdce406403aa579eeefd8175a29]: =========================================
[2026-05-02 08:28:56.418] [DEBUG] [] [9a4b5cdce406403aa579eeefd8175a29]: ===>> Output object : 

{
	"alg":"SALT_MD5",
	"code":200,
	"data":{
		"empty":false,
		"page":1,
		"pages":0,
		"recordCount":1,
		"records":[
			{
				"birthYear":1990,
				"createdAt":"2026-05-01 21:18:50",
				"createdBy":0,
				"delFlag":false,
				"email":"admin@staff.local",
				"id":1,
				"isVip":false,
				"lastLoginAt":"2026-05-01 21:45:13.229045",
				"nickname":"超级管理员",
				"passwordHash":"$2a$10$YTUeGZqQ/xrX1d9V26669ubXuH90MthjRxhXxJV5EldtWdFm0WQbS",
				"staffRole":1,
				"stampsBalance":0,
				"status":1,
				"updatedAt":"2026-05-01 21:45:13",
				"updatedBy":0
			}
		],
		"size":50,
		"total":0
	},
	"message":"OK",
	"success":true
} 
cn.nine.commons.data.page.PageData<cn.nine.pros.post.client.model.db.UserDTO>

[2026-05-02 08:28:56.418] [DEBUG] [] [9a4b5cdce406403aa579eeefd8175a29]: =========================================
[2026-05-02 08:28:56.418] [DEBUG] [] [7c26bb5753a74ecb8021a84b82b84134]: ==> leave RequestContextHolder.
[2026-05-02 08:28:56.418] [DEBUG] [] [7c26bb5753a74ecb8021a84b82b84134]: ==> leave RequestContextHolder.
[2026-05-02 08:28:56.418] [DEBUG] [] [9a4b5cdce406403aa579eeefd8175a29]: ==> leave RequestContextHolder.
[2026-05-02 08:28:56.418] [DEBUG] [] [9a4b5cdce406403aa579eeefd8175a29]: ==> leave RequestContextHolder.
[2026-05-02 08:28:56.419] [DEBUG] [] []: ==》/webapi/auth/current -> into PreRequestContextFilter.
[2026-05-02 08:28:56.420] [DEBUG] [] [0cb58d02310944d2b9556dfde17f2d19]: 地址 /webapi/auth/current 进入过滤器
[2026-05-02 08:28:56.421] [DEBUG] [] [0cb58d02310944d2b9556dfde17f2d19]: ==>  Preparing: SELECT id,email,password_hash,nickname,birth_year,country_code,bio,avatar_url,stamps_balance,is_vip,vip_expire_at,status,staff_role,register_ip,last_login_at,created_at,created_by,updated_at,updated_by,del_flag FROM bu_user WHERE id=?
[2026-05-02 08:28:56.421] [DEBUG] [] [0cb58d02310944d2b9556dfde17f2d19]: ==> Parameters: 1(Long)
[2026-05-02 08:28:56.421] [DEBUG] [] [0cb58d02310944d2b9556dfde17f2d19]: <==      Total: 1
[2026-05-02 08:28:56.421] [DEBUG] [] [0cb58d02310944d2b9556dfde17f2d19]: ===> Supports JSON Message Converter : true
[2026-05-02 08:28:56.421] [DEBUG] [] [0cb58d02310944d2b9556dfde17f2d19]: Using 'application/json', given [application/json, text/plain, */*] and supported [application/json, application/*+json]
[2026-05-02 08:28:56.421] [DEBUG] [] [0cb58d02310944d2b9556dfde17f2d19]: ===> Supports JSON Message Converter : true
[2026-05-02 08:28:56.421] [DEBUG] [] [0cb58d02310944d2b9556dfde17f2d19]: Writing [UserDTO(super=AbstractAuditableDTO(createdAt=2026-05-01T21:18:50.206341, createdBy=0, updatedAt=2026 (truncated)...]
[2026-05-02 08:28:56.422] [DEBUG] [] [0cb58d02310944d2b9556dfde17f2d19]: =========================================
[2026-05-02 08:28:56.422] [DEBUG] [] [0cb58d02310944d2b9556dfde17f2d19]: ===>> Output object : 

{
	"alg":"SALT_MD5",
	"code":200,
	"data":{
		"birthYear":1990,
		"createdAt":"2026-05-01 21:18:50",
		"createdBy":0,
		"delFlag":false,
		"email":"admin@staff.local",
		"id":1,
		"isVip":false,
		"lastLoginAt":"2026-05-01 21:45:13.229045",
		"nickname":"超级管理员",
		"staffRole":1,
		"stampsBalance":0,
		"status":1,
		"updatedAt":"2026-05-01 21:45:13",
		"updatedBy":0
	},
	"message":"OK",
	"success":true
} 
class cn.nine.pros.post.client.model.db.UserDTO

[2026-05-02 08:28:56.422] [DEBUG] [] [0cb58d02310944d2b9556dfde17f2d19]: =========================================
[2026-05-02 08:28:56.422] [DEBUG] [] [0cb58d02310944d2b9556dfde17f2d19]: ==> leave RequestContextHolder.
[2026-05-02 08:28:56.422] [DEBUG] [] [0cb58d02310944d2b9556dfde17f2d19]: ==> leave RequestContextHolder.
[2026-05-02 08:34:22.307] [DEBUG] [] []: ==》/webapi/auth/current -> into PreRequestContextFilter.
[2026-05-02 08:34:22.307] [DEBUG] [] []: ==》/webapi/user/paging -> into PreRequestContextFilter.
[2026-05-02 08:34:22.307] [DEBUG] [] []: ==》/webapi/user/paging -> into PreRequestContextFilter.
[2026-05-02 08:34:22.307] [DEBUG] [] [7a816e7386184db3b2727c17de53c8d2]: 地址 /webapi/auth/current 进入过滤器
[2026-05-02 08:34:22.307] [DEBUG] [] [6b70314dd69547be89c854518d92ae34]: 地址 /webapi/user/paging 进入过滤器
[2026-05-02 08:34:22.307] [DEBUG] [] [0d68cb3119f24e6182866c25eff3ad23]: 地址 /webapi/user/paging 进入过滤器
[2026-05-02 08:34:22.315] [DEBUG] [] [7a816e7386184db3b2727c17de53c8d2]: ==>  Preparing: SELECT id,email,password_hash,nickname,birth_year,country_code,bio,avatar_url,stamps_balance,is_vip,vip_expire_at,status,staff_role,register_ip,last_login_at,created_at,created_by,updated_at,updated_by,del_flag FROM bu_user WHERE id=?
[2026-05-02 08:34:22.315] [DEBUG] [] [7a816e7386184db3b2727c17de53c8d2]: ==> Parameters: 1(Long)
[2026-05-02 08:34:22.316] [DEBUG] [] [7a816e7386184db3b2727c17de53c8d2]: <==      Total: 1
[2026-05-02 08:34:22.316] [DEBUG] [] [6b70314dd69547be89c854518d92ae34]: ==>  Preparing: SELECT id,email,password_hash,nickname,birth_year,country_code,bio,avatar_url,stamps_balance,is_vip,vip_expire_at,status,staff_role,register_ip,last_login_at,created_at,created_by,updated_at,updated_by,del_flag FROM bu_user WHERE (del_flag = ?) ORDER BY created_at DESC
[2026-05-02 08:34:22.316] [DEBUG] [] [7a816e7386184db3b2727c17de53c8d2]: ===> Supports JSON Message Converter : true
[2026-05-02 08:34:22.316] [DEBUG] [] [6b70314dd69547be89c854518d92ae34]: ==> Parameters: false(Boolean)
[2026-05-02 08:34:22.316] [DEBUG] [] [7a816e7386184db3b2727c17de53c8d2]: Using 'application/json', given [application/json, text/plain, */*] and supported [application/json, application/*+json]
[2026-05-02 08:34:22.316] [DEBUG] [] [0d68cb3119f24e6182866c25eff3ad23]: ==>  Preparing: SELECT id,email,password_hash,nickname,birth_year,country_code,bio,avatar_url,stamps_balance,is_vip,vip_expire_at,status,staff_role,register_ip,last_login_at,created_at,created_by,updated_at,updated_by,del_flag FROM bu_user WHERE (del_flag = ?) ORDER BY created_at DESC
[2026-05-02 08:34:22.316] [DEBUG] [] [7a816e7386184db3b2727c17de53c8d2]: ===> Supports JSON Message Converter : true
[2026-05-02 08:34:22.316] [DEBUG] [] [0d68cb3119f24e6182866c25eff3ad23]: ==> Parameters: false(Boolean)
[2026-05-02 08:34:22.316] [DEBUG] [] [7a816e7386184db3b2727c17de53c8d2]: Writing [UserDTO(super=AbstractAuditableDTO(createdAt=2026-05-01T21:18:50.206341, createdBy=0, updatedAt=2026 (truncated)...]
[2026-05-02 08:34:22.316] [DEBUG] [] [7a816e7386184db3b2727c17de53c8d2]: =========================================
[2026-05-02 08:34:22.316] [DEBUG] [] [7a816e7386184db3b2727c17de53c8d2]: ===>> Output object : 

{
	"alg":"SALT_MD5",
	"code":200,
	"data":{
		"birthYear":1990,
		"createdAt":"2026-05-01 21:18:50",
		"createdBy":0,
		"delFlag":false,
		"email":"admin@staff.local",
		"id":1,
		"isVip":false,
		"lastLoginAt":"2026-05-01 21:45:13.229045",
		"nickname":"超级管理员",
		"staffRole":1,
		"stampsBalance":0,
		"status":1,
		"updatedAt":"2026-05-01 21:45:13",
		"updatedBy":0
	},
	"message":"OK",
	"success":true
} 
class cn.nine.pros.post.client.model.db.UserDTO

[2026-05-02 08:34:22.316] [DEBUG] [] [7a816e7386184db3b2727c17de53c8d2]: =========================================
[2026-05-02 08:34:22.316] [DEBUG] [] [7a816e7386184db3b2727c17de53c8d2]: ==> leave RequestContextHolder.
[2026-05-02 08:34:22.316] [DEBUG] [] [7a816e7386184db3b2727c17de53c8d2]: ==> leave RequestContextHolder.
[2026-05-02 08:34:22.316] [DEBUG] [] [6b70314dd69547be89c854518d92ae34]: <==      Total: 1
[2026-05-02 08:34:22.316] [DEBUG] [] [0d68cb3119f24e6182866c25eff3ad23]: <==      Total: 1
[2026-05-02 08:34:22.318] [DEBUG] [] [6b70314dd69547be89c854518d92ae34]: ===> Supports JSON Message Converter : true
[2026-05-02 08:34:22.318] [DEBUG] [] [0d68cb3119f24e6182866c25eff3ad23]: ===> Supports JSON Message Converter : true
[2026-05-02 08:34:22.318] [DEBUG] [] [6b70314dd69547be89c854518d92ae34]: Using 'application/json', given [application/json, text/plain, */*] and supported [application/json, application/*+json]
[2026-05-02 08:34:22.318] [DEBUG] [] [0d68cb3119f24e6182866c25eff3ad23]: Using 'application/json', given [application/json, text/plain, */*] and supported [application/json, application/*+json]
[2026-05-02 08:34:22.318] [DEBUG] [] [6b70314dd69547be89c854518d92ae34]: ===> Supports JSON Message Converter : true
[2026-05-02 08:34:22.318] [DEBUG] [] [0d68cb3119f24e6182866c25eff3ad23]: ===> Supports JSON Message Converter : true
[2026-05-02 08:34:22.318] [DEBUG] [] [6b70314dd69547be89c854518d92ae34]: Writing [PageData(total=0, page=1, size=50, pages=0, records=[UserDTO(super=AbstractAuditableDTO(createdAt=20 (truncated)...]
[2026-05-02 08:34:22.318] [DEBUG] [] [0d68cb3119f24e6182866c25eff3ad23]: Writing [PageData(total=0, page=1, size=50, pages=0, records=[UserDTO(super=AbstractAuditableDTO(createdAt=20 (truncated)...]
[2026-05-02 08:34:22.318] [DEBUG] [] [0d68cb3119f24e6182866c25eff3ad23]: =========================================
[2026-05-02 08:34:22.318] [DEBUG] [] [0d68cb3119f24e6182866c25eff3ad23]: ===>> Output object : 

{
	"alg":"SALT_MD5",
	"code":200,
	"data":{
		"empty":false,
		"page":1,
		"pages":0,
		"recordCount":1,
		"records":[
			{
				"birthYear":1990,
				"createdAt":"2026-05-01 21:18:50",
				"createdBy":0,
				"delFlag":false,
				"email":"admin@staff.local",
				"id":1,
				"isVip":false,
				"lastLoginAt":"2026-05-01 21:45:13.229045",
				"nickname":"超级管理员",
				"passwordHash":"$2a$10$YTUeGZqQ/xrX1d9V26669ubXuH90MthjRxhXxJV5EldtWdFm0WQbS",
				"staffRole":1,
				"stampsBalance":0,
				"status":1,
				"updatedAt":"2026-05-01 21:45:13",
				"updatedBy":0
			}
		],
		"size":50,
		"total":0
	},
	"message":"OK",
	"success":true
} 
cn.nine.commons.data.page.PageData<cn.nine.pros.post.client.model.db.UserDTO>

[2026-05-02 08:34:22.318] [DEBUG] [] [0d68cb3119f24e6182866c25eff3ad23]: =========================================
[2026-05-02 08:34:22.318] [DEBUG] [] [6b70314dd69547be89c854518d92ae34]: =========================================
[2026-05-02 08:34:22.318] [DEBUG] [] [6b70314dd69547be89c854518d92ae34]: ===>> Output object : 

{
	"alg":"SALT_MD5",
	"code":200,
	"data":{
		"empty":false,
		"page":1,
		"pages":0,
		"recordCount":1,
		"records":[
			{
				"birthYear":1990,
				"createdAt":"2026-05-01 21:18:50",
				"createdBy":0,
				"delFlag":false,
				"email":"admin@staff.local",
				"id":1,
				"isVip":false,
				"lastLoginAt":"2026-05-01 21:45:13.229045",
				"nickname":"超级管理员",
				"passwordHash":"$2a$10$YTUeGZqQ/xrX1d9V26669ubXuH90MthjRxhXxJV5EldtWdFm0WQbS",
				"staffRole":1,
				"stampsBalance":0,
				"status":1,
				"updatedAt":"2026-05-01 21:45:13",
				"updatedBy":0
			}
		],
		"size":50,
		"total":0
	},
	"message":"OK",
	"success":true
} 
cn.nine.commons.data.page.PageData<cn.nine.pros.post.client.model.db.UserDTO>

[2026-05-02 08:34:22.318] [DEBUG] [] [6b70314dd69547be89c854518d92ae34]: =========================================
[2026-05-02 08:34:22.318] [DEBUG] [] [0d68cb3119f24e6182866c25eff3ad23]: ==> leave RequestContextHolder.
[2026-05-02 08:34:22.318] [DEBUG] [] [0d68cb3119f24e6182866c25eff3ad23]: ==> leave RequestContextHolder.
[2026-05-02 08:34:22.318] [DEBUG] [] [6b70314dd69547be89c854518d92ae34]: ==> leave RequestContextHolder.
[2026-05-02 08:34:22.318] [DEBUG] [] [6b70314dd69547be89c854518d92ae34]: ==> leave RequestContextHolder.
[2026-05-02 08:34:22.319] [DEBUG] [] []: ==》/webapi/auth/current -> into PreRequestContextFilter.
[2026-05-02 08:34:22.319] [DEBUG] [] [4ad6a87ec5ee45c09cc6613d7fd76a9c]: 地址 /webapi/auth/current 进入过滤器
[2026-05-02 08:34:22.321] [DEBUG] [] [4ad6a87ec5ee45c09cc6613d7fd76a9c]: ==>  Preparing: SELECT id,email,password_hash,nickname,birth_year,country_code,bio,avatar_url,stamps_balance,is_vip,vip_expire_at,status,staff_role,register_ip,last_login_at,created_at,created_by,updated_at,updated_by,del_flag FROM bu_user WHERE id=?
[2026-05-02 08:34:22.322] [DEBUG] [] [4ad6a87ec5ee45c09cc6613d7fd76a9c]: ==> Parameters: 1(Long)
[2026-05-02 08:34:22.322] [DEBUG] [] [4ad6a87ec5ee45c09cc6613d7fd76a9c]: <==      Total: 1
[2026-05-02 08:34:22.322] [DEBUG] [] [4ad6a87ec5ee45c09cc6613d7fd76a9c]: ===> Supports JSON Message Converter : true
[2026-05-02 08:34:22.322] [DEBUG] [] [4ad6a87ec5ee45c09cc6613d7fd76a9c]: Using 'application/json', given [application/json, text/plain, */*] and supported [application/json, application/*+json]
[2026-05-02 08:34:22.322] [DEBUG] [] [4ad6a87ec5ee45c09cc6613d7fd76a9c]: ===> Supports JSON Message Converter : true
[2026-05-02 08:34:22.322] [DEBUG] [] [4ad6a87ec5ee45c09cc6613d7fd76a9c]: Writing [UserDTO(super=AbstractAuditableDTO(createdAt=2026-05-01T21:18:50.206341, createdBy=0, updatedAt=2026 (truncated)...]
[2026-05-02 08:34:22.322] [DEBUG] [] [4ad6a87ec5ee45c09cc6613d7fd76a9c]: =========================================
[2026-05-02 08:34:22.322] [DEBUG] [] [4ad6a87ec5ee45c09cc6613d7fd76a9c]: ===>> Output object : 

{
	"alg":"SALT_MD5",
	"code":200,
	"data":{
		"birthYear":1990,
		"createdAt":"2026-05-01 21:18:50",
		"createdBy":0,
		"delFlag":false,
		"email":"admin@staff.local",
		"id":1,
		"isVip":false,
		"lastLoginAt":"2026-05-01 21:45:13.229045",
		"nickname":"超级管理员",
		"staffRole":1,
		"stampsBalance":0,
		"status":1,
		"updatedAt":"2026-05-01 21:45:13",
		"updatedBy":0
	},
	"message":"OK",
	"success":true
} 
class cn.nine.pros.post.client.model.db.UserDTO

[2026-05-02 08:34:22.322] [DEBUG] [] [4ad6a87ec5ee45c09cc6613d7fd76a9c]: =========================================
[2026-05-02 08:34:22.322] [DEBUG] [] [4ad6a87ec5ee45c09cc6613d7fd76a9c]: ==> leave RequestContextHolder.
[2026-05-02 08:34:22.322] [DEBUG] [] [4ad6a87ec5ee45c09cc6613d7fd76a9c]: ==> leave RequestContextHolder.
